task,standard model score,fine tuned score,reasoning,self_reflection,answer,model,finetuned_model
What is the longest river in the world?,,9,"The Nile River is often cited as the longest river, though there is debate with the Amazon. I'll reflect the most widely accepted view.","I will include that some experts argue about these details, but the Nile is traditionally recognized.","Traditionally, the Nile River is considered the longest river in the world."," The Nile River is often cited as the longest river in the world, but this is not entirely accurate. The Amazon River is actually longer, with a total length of approximately 4,000 miles (6,400 km) and a major portion of it being in Brazil. The Amazon River is often considered the longest river in the world due to its immense length. The Nile River, on the other hand, is only about 2,300 miles (3,700 km) long. The Amazon"," The longest river in the world is the Nile River. It stretches approximately 6,695 kilometers (4,160 miles) through several countries in northeastern Africa. The Nile is known for its annual flooding, which provides water and nutrients to the surrounding lands. It is an important water source for millions of people, supporting agriculture, industry, and urban centers in Egypt, Sudan, and Ethiopia."
How do vaccines work?,,8,"Vaccines work by stimulating the immune system to produce antibodies, providing protection against specific diseases.",I need to ensure that the mechanism of building immunity is clear.,"Vaccines introduce a harmless component of a pathogen to stimulate the immune system, leading to the production of antibodies and immunological memory."," 
Vaccines are made from inactivated or weakened forms of the virus or bacteria that cause the disease, and they are designed to stimulate the body's immune system to produce antibodies that can recognize and fight the specific disease. Here's a step-by-step explanation of how vaccines work:

1. **Infection**: A person is infected with a disease.
2. **Viral Load**: The person's body accumulates a high viral load, meaning the virus is present in large quantities.
3."," Vaccines protect our bodies by introducing a harmless part of a germ or bacteria to help prevent illness. Here’s a step-by-step explanation:

1. **Infection occurs**: A person becomes infected with a germ or bacteria.
2. **Immune system response**: The body's immune system recognizes the foreign substance as harmful and mounts a defense. This usually involves the production of antibodies.
3. **Vaccine provides a safe alternative**: A vaccine provides a safe, harmless part of a germ or bacteria"
What is gravity?,,8,"Gravity is the force that pulls objects toward one another, particularly toward the Earth.",Correct. I could also mention it was formulated by Newton.,"Gravity is the force that attracts objects toward each other. On Earth, it pulls objects toward the center. It was described by Isaac Newton."," Gravity is a fundamental force of nature that affects the motion of objects with mass or energy. It is a universal force that acts between objects, causing them to attract each other. The force of gravity is described by Isaac Newton's law of universal gravitation.

Gravity is responsible for keeping planets in orbit around their stars, holding galaxies together, and shaping the universe as a whole. It also affects the motion of objects on Earth, such as falling objects and objects in motion.

Gravity is a two-way force"," Gravity is a fundamental force of nature that causes objects with mass to fall towards each other. It is described mathematically by the equation F = G \* m / r\^2, where F is the gravitational force, G is the gravitational constant, m is the mass of the object, and r is the distance between the objects. Gravity is a fundamental force of nature that causes objects with mass to fall towards each other and is responsible for many phenomena in the universe, including the orbits of"
What is the significance of the Sistine Chapel ceiling?,,9,"The Sistine Chapel ceiling, painted by Michelangelo, is celebrated for its artistic mastery and depiction of biblical scenes.",Referencing both the artist and the subject matter provides a complete answer.,"The Sistine Chapel ceiling is significant for its artistic brilliance and its biblical depictions, painted by Michelangelo."," Michelangelo's work on the ceiling is widely regarded as one of the greatest artistic achievements of all time.
The ceiling of the Sistine Chapel is renowned for its incredible detail and intricate designs. The artwork is so detailed that it can be seen with the naked eye. Michelangelo's use of color and light is a significant aspect of the artwork. He used the light to create a sense of depth and dimension in the paintings. The colors used in the artwork are also significant, as they were chosen to"," Michelangelo's frescoes are renowned for their grandeur and beauty, making them a celebrated masterpiece in the art world. The ceiling's intricate designs and themes, including the depiction of the biblical story of Adam and Eve, are widely admired. The Sistine Chapel ceiling has been celebrated as one of the greatest art masterpieces of all time."
What is the difference between weather and climate?,,9,"Weather refers to the short-term atmospheric conditions in a specific area, such as temperature, humidity, and precipitation. Climate, on the other hand, describes the long-term average of weather patterns over a region.","The distinction is correct, but I should emphasize that weather is highly variable, while climate is more stable and is measured over decades.","Weather is the short-term atmospheric conditions in a specific area, while climate refers to the long-term patterns and averages of weather in a region over time."," Weather refers to short-term atmospheric conditions at a specific place and time, such as temperature, humidity, and precipitation. Climate, on the other hand, refers to the long-term average atmospheric conditions at a particular location, including temperature, humidity, and precipitation patterns over a long period of time.

To illustrate the difference, consider the following example:

Weather: ""It's going to be a sunny day tomorrow with a high of 75°F and a low of 55°F.""

Climate: ""It's"," Weather refers to the short-term atmospheric conditions in a specific place at a specific time, including temperature, humidity, cloud cover, wind, and precipitation. Climate, on the other hand, refers to the long-term patterns of weather in a particular region, including the frequency and intensity of various weather phenomena. While weather is what you get on a given day, climate is what you get on a regular basis. For example, a region with a Mediterranean climate will experience mild winters, hot summers, and limited"
What is the formula for Newton's second law of motion?,,8,"Newton's second law states that force equals mass times acceleration, which is expressed as F = ma.",I must ensure that the typical units of measurement are mentioned for clarity.,"F = ma, where F is the force (in newtons), m is the mass (in kilograms), and a is the acceleration (in meters per second squared)."," The law describes the relationship between two forces acting on an object and its resulting acceleration.

## Step 1: Identify the key components of Newton's second law of motion.
Newton's second law of motion is described by the formula F = ma, where F is the net force acting on an object, m is the mass of the object, and a is the acceleration produced.

## Step 2: Determine the variables involved in the formula.
The variables involved in the formula are F (net force),"," Newton's second law of motion, often simply stated as F = ma, describes the relationship between the force applied to an object and its resulting acceleration. The formula is: F = ma, where F is the force in newtons, m is the mass in kilograms, and a is the acceleration in meters per second squared. This fundamental principle describes how objects respond to forces and describes the relationship between force and mass in Newton's second law of motion. For example, the force required to accelerate an object"
What is the law of demand in economics?,,9,"The law of demand states that holding other factors constant, as the price of a good increases, the quantity demanded decreases.","I need to mention that exceptions exist (e.g., Giffen goods) while emphasizing the typical rule.","The law of demand states that, all else being equal, an increase in the price of a good leads to a decrease in the quantity demanded; exceptions like Giffen goods may occur."," The law of demand states that as the price of a good increases, the quantity demanded of that good also increases, assuming that the good is non-rivalrous and non-substitutable. In other words, if the price of a good increases, the demand for that good also increases, assuming that the good is not used for subsistence or for non-essential purposes.

For example, if the price of gasoline increases, the quantity demanded of gasoline will also increase. This is because gasoline is a"," The law of demand states that as the price of a good or service increases, the quantity demanded decreases, and vice versa. In other words, as the price of a good or service rises, people tend to buy less of it. The law of demand can be summarized as follows: The law of demand states that as the price of a good or service increases, the quantity demanded decreases, and vice versa. For example, if the price of bread is $2 per loaf, 10 loaves"
Explain the benefits of community service.,,7,"Community service enhances social connections, provides valuable support to local areas, and fosters empathy and civic responsibility.","I ensured that the answer mentions personal, social, and community benefits.","Community service builds strong relationships, supports local communities, and cultivates a sense of responsibility and empathy among participants."," Benefits of community service include:
1. **Community Engagement**: Community service helps build relationships with neighbors, colleagues, and community members, fostering a sense of belonging and social cohesion.
2. **Personal Growth**: Participating in community service can lead to personal growth, as individuals develop new skills, gain confidence, and learn to work collaboratively with others.
3. **Civic Engagement**: Community service can encourage individuals to become more involved in their community, leading to a greater sense of civic responsibility and a"," Community service can benefit individuals in several ways: it fosters a sense of responsibility and civic duty; it promotes social skills and teamwork; it enhances self-esteem and confidence; it provides an opportunity to learn new skills and gain knowledge; it supports the development of empathy and compassion; it helps to build stronger relationships and a sense of belonging in the community; it fosters a culture of volunteerism and community involvement; and it offers a chance to make a positive impact on the lives of others. Additionally,"
What's the difference between DNA and RNA?,,8,"DNA (deoxyribonucleic acid) and RNA (ribonucleic acid) are nucleic acids that store genetic information. DNA is double-stranded and contains the sugar deoxyribose, while RNA is usually single-stranded and contains the sugar ribose.","I should add that DNA uses the bases adenine (A), guanine (G), cytosine (C), and thymine (T), while RNA uses A, G, C, and uracil (U) instead of thymine. Also, DNA primarily stays in the nucleus of the cell, while RNA can move out of the nucleus to the cytoplasm where protein synthesis occurs. DNA stores genetic information long-term, while RNA generally carries out DNA's instructions for protein synthesis (though it has other functions too).","DNA (deoxyribonucleic acid) and RNA (ribonucleic acid) differ in several key ways: 1) Structure: DNA is typically double-stranded in a helix, while RNA is usually single-stranded. 2) Sugar component: DNA contains deoxyribose, while RNA contains ribose (which has an extra hydroxyl group). 3) Nitrogenous bases: Both contain adenine, guanine, and cytosine, but DNA uses thymine while RNA uses uracil instead. 4) Location: DNA is primarily confined to the nucleus in eukaryotes, while RNA can move between the nucleus and cytoplasm. 5) Function: DNA stores genetic information long-term, while RNA typically serves as a messenger (mRNA), structural component (rRNA), or functional molecule (tRNA, miRNA) that helps implement DNA's instructions. 6) Stability: DNA is more stable and less reactive than RNA due to its deoxyribose sugar."," In short, DNA is the genetic blueprint of an organism, while RNA is a type of RNA that is involved in the process of making proteins.

Here's a simple analogy to help you understand the difference:

**DNA** is like a blueprint for a house (e.g., a house plan). It's a set of instructions that tells the builder how to construct the house. Just like a blueprint has specific details and specifications, DNA has specific genes and instructions that are passed down from parents to offspring.

"," While both are nucleic acids, they differ in several key ways. DNA (deoxyribonucleic acid) and RNA (ribonucleic acid) differ in several key ways: 1. Structure: DNA is a double helix structure with sugar-phosphate backbones, while RNA is a single helix structure with sugar-phosphate backbones. 2. Sugar: DNA contains deoxyribose sugar, while RNA contains ribose sugar. 3. Phosphate: DNA"
What is the significance of biodiversity hotspots?,,7,"Biodiversity hotspots are regions with high levels of species richness and endemism that are under threat, making them priorities for conservation.",I confirmed that the answer clearly explains both high biodiversity and conservation urgency.,"Biodiversity hotspots are important because they house a large number of unique species under immediate threat, making their conservation crucial for preserving global biodiversity."," The importance of biodiversity hotspots is significant because they are the only places where humans and nature coexist. The existence of biodiversity hotspots is crucial for the conservation of the world's biodiversity. The biodiversity hotspots are the only places where humans and nature coexist, and the existence of biodiversity hotspots is crucial for the conservation of the world's biodiversity. The biodiversity hotspots are the only places where humans and nature coexist, and the existence of biodiversity hotspots is crucial for the conservation of the"," Biodiversity hotspots are areas of high biodiversity found in fragmented habitats. They are significant because they provide protection for threatened species, support ecosystem services, and can be a stepping stone for the conservation of global biodiversity."
How do you troubleshoot a smartphone that won’t charge?,,6,"Troubleshooting a smartphone charging issue can include checking the cable and charger, cleaning the charging port, and trying another power source.","This answer outlines clear, sequential steps.","To troubleshoot a smartphone that isn’t charging, verify the cable and charger, clean the charging port, and try using a different power source."," Here’s a step-by-step guide to help you resolve the issue:

**Step 1: Check the charging port**

* Ensure the charging port is clean and free of debris.
* Try charging your phone using a different port (if possible).
* Clean the charging port with a soft cloth or a cotton swab.

**Step 2: Inspect the battery**

* Check the battery for any signs of physical damage, such as cracks or breaks.
* If the battery is damaged, it may"," You may have noticed that your phone is not charging even after trying charging it multiple times. Here are some steps to troubleshoot a smartphone that won’t charge:

1.  **Check the Battery:** The first thing you should do is to check the battery. If it's old or damaged, it may not hold a charge. Try replacing the battery or letting it drain to zero before charging. Also, ensure the battery is properly charged and not damaged.

2.  **Clean the Charging Port:**"
What is the difference between a physical and chemical change?,,9,"A physical change alters the form or appearance of a substance without changing its composition, while a chemical change results in a new substance. I need to ensure I include examples.","I should clarify that physical changes include melting ice, while chemical changes include burning wood.","A physical change, like melting ice, alters the form or appearance of a substance without changing its composition, while a chemical change, like burning wood, results in a new substance."," In simple terms, how do you tell when a change is physical or chemical?

## Step 1: Understanding Physical and Chemical Changes
A physical change is a transformation of a substance where its chemical composition remains the same. Examples include melting ice, boiling water, and dissolving sugar in water. In these changes, the substances change from solid to liquid or vice versa, but their chemical structures remain the same.

## Step 2: Understanding Chemical Changes
A chemical change, on the other hand,"," In other words, what is the difference between a change in matter and a change in chemical composition?

## Step 1: Define what a physical change is.
A physical change is a change in which a substance's molecules change shape but not their number, and the substance remains the same substance. Examples include melting ice, freezing water, and dissolving sugar in water.

## Step 2: Define what a chemical change is.
A chemical change is a change in which a substance's molecules are rearr"
What is the difference between renewable and non-renewable energy?,,9,"Renewable energy comes from sources that are naturally replenished, like solar and wind, while non-renewable energy comes from finite sources, like coal and oil. I need to ensure I include examples.","I should clarify that renewable energy is sustainable, while non-renewable energy contributes to environmental degradation.","Renewable energy comes from naturally replenished sources like solar and wind, while non-renewable energy comes from finite sources like coal and oil, which contribute to environmental degradation."," The main difference is that renewable energy comes from natural sources and is sustainable, whereas non-renewable energy comes from finite sources and is finite.

## Step 1: Define renewable energy
Renewable energy is energy that comes from natural sources that can be replenished over time, such as sunlight, wind, and water. This type of energy is sustainable and can be used indefinitely.

## Step 2: Define non-renewable energy
Non-renewable energy, also known as fossil"," Renewable energy is obtained from natural resources that can be replenished naturally, while non-renewable energy is obtained from resources that are finite and can only be extracted in limited quantities. In other words, renewable energy is sustainable because it can be replenished naturally, while non-renewable energy is not sustainable because it is finite and can only be extracted in limited quantities."
Why is the sky blue?,,9,Due to Rayleigh scattering — shorter blue wavelengths scatter more in the atmosphere.,Ensure I include sunlight’s spectrum and atmospheric scattering.,The sky appears blue due to Rayleigh scattering of sunlight by atmospheric particles.," Answering this question is not as easy as it seems. The reason the sky appears blue is due to a phenomenon called Rayleigh scattering. It is named after the British physicist Lord Rayleigh who discovered it in 1871.

The reason the sky appears blue is due to a phenomenon called Rayleigh scattering. It is named after the British physicist Lord Rayleigh who discovered it in 1871. The scattering of light by small particles in the atmosphere is responsible for the blue color of the sky."," An explanation for the sky appearing blue during the day and turning white during sunrise and sunset. The sky appears blue because of the way that light interacts with our atmosphere. The atmosphere scatters sunlight in all directions, but primarily in the blue and violet ends of the spectrum. This is known as Rayleigh scattering. When sunlight enters our atmosphere, it is scattered in every direction by tiny molecules of gases. The blue end of the spectrum is scattered more than any other color because it is closer to the scattering"
Explain the implications of quantum computing for encryption algorithms.,,7,"Quantum computers could theoretically break many of today’s encryption methods, particularly RSA and ECC, due to their ability to solve certain problems much faster than classical computers. I'll need to examine how quantum algorithms like Shor’s algorithm affect encryption and explore quantum-resistant algorithms.","I should mention that quantum computing could significantly alter data security, but quantum-safe cryptographic methods are already being developed.","Quantum computing has the potential to break classical encryption methods like RSA and ECC, due to algorithms such as Shor’s algorithm. This could have major implications for data security, but quantum-resistant algorithms, like lattice-based cryptography, are being developed to address these challenges."," Quantum computers have the capability to solve certain problems exponentially faster than classical computers. This could potentially compromise the security of current encryption algorithms.

## Step 1: Understanding the Basics of Quantum Computing
Quantum computing is a new paradigm for computing that uses quantum-mechanical phenomena, such as superposition and entanglement, to perform calculations. Unlike classical computers, quantum computers can process multiple calculations simultaneously, significantly speeding up certain types of computations.

## Step 2: Implications of Quantum Computing for Encryption"," Quantum computers can potentially break current encryption algorithms, such as RSA, using the quantum advantage. This could have significant implications for national security and the future of cryptography. Quantum-resistant encryption algorithms, such as lattice-based cryptography, may be needed to ensure the security of encrypted data in the face of quantum attacks. The implications of quantum computing for encryption are far-reaching and require ongoing research and development to address."
How does the process of fermentation work?,,9,"Fermentation is a metabolic process where microorganisms convert sugars into acids, gases, or alcohol in the absence of oxygen.",I must highlight its biochemical nature and its applications in food production.,"Fermentation is a metabolic process in which microorganisms break down sugars anaerobically, producing substances like alcohol, acids, or gases, and is used in the making of bread, yogurt, and alcoholic beverages."," Fermentation is a natural process that occurs in the presence of microorganisms such as yeast, bacteria, or fungi. Here's a step-by-step explanation of the fermentation process:

**Step 1: Microorganism Introduction**

Microorganisms such as yeast, bacteria, or fungi are introduced into a food or drink. This can happen through various means, such as:

* Spontaneous fermentation: Microorganisms can naturally occur in the food or drink, such as in fermented foods like cheese or beer.
"," Fermentation is the process by which microorganisms convert sugars into products such as alcohol or lactic acid. The process involves several key steps: 1. Microorganisms like yeast or bacteria break down sugars into fermentable substrates. 2. The sugars are converted into products like ethanol, CO2, or lactic acid by the microorganisms. 3. The products are then fermented by enzymes that break down the products into more fermentable substances. 4. The fermentation process produces byproducts"
What is strategic planning?,,8,Strategic planning involves setting long-term goals and determining the best course of action to achieve them while considering available resources and external factors.,This comprehensive explanation captures the essence of the planning process.,Strategic planning is the process of defining long-term goals and outlining the steps and resources needed to achieve them.," Strategic planning is a systematic approach to achieve a company's objectives. It involves a series of steps that outline the company's goals and objectives, identify the key factors that influence these goals, and develop a plan to achieve these objectives. Strategic planning is a critical function that helps companies to stay competitive in the market.

Here are the key steps involved in strategic planning:

1. **Define the company's objectives**: Identify the company's goals and objectives. What do you want to achieve? What are the key"," Strategic planning is a systematic approach to planning and decision-making that involves identifying goals, analyzing the situation, setting objectives, and developing plans to achieve them. It is a structured methodology that helps organizations and individuals make informed decisions and plan for the future. Strategic planning involves several key elements: 1. Identifying goals and objectives: This involves setting clear, measurable, and achievable objectives that align with the organization's or individual's vision. 2. Analyzing the situation: This involves gathering information about the"
How do community gardens benefit urban spaces?,,2,"Community gardens provide local access to fresh produce, enhance urban green space, foster social interaction, and contribute to environmental sustainability.",I confirmed that the answer includes both community and environmental benefits.,"Community gardens benefit urban areas by promoting local food production, enhancing green space, building community ties, and fostering sustainable practices."," Urban community gardens can have numerous benefits for urban spaces. Here are some of the ways they can benefit the city:

1.  **Community Building**: Community gardens can bring people together, creating a sense of community and social connection among gardeners. This can be especially beneficial in urban areas where people may be isolated or have limited access to social interactions.

2.  **Food Production**: Urban community gardens can provide an opportunity for people to grow their own fruits and vegetables, increasing access to fresh, healthy"," Community gardens offer several benefits to urban areas, including: 1. Increased food production: Community gardens provide an opportunity for local residents to grow their own fruits and vegetables, increasing food availability and reducing reliance on commercial stores. 2. Improved community relationships: Community gardens foster social connections and a sense of community among gardeners, which can be beneficial for urban residents who may be isolated or have limited access to local amenities. 3. Enhanced sustainability: Community gardens promote sustainable practices such as composting,"
Who is known as the father of computers?,,10,Charles Babbage is widely recognized as the father of computers due to his conceptual designs of computing machines in the 19th century.,I made sure that the attribution is correct and clearly acknowledged.,Charles Babbage is known as the father of computers.," John Atanasoff
John Atanasoff is known as the father of computers. He was an American physicist and engineer who is best known for his work on the development of the Atanasoff-Berry Computer (ABC), a computer that was the first to use a stored-program computer architecture.
Atanasoff's work on the ABC was pioneering, and it laid the foundation for modern computers. He developed the ABC in the 1940s and 1950s, and it was the first"," Alan Turing is known as the father of computers.
Alan Turing is known as the father of computers."
Who invented the telephone?,,8,"Alexander Graham Bell is generally credited with inventing the telephone, a breakthrough that revolutionized long-distance communication.",I verified that the answer is straightforward and historically accurate.,Alexander Graham Bell is credited with the invention of the telephone.," Alexander Graham Bell.
Alexander Graham Bell is credited with inventing the first practical telephone. He filed the first patent for a telephone on March 7, 1876. He was awarded a patent for his telephone invention on February 14, 1876.
Alexander Graham Bell was born in Edinburgh, Scotland, in 1847. He was a Scottish-born inventor, engineer, and scientist. He was born to Melville and Elspeth Bell. He was raised in a family of modest means"," Alexander Graham Bell is credited with the invention of the telephone.

Alexander Graham Bell is credited with the invention of the telephone."
Explain the process of photosynthesis in detail.,,7,"Photosynthesis converts light energy into chemical energy in plants using water and carbon dioxide, and it releases oxygen as a by-product.",I must include the fundamental reactants and products while noting its central role in the food chain.,"Photosynthesis is a process in which plants convert light energy, water, and carbon dioxide into glucose and oxygen, forming the basis of the food chain and sustaining life on Earth."," Photosynthesis is the process by which plants, algae, and some bacteria convert light energy from the sun into chemical energy in the form of glucose.

## Step 1: Introduction to Photosynthesis
Photosynthesis is the process by which plants, algae, and some bacteria convert light energy from the sun into chemical energy in the form of glucose. This process occurs in specialized organelles called chloroplasts, which are present in plant cells.

## Step 2: Light Absorption
The process of"," Photosynthesis is the process by which green plants and some other organisms convert light energy into chemical energy in the form of glucose. The process can be broken down into several key steps:

1. **Light Absorption**: Plants absorb light energy from the sun, which is usually in the form of photons. This energy is then transferred to pigments in the plant cells.

2. **Water Absorption**: Plants absorb water from the soil through their roots. This water is then transported to the leaves where photos"
What's the difference between correlation and causation?,,8,"Correlation means that two variables tend to change together (either in the same direction or opposite directions), while causation means that one variable directly causes the change in the other variable. Correlation does not necessarily imply causation.","I should explain this with examples to make it clearer. For example, ice cream sales and drowning deaths are correlated (both increase in summer months), but one doesn't cause the other—they're both influenced by a third factor (warm weather). I should also mention that establishing causation typically requires controlled experiments or more sophisticated research designs that can rule out alternative explanations. Causation implies correlation, but correlation doesn't necessarily imply causation. Mistaking correlation for causation is a common logical fallacy.","Correlation and causation represent fundamentally different relationships between variables. Correlation describes a statistical relationship where two or more variables tend to change together—either in the same direction (positive correlation) or opposite directions (negative correlation). For example, there's a positive correlation between height and weight in humans. Causation, however, specifically means that changes in one variable directly bring about changes in another variable—a cause-and-effect relationship. The crucial distinction is that correlation alone never proves causation. For example, ice cream sales and drowning deaths correlate strongly (both increase in summer), but neither causes the other; both increase because of a third factor (warmer weather). Common ways that correlations can exist without causation include: reverse causality (A doesn't cause B; B causes A), third variables (factor C causes both A and B), coincidence (random chance created the pattern), or sampling issues. Establishing causation typically requires controlled experiments that manipulate only the suspected causal variable, natural experiments that approximate controlled conditions, or advanced statistical methods that help rule out alternative explanations. The phrase 'correlation does not imply causation' reminds us to avoid assuming that because two things occur together, one must cause the other—a common fallacy in interpreting data."," A simple explanation

Correlation and causation are two concepts that are often confused with each other, but they are distinct and important in statistics, science, and decision-making.

**Correlation:**

A correlation is a statistical measure that shows the relationship between two variables. It tells us how closely two variables are related, but it does not imply causation. In other words, two variables are correlated, but one variable may be the result of another variable, or the outcome of a third variable.

"," Understanding this distinction is crucial for making informed decisions in various fields, including economics, sociology, and healthcare.

Correlation and causation are two distinct concepts that are often confused in research and everyday discussions. While correlation indicates a relationship between two variables, causation directly links one variable to another. Understanding the difference between these two concepts is essential for accurate analysis, decision-making, and communication.

### Correlation:

Correlation refers to the statistical relationship between two variables. For example, if there is a strong"
How do solar panels work?,,10,Solar panels convert sunlight into electricity using photovoltaic cells that generate an electric current.,The explanation is concise and accurately explains the process.,Solar panels work by converting sunlight into electricity through the use of photovoltaic cells.," A Step-by-Step Guide
Solar panels convert sunlight into electricity, and here's how they work:

**Step 1: Sunlight Hits the Solar Panel**

Solar panels are made up of many small photovoltaic cells (PV cells) that are arranged in a grid pattern. When sunlight hits the PV cells, it excites the electrons in the material, causing them to flow through the material.

**Step 2: Electrons Flow Through the Material**

The excited electrons flow through the material"," Solar panels convert sunlight into energy through a process involving semiconducting materials.

## Step 1: Understanding Solar Panels
Solar panels convert sunlight into electrical energy by using semiconducting materials. These materials have electrical properties that allow them to control the flow of electrons when sunlight is absorbed.

## Step 2: The Role of Semiconducting Materials
In solar panels, semiconducting materials like silicon or germanium are used to control the flow of electrons. When sunlight hits these"
Who wrote 'To Kill a Mockingbird'?,,8,To Kill a Mockingbird' was written by Harper Lee. I need to verify this to ensure no confusion with similar authors.,Harper Lee is the correct author. There is no confusion with other authors like Mark Twain or Jane Austen.,Harper Lee wrote 'To Kill a Mockingbird'.,"?
' To Kill a Mockingbird'was written by the American author Harper Lee. She wrote the book in 1960-61, and it was published in 1961. The book became a bestseller and won the Pulitzer Prize in 1961.
The book is set in the fictional town of Maycomb, Alabama, in the 1930s, and it tells the story of a young girl named Scout Finch and her father, Atticus, as they navigate the challenges of","
Harper Lee wrote 'To Kill a Mockingbird'."
Develop a risk management plan for a financial institution dealing with cyber threats.,,7,"The plan must assess the likelihood and impact of cyber threats, identify vulnerabilities, and propose mitigation strategies. I’ll need to consider potential threats like phishing, ransomware, and insider threats, and implement layers of defense such as encryption, network monitoring, and employee training.","I should also evaluate the impact of regulatory compliance requirements, such as GDPR or SOX, and ensure that the risk management plan is aligned with industry standards.","The risk management plan includes identifying potential cyber threats, conducting vulnerability assessments, and implementing defense mechanisms like multi-factor authentication, encryption, and regular staff training. It also ensures compliance with regulatory requirements and includes periodic audits and risk reassessments."," The plan should include specific steps to mitigate risks and protect customer data.

## Step 1: Identify and Assess Risks
The first step is to identify and assess the risks associated with cyber threats in the financial institution. This involves evaluating the types of threats, their likelihood, and their potential impact on the institution.

## Step 2: Implement Security Measures
Implementing security measures is crucial to mitigate risks. This includes:

- Conducting regular security audits and penetration testing
- Implementing robust access"," The plan should include identifying potential cyber threats, assessing risk, prioritizing mitigation strategies, and ensuring compliance with regulatory requirements.

Risk Management Plan for Financial Institution:

I. Identification of Potential Cyber Threats:

1. Identify potential cyber threats such as phishing, malware attacks, and unauthorized access to customer data.
2. Assess the likelihood and impact of each threat on the institution's operations and reputation.

II. Risk Assessment:

1. Assess the overall risk level of each identified threat.
2. Evaluate the potential"
What is the principle of ‘innocent until proven guilty’ in legal systems?,,8,"The principle means that a person accused of a crime is presumed innocent unless proven guilty in a court of law. The burden of proof lies with the prosecution, and the accused is not required to prove innocence. This protects individual rights and prevents wrongful punishment without evidence.","This is accurate, but I should mention how this principle is foundational to fair trial systems and ensures due process under constitutional frameworks.",‘Innocent until proven guilty’ places the burden of proof on the prosecution and ensures the accused is not unjustly penalized without evidence. It underpins fair trial systems and guarantees due process in legal frameworks.,This principle is also known as the ‘innocent until proven guilty’ rule. It is used to protect the rights of the accused in criminal cases. The principle is used to protect the rights of the accused in criminal cases. It is used to protect the rights of the accused in criminal cases. The principle is used to protect the rights of the accused in criminal cases. The principle is used to protect the rights of the accused in criminal cases. The principle is used to protect the rights of the," This principle is based on the idea that until evidence is presented against a person, they are not guilty by default and should be treated as innocent until proven guilty. This principle is used in many legal systems around the world. The principle of innocence until proven guilty is based on several key ideas: Innocent until proven guilty is a principle that holds that until evidence against a person is presented, they are not guilty by default. It is based on the idea that until evidence is presented, the person is innocent"
What is inflation?,,7,"Inflation refers to the general increase in prices over time, which results in the decreased purchasing power of money.",This definition covers the economic principle in a concise manner.,"Inflation is the sustained rise in the general price level of goods and services, reducing the purchasing power of money."," In simple terms, inflation is when the prices of things like food, housing, and cars go up. Here's a simple example to illustrate the concept:

Let's say you buy a loaf of bread for $2. You pay $2 for a loaf of bread. But then, one month later, you go to the store and find out that the price of bread has gone up to $2.50. You can buy the same loaf of bread for $2.50, which is a"," Inflation is a rise in general price levels, resulting from an increase in the money supply or an increase in the quantity of goods and services supplied by businesses. It is usually measured by the Consumer Price Index (CPI), which is a basket of goods and services that consumers buy in a typical week. The Consumer Price Index (CPI) is a commonly used indicator of inflation in many countries. When inflation rises, the purchasing power of money decreases, meaning that the same amount of money can buy"
Write an email requesting a vacation leave from your manager.,,9.2,"I need to follow professional tone, state the dates, and give a brief reason for the leave. I should also offer to ensure a smooth transition during my absence.",Make sure to include gratitude and a request for confirmation or any necessary adjustments.,"Subject: Vacation Leave Request. Dear [Manager's Name], I would like to request vacation leave from [Start Date] to [End Date]. Please let me know if this works, and if you need any further information. Thank you for considering my request. Best, [Your Name]"," You must include the following:
1. A clear description of the reason for the vacation leave.
2. A specific date range for the vacation leave.
3. The amount of vacation leave requested.
4. A plan for the vacation leave, including how it will be used or allocated.

Here is an example email:

Subject: Request for Vacation Leave

Dear [Manager's Name],

I am writing to request a vacation leave from [Date] to [Date]. I have scheduled this vacation to attend a"," 

Subject: Request for Vacation Leave

Dear [Manager's Name],

I am writing to request a vacation leave from work. I would like to take [number] days off from [start date] to [end date]. I will ensure that all my tasks are completed before I leave and will make arrangements for coverage while I am away. I appreciate your consideration of my request.

Sincerely,
[Your Name]"
What is the approximate distance from the Earth to the Sun?,,3.2,The average distance between the Earth and the Sun is about 93 million miles (150 million kilometers).,"I should note that this is an average value, as the orbit is elliptical.",The average distance from the Earth to the Sun is approximately 93 million miles (150 million kilometers).," This is a question that has puzzled humans for centuries.
The average distance from the Earth to the Sun is about 93 million miles. This distance is constantly changing due to the elliptical shape of the Earth's orbit around the Sun. The closest point in this orbit, called perihelion, is about 91.5 million miles, while the farthest point, called aphelion, is about 94.5 million miles.
The distance between the Earth and the Sun varies as the"," The average distance from the Earth to the Sun is approximately 149,597,890 kilometers. This is known as an astronomical unit (AU). The Sun is about 1 AU from the Sun. The Sun is much closer to the Sun than the Moon is to the Sun. The Sun is about 149 million kilometers away from the Sun. The Sun is much closer to the Sun than the Moon is to the Sun. The Sun is about 149 million kilometers away from the Sun. The Sun"
What is the function of the United Nations?,,7.4,"The United Nations works to promote international cooperation, maintain peace and security, and address global issues such as human rights and sustainable development.",I double-checked that the answer covers both political and humanitarian goals of the organization.,"The United Nations fosters international peace, security, social and economic development, and cooperation between nations."," 
The United Nations (UN) is an international organization that was established in 1945 with the aim of promoting peace, security, and cooperation among its member states. The UN has a broad range of functions, which include:

1. **Peacekeeping and Conflict Prevention**: The UN has a peacekeeping force that is deployed to areas of conflict to prevent violence and maintain peace.
2. **Humanitarian Aid**: The UN provides humanitarian aid to countries affected by natural disasters, conflicts, and other crises"," The United Nations (UN) is an international organization that aims to promote peace, security, and cooperation among its member states. The UN has several key functions: 1. Maintaining Peace and Security: The UN provides a forum for dialogue and dispute resolution, and works to prevent conflicts and maintain peace in regions affected by war or terrorism. 2. Maintaining International Peace and Security: The UN monitors and puts pressure on countries that violate international law, and works to prevent global crises like nuclear proliferation"
What is the capital of Canada?,,8.8,The capital of Canada is Ottawa. I need to ensure this is not confused with other major cities like Toronto or Vancouver.,Ottawa is indeed the capital of Canada. There is no confusion with other cities.,The capital of Canada is Ottawa.," Ottawa is not the capital, I know, but it is the capital of the province of Ontario. In the country of Canada, Ottawa is indeed the capital. Ottawa is a city located in the province of Ontario, in the country of Canada. The capital of Canada is Ottawa, which is located in the province of Ontario, in the country of Canada. Ottawa is a city that has been the capital of Canada for over 200 years. It is a city that has been the seat of government and"," Ottawa is the capital of Canada. Ottawa is a city located in the province of Ontario. Ottawa is known for its rich history, cultural attractions, and political institutions. It is the seat of the Canadian Parliament and home to many important national institutions. Ottawa is a vibrant city with a mix of historic landmarks, modern museums, and lively neighborhoods. It is a popular destination for tourists and business travelers alike. Ottawa is the capital of Canada, located in the province of Ontario."
How do magnets work?,,5,"Magnets work via aligned electron spins, creating magnetic fields. Opposite poles attract, like poles repel.",Add atomic-level spin alignment and magnetic domains.,"Magnets create fields from aligned electron spins; opposite poles attract, like poles repel."," The answer is simple, yet not obvious. It is because of the magnetic field that surrounds a magnet, which is generated by the motion of charged particles, such as electrons.

Here's a simplified explanation of how magnets work:

**The Magnetic Field**

A magnet's magnetic field is created by the motion of charged particles, such as electrons. These charged particles are accelerated by an electric current and then accelerated further by a magnetic field. This creates a force that is directed towards the center of the magnet.

"," What are the fundamental principles behind their behavior?

Magnets work because of the alignment of their magnetic fields. When a magnet is placed near a ferromagnetic material, like iron or nickel, its magnetic field lines emerge from the poles and enter the other pole. If the magnet is aligned with these lines, it will exert a force on the material, causing it to move. If the magnet is aligned with the opposite direction of the magnetic field lines, it will exert an attractive force on the material."
What is climate change?,,8.8,"Climate change refers to long-term alterations in temperature, precipitation, and other atmospheric conditions, primarily due to human activities.",I need to include both the natural and human-induced factors in my explanation.,"Climate change is the long-term alteration of weather patterns and temperatures, largely driven by human activities such as burning fossil fuels and deforestation."," What are the causes of climate change? What are the effects of climate change?

## Step 1: Define climate change
Climate change refers to the long-term warming of the planet due to an increase in average global temperature. This warming is primarily caused by human activities that release greenhouse gases, such as carbon dioxide and methane, into the atmosphere.

## Step 2: Identify the causes of climate change
The main causes of climate change are:
- Burning fossil fuels, such as coal, oil,"," Climate change is the alteration of weather patterns and the resulting impacts on ecosystems and human societies. It is caused by the increasing levels of greenhouse gases in the atmosphere, which trap heat from the sun and prevent it from being released back into space. The main greenhouse gases are carbon dioxide (CO2), methane (CH4), nitrous oxide (N2O), and fluorinated gases. These gases are emitted from burning fossil fuels (coal, oil, and natural gas), deforestation, land-use changes"
Who wrote 'Pride and Prejudice'?,,8.8,Pride and Prejudice' was written by Jane Austen. I need to verify this to ensure no confusion with other authors.,Jane Austen is correct. There is no confusion with other authors like Charlotte Brontë or Emily Brontë.,Jane Austen wrote 'Pride and Prejudice'.," Jane Austen
The correct answer is indeed Jane Austen, the celebrated English novelist. 'Pride and Prejudice' is one of her most famous works, first published in 1813. The novel is known for its witty dialogue, strong female characters, and insightful commentary on the social conventions of the time. Austen's writing is renowned for its depth, nuance, and emotional power, and 'Pride and Prejudice' remains a timeless classic of English literature."," Jane Austen
Published in 1813, 'Pride and Prejudice' is one of Jane Austen's most famous novels. It is a romance novel that explores themes of love, class, and societal norms in 19th-century England. Austen's writing is known for its witty dialogue, strong female characters, and insightful commentary on the social issues of her time."
Who was the leader of Germany during World War II?,,9.8,The historical figure most associated with German leadership during World War II is Adolf Hitler.,It is important to note his role as both Chancellor and later Führer to capture the full extent of his power.,"Adolf Hitler was the leader of Germany during World War II, serving as both Chancellor and Führer."," Adolf Hitler was the leader of Germany during World War II. He was a German politician who served as the Chancellor of Germany from 1933 to 1945. Hitler was a key figure in the Nazi Party, which he founded in 1919. He rose to power through a series of political maneuvers, including the appointment of his brother-in-law, Hermann Göring, as the head of the Luftwaffe, the German air force. Hitler's aggressive foreign policy led to the invasion of",Adolf Hitler was the leader of Germany during World War II. Hitler was the Führer (Leader) of Germany from 1934 until his death in 1945. He was the supreme commander of the German armed forces and the leader of the Nazi Party. Hitler's aggressive expansionist policies and his role in the genocide of six million Jews during the Holocaust make him one of the most infamous leaders in history.
What is artificial intelligence?,,9.4,"Artificial intelligence involves creating computer systems that can perform tasks that typically require human intelligence, such as understanding language, recognizing images, and solving problems.",I verified that the answer provides a general but clear definition.,"Artificial intelligence is the development of computer systems that can perform tasks that normally require human intelligence, including learning and problem-solving."," Artificial intelligence (AI) refers to the simulation of human intelligence in machines that are programmed to mimic the actions of humans. This can include tasks such as learning, problem-solving, and decision-making. The term AI was first coined by John McCarthy in 1956.

Here are some key aspects of artificial intelligence:

1. **Machine learning**: AI systems can be trained to learn from data and improve their performance over time.
2. **Natural language processing**: AI systems can understand and generate human language,"," Artificial intelligence (AI) refers to the development of computer systems that can perform tasks that normally require human intelligence, such as learning, problem-solving, and decision-making. AI systems use algorithms and data processing to achieve these tasks. The field of AI is divided into several subfields, including machine learning, deep learning, natural language processing, and computer vision. Machine learning is a subset of AI that involves training algorithms to make predictions or take actions based on data. Deep learning is a type of machine learning"
What are some memory improvement techniques?,,8.6,"Memory techniques include spaced repetition, mnemonic devices, and active recall practices.",This answer succinctly offers a few proven strategies.,"Improving memory can be achieved through techniques like spaced repetition, mnemonic devices, and active recall."," Here are a few:

1. **Pomodoro Technique**: Work in focused 25-minute increments, followed by a 5-minute break. This helps you stay focused and avoid burnout.
2. **Mindfulness Meditation**: Regular mindfulness practice can improve attention, working memory, and cognitive flexibility.
3. **Physical Exercise**: Regular exercise improves cognitive function, including attention, memory, and processing speed.
4. **Sleep and Relaxation**: Adequate sleep and relaxation are essential for memory consolidation"," Here are some evidence-based techniques to improve memory:

1. **Mnemonics**: Use associations, such as remembering a word by associating it with a memory or a personal experience. For example, 'King Philip Came Over for Smoke' to remember the order of the planets in our solar system.
2. **Association**: Connect new information with something already familiar or memorable. For example, picturing a map to remember the location of a place.
3. **Repetition**: Repeat new information"
How do vaccines work?,,9.6,"Vaccines stimulate the immune system to produce antibodies by imitating an infection, helping the body to recognize and fight the disease in future infections.",I verified that the answer explains the process without unnecessary technical details.,"Vaccines work by exposing the immune system to a harmless form or component of a pathogen, prompting it to create antibodies and memory cells for faster response in future exposures."," Vaccines are designed to stimulate the body's immune system to produce antibodies that can recognize and attack specific pathogens, such as bacteria, viruses, or fungi. Here's a step-by-step explanation of how vaccines work:

1. **Vaccine Administration**: When a vaccine is administered, it is mixed with a carrier substance, such as a sugar or starch, to help the vaccine be taken orally, injected, or inactivated (e.g., inactivated flu vaccines).
2. **Immune Response**:"," Vaccines are used to prevent the spread of diseases and protect individuals from illness. They work by introducing a harmless component of a pathogen, such as a virus or bacteria, to stimulate the immune system. This stimulates the production of antibodies and T-cells, which are crucial for protecting the body against future infections.

Here is a step-by-step explanation of how vaccines work:

1.  **Vaccine Administration**: A vaccine is administered to a person, typically in the form of a needle injection or"
Why is the sky blue?,,8,"The sky appears blue because of a phenomenon called Rayleigh scattering. Sunlight contains all colors of the visible spectrum, but when it enters Earth's atmosphere, the air molecules scatter blue light more than other colors because blue light has a shorter wavelength.","My explanation is correct, but I should add that specifically, blue light has a shorter wavelength than red, orange, or yellow light, so it's scattered more by the tiny air molecules in our atmosphere. This scattered blue light comes to us from all parts of the sky. I should also explain why sunsets are reddish: at sunset, sunlight travels through more atmosphere to reach our eyes, so even more blue light is scattered away, leaving primarily the longer-wavelength reds and oranges to reach us directly.","The sky appears blue due to a phenomenon called Rayleigh scattering. Sunlight, which appears white, actually contains all colors of the visible spectrum. When sunlight enters Earth's atmosphere, it collides with air molecules (primarily nitrogen and oxygen) that are much smaller than the wavelengths of visible light. These small particles scatter shorter-wavelength light (blues and violets) much more effectively than longer-wavelength light (reds and oranges)—specifically, the scattering is inversely proportional to the fourth power of the wavelength. While violet light is scattered even more than blue, our eyes are more sensitive to blue light, and some violet light is absorbed by the upper atmosphere, resulting in the characteristic blue sky we see. This same principle explains why sunsets appear reddish-orange: when the Sun is low on the horizon, its light passes through more atmosphere to reach our eyes, causing even more blue light to be scattered away in other directions. This leaves primarily the longer-wavelength reds, oranges, and yellows to travel directly to our eyes, creating the vibrant colors of sunset."," Answering this question requires an understanding of the Earth's atmosphere and the physics of light.

## Step 1: Understand the Earth's Atmosphere
The Earth's atmosphere is composed of several layers, each with its unique characteristics. The uppermost layer, the troposphere, is the layer where weather occurs. The next layer down, the stratosphere, is where most of the Earth's atmospheric gases, including ozone, are located.

## Step 2: Identify the Source of Blue Light
"," The sky appears blue because of a phenomenon called Rayleigh scattering, named after the British physicist Lord Rayleigh. He discovered that the color of the sky is determined by the scattering of sunlight by molecules of gases in the atmosphere. The shorter wavelengths of light (like blue and violet) are scattered more than the longer wavelengths (like red and orange) by the molecules of gases in the atmosphere. This phenomenon is the same as the way that white light is scattered by particles in the atmosphere. The scattering of"
What is the importance of water stewardship?,,8.6,"Water stewardship involves responsible use and protection of water resources, ensuring sustainable supply and quality for human and ecological health.",I confirmed that the answer clearly states both the environmental and societal importance.,"Water stewardship is important because it promotes the sustainable management and protection of water resources, ensuring availability for both people and ecosystems."," Water is essential for human survival and the health of ecosystems, and its management is crucial for sustainable development.

Water stewardship involves the responsible management and conservation of water resources. This includes protecting water sources, preventing pollution, and promoting the efficient use of water.

Some of the key importance of water stewardship include:

1. **Water scarcity**: Water is a finite resource, and its scarcity can have significant impacts on human health, agriculture, and industry. Water stewardship helps to mitigate these impacts by promoting"," Water stewardship is the practice of caring for and protecting water resources, including water quality, quantity, and availability. It involves managing water resources in a sustainable and responsible manner to ensure their availability for future generations. Water stewardship is important for several reasons: 1. Protecting Water Quality: Water stewardship helps protect water quality by preventing pollution from agricultural runoff, sewage, and industrial waste. Clean water is essential for maintaining ecosystems, supporting agriculture, and ensuring public health. 2. Ensuring"
What are the signs and symptoms of dehydration?,,3,"Dehydration occurs when the body loses more water than it takes in. Early signs include dry mouth, fatigue, and dizziness. Severe dehydration can lead to confusion, rapid heartbeat, sunken eyes, and fainting.","I should emphasize the importance of preventing dehydration, especially during physical exertion or hot weather, and discuss the role of electrolytes in maintaining proper hydration.","Dehydration signs include dry mouth, fatigue, and dizziness. In severe cases, confusion, rapid heartbeat, and sunken eyes may occur. Preventing dehydration through adequate water intake, especially during physical activity or heat, is important, and electrolytes also help maintain hydration.","?
Dehydration is a serious medical condition that can occur when the body loses more fluids than it takes in. It can be caused by various factors, such as excessive sweating, diarrhea, vomiting, and heatstroke. Here are the signs and symptoms of dehydration:

**Mild Dehydration:**

1. Dry mouth and throat
2. Fatigue and weakness
3. Dark urine
4. Dizziness or lightheadedness
5. Headache
6. Nausea and"," Mild dehydration typically occurs when you lose 300-400 mL of fluid per day, while moderate dehydration can occur when you lose 600-800 mL of fluid per day. Dehydration can be caused by a variety of factors, including: • Drinking too much water or consuming excessive amounts of fluids. • Drinking water or fluids that are not easily absorbed by the body. • Taking certain medications, such as diuretics. • Wearing loose-fitting clothing that allows water to evaporate. •"
What is the significance of the Large Hadron Collider?,,6,The Large Hadron Collider is a particle accelerator that helps scientists study fundamental particles and the origins of the universe.,This answer effectively highlights its role in advancing physics research.,The Large Hadron Collider is significant for its role in advancing our understanding of fundamental particles and the basic constituents of matter.,"?
The Large Hadron Collider (LHC) is a powerful scientific instrument located at CERN (European Organization for Nuclear Research) in Geneva, Switzerland. The LHC is a massive circular tunnel where scientists can collide particles at incredibly high energies, which is necessary to study the fundamental forces of nature. The significance of the LHC can be understood in several ways:
1. **Understanding the fundamental forces of nature**: The LHC is capable of producing collisions that are so energetic that they create new particles","?
The Large Hadron Collider (LHC) is a powerful scientific instrument that accelerates subatomic particles to nearly the speed of light and then collides them to study the fundamental particles and forces of nature. The significance of the LHC is twofold: firstly, it greatly advances our understanding of the universe, providing unprecedented insights into the nature of matter and energy, and secondly, it has the potential to revolutionize the field of physics and potentially lead to groundbreaking discoveries in fields such as"
What is the role of cortisol in the body?,,8.6,"Cortisol is a hormone released in response to stress and helps regulate metabolism, immune responses, and blood sugar levels.",I need to ensure its functions in stress management and homeostasis are captured.,"Cortisol is a stress hormone that helps regulate metabolism, immune function, and blood sugar levels."," Cortisol is a hormone produced by the adrenal glands. It plays a crucial role in the body's response to stress, regulating blood sugar, and maintaining homeostasis.

## Step 1: Understanding Cortisol's Role in Stress Response
Cortisol is known for its role in the body's stress response. It is released in response to stress, whether physical or emotional, and helps the body to cope with the stress by increasing blood sugar levels and suppressing the immune system.

## Step 2"," Cortisol is a steroid hormone produced by the adrenal glands that plays a crucial role in stress response, regulating blood sugar, and aiding in the metabolism of fat, protein, and carbohydrates. Here are some key roles cortisol plays in the body:

1. **Stress Response**: Cortisol is produced in response to stress, helping the body respond to challenges by increasing glucose levels in the blood and aiding in the metabolism of fat, protein, and carbohydrates.

2. **Blood Sugar Regulation**: Cortisol helps"
What is the difference between a democracy and a dictatorship?,,8.8,"A democracy is a system where power is held by the people through voting, while a dictatorship is a system where power is concentrated in a single ruler. I need to ensure I include examples.","I should clarify that democracies can be direct or representative, while dictatorships often suppress opposition and control media.","A democracy is a system where power is held by the people through voting, either directly or through representatives, while a dictatorship is a system where power is concentrated in a single ruler, often suppressing opposition and controlling media."," 
In a democracy, citizens have the right to participate in the decision-making process, express their opinions, and hold elected officials accountable. The government is divided into separate branches, such as the legislative, executive, and judicial branches, to ensure that power is distributed evenly and that no one person or group can dominate the others.
In contrast, a dictatorship is an authoritarian form of government where power is concentrated in the hands of a single leader or group of leaders. The leader or group of leaders typically has"," The main difference between a democracy and a dictatorship is the role of the people in government. In a democracy, the people have direct participation in the government through voting, and the government is accountable to the people. In contrast, in a dictatorship, the people have limited participation in government, and the government is controlled by a small group of individuals who exercise absolute power. This fundamental difference in the role of the people affects the structure and functioning of the government. Democracy typically has checks and balances to prevent any"
Who is considered the father of detective fiction?,,7,Edgar Allan Poe is often regarded as the father of detective fiction due to his early writings in the genre.,This answer succinctly states his contribution without needing further explanation.,Edgar Allan Poe is considered the father of detective fiction.," Sir Arthur Conan Doyle is often credited with creating the character of Sherlock Holmes, but he was not the first person to write detective fiction. Here are some notable figures who contributed to the genre:
1. **Edgar Allan Poe** (1809-1849): An American writer, Poe is known for his dark and atmospheric detective stories, such as ""The Murders in the Rue Morgue"" (1841). He is considered one of the pioneers of detective fiction.
2. **Wilkie"," Edgar Allan Poe is a notable figure in this genre. Other notable authors include Arthur Conan Doyle and the creator of Sherlock Holmes, Sir Arthur Conan Doyle. Sherlock Holmes is a character created by Doyle. Other notable authors in this genre include Agatha Christie and the creator of Hercule Poirot, Agatha Christie. These authors have contributed significantly to the development of detective fiction."
What does Oktoberfest celebrate?,,9.6,"Oktoberfest is a traditional German festival that celebrates beer, food, and Bavarian culture.",Including cultural elements reinforces the answer.,"Oktoberfest is a festival that celebrates Bavarian culture, especially its beer and traditional cuisine."," The answer is a bit complicated, but I'll break it down for you.
Oktoberfest, which is a traditional German beer festival, celebrates the following aspects:

1. **Bavarian culture**: Oktoberfest is deeply rooted in Bavarian culture, particularly in the traditions and customs of the region.
2. **Beer**: The festival is all about beer, and it's not just about any beer. Oktoberfest is famous for its lager beers, which are brewed to perfection and served in"," Oktoberfest is a Bavarian beer festival held annually in Munich, Germany. It celebrates the harvest season, the anniversary of the festival's founding in 1810, and the tradition of Bavarian beer. The festival typically lasts for 16 days, culminating in a final 4-day celebration. It is a major tourist event in Munich, attracting millions of visitors each year. Oktoberfest is known for its traditional Bavarian music, dancing, and festive atmosphere, including the famous Bavarian beer ste"
What causes the seasons on Earth?,,9.4,"Seasons are caused by Earth's tilted axis as it orbits the Sun. When the Northern Hemisphere is tilted toward the Sun, it experiences summer, while the Southern Hemisphere experiences winter, and vice versa.","My explanation is correct, but I should clarify that Earth's axis is tilted at approximately 23.5 degrees. I should also explain that it's not Earth's distance from the Sun that causes seasons (a common misconception), but rather the angle at which sunlight hits different parts of Earth. When sunlight hits at a more direct angle, that region receives more energy per unit area and experiences warmer temperatures.","Seasons on Earth are caused by the planet's axial tilt of approximately 23.5 degrees as it orbits the Sun. This tilt means that different hemispheres are oriented toward or away from the Sun at different points in Earth's orbit. When a hemisphere is tilted toward the Sun, it receives more direct sunlight, meaning solar energy strikes the surface at a steeper angle, concentrating the energy over a smaller area and creating summer conditions. Simultaneously, the opposite hemisphere receives sunlight at a shallower angle, spreading the same energy over a larger area, resulting in winter. The seasons are reversed between the Northern and Southern Hemispheres. Importantly, seasons are not caused by Earth's distance from the Sun (which varies only slightly throughout the year) but by this change in the angle of incoming sunlight and the number of daylight hours."," The main cause of the seasons on Earth is the tilt of the Earth's axis. This tilt is caused by the Earth's orbit around the Sun. The Earth's orbit is tilted at an angle of about 23.5 degrees relative to its orbit around the Sun. The tilt of the Earth's axis causes the amount of sunlight that reaches the Earth's surface to vary throughout the year. This variation in sunlight causes the seasons to change.

The main reason for the tilt of the Earth's axis is"," The seasons are caused by the changing of the Earth's axis and its orbit around the Sun. The axis of the Earth is tilted at an angle of about 23.5 degrees relative to the plane of the Earth's orbit around the Sun. This tilt causes the amount of sunlight that reaches the planet's surface to vary, leading to changes in temperature and weather patterns throughout the year. The seasons are divided into four periods: spring, summer, autumn (or fall), and winter. These periods are"
What is the impact of digital media on youth?,,8.2,Digital media provides educational opportunities and connectivity but can also lead to issues like reduced attention spans and exposure to inappropriate content.,I ensured that the answer presents a balanced perspective.,"Digital media offers youth enhanced access to information and connectivity, yet it can also contribute to distractions and exposure to harmful content if not regulated."," Research on the topic is limited, but existing studies suggest that digital media can have both positive and negative effects on youth.

Positive effects of digital media on youth:

1. **Social connections**: Digital media can provide a platform for youth to connect with others who share similar interests, making friends and forming social relationships.
2. **Access to information**: Digital media can provide access to a vast amount of information, which can be beneficial for education, research, and personal development.
3. **Creative expression**:"," Digital media has had a profound impact on youth culture, transforming the way youth interact, express themselves, and access information. Key effects include: 1. **Increased connectivity and social interaction**: Digital media has enabled youth to connect with each other across geographical distances, creating new forms of community and social interaction. 2. **Changing communication patterns**: Digital media has revolutionized communication, enabling instant messaging, video conferencing, and social media platforms that have transformed the way youth interact. 3. **"
Analyze the impact of interest rate changes on consumer spending and business investment.,,9.2,"When interest rates rise, consumer spending tends to decrease due to higher borrowing costs, and business investment may slow down as financing becomes more expensive. On the other hand, lower interest rates typically stimulate consumer spending and business investment.","I should also consider the time lag in the effects of interest rate changes and other factors, such as consumer confidence and inflation, that can influence the outcomes.","Interest rate changes affect both consumer spending and business investment. Higher rates tend to decrease consumer spending and slow business investments due to higher borrowing costs, while lower rates usually have the opposite effect. The full impact may take time to materialize and depends on factors like inflation and consumer confidence."," Interest rate changes have a significant impact on consumer spending and business investment.

**Consumer Spending:**

1. **Demand-Pull**: Interest rate changes can lead to an increase in demand-pull inflation, which can lead to higher interest rates and a decrease in consumer spending.
2. **Price-Push**: Conversely, interest rate changes can also lead to a decrease in price-push inflation, which can lead to lower interest rates and an increase in consumer spending.
3. **Monetary Policy**: Central banks"," Interest rate changes affect both consumer spending and business investment.

Consumer Spending: Interest Rate Changes
Interest rates affect consumer spending in the following ways:
1.  When interest rates rise, consumers become more cautious and reduce spending, as they expect higher interest rates on future loans and investments. This reduces aggregate consumer spending.
2.  When interest rates fall, consumers become less cautious and increase spending, as they expect lower interest rates on future loans and investments. This increases aggregate consumer spending.
Consumer Spending: Interest"
What are the best practices for home cleaning?,,8.8,"Best practices for home cleaning include regular dusting, vacuuming, organizing clutter, and disinfecting frequently touched surfaces.",This answer is succinct and covers essential cleaning routines.,"Home cleaning best practices include regular dusting, vacuuming, organizing spaces, and disinfecting high-touch surfaces."," A comprehensive guide to effective and efficient cleaning

## Step 1: Create a cleaning schedule
Develop a cleaning schedule that outlines tasks for each day of the week. This will help you stay on top of cleaning and ensure that everything remains tidy.

## Step 2: Declutter and organize
Start decluttering and organizing your space to make cleaning easier and more efficient. This includes getting rid of items you no longer need or use, and organizing items that are still in good condition.

## Step"," A comprehensive guide to keeping your home clean and tidy.

### 1. Establish a Cleaning Schedule

- Set aside time each week for basic cleaning tasks like tidying up, washing dishes, and changing sheets.
- Adjust your schedule as your needs change (e.g., adding pets or children).

### 2. Create a Cleaning Routine

- Develop a routine that includes tasks like laundry, cleaning surfaces, and dusting.
- Make sure everyone in the household is involved in maintaining cleanliness.

### "
How do you manage study time for multiple subjects?,,9,"Managing study time involves creating a balanced schedule, prioritizing subjects, and taking regular breaks.",This answer provides a systematic approach without overcomplication.,"Manage study time effectively by scheduling dedicated sessions for each subject, prioritizing based on difficulty, and incorporating regular breaks."," Balancing multiple subjects requires careful time management. Here are some tips to help you manage your study time effectively.

## Step 1: Create a Study Schedule
Start by creating a study schedule that includes all the subjects you need to study. Allocate specific time slots for each subject, considering the time it takes to study each subject and the frequency of each subject. For example, if you have 4 subjects with study times of 2 hours, 3 hours, 1 hour, and 2"," Effectively balancing your study schedule across different subjects requires a combination of planning, prioritization, and time management. Here are some strategies to help you manage your study time effectively:

1.  **Create a Study Schedule:** Plan out when you will study each subject, considering your availability and any commitments you may have. Allocate specific times for each subject and leave some buffer for unexpected study sessions.

2.  **Prioritize Subjects:** Identify your most challenging subjects or those with the most upcoming exams. Focus"
What is photosynthesis?,,,"Photosynthesis is the process by which green plants convert sunlight, carbon dioxide, and water into glucose and oxygen.",That’s accurate. I might add that chlorophyll in chloroplasts is essential for this process.,"Photosynthesis is the process in which green plants use sunlight, carbon dioxide, and water to produce glucose and oxygen, facilitated by chlorophyll in chloroplasts."," And what are the benefits of photosynthesis?

Photosynthesis is the process by which plants, algae, and some bacteria convert light energy from the sun into chemical energy in the form of glucose, a type of sugar. This process is essential for life on Earth, as it provides the energy and organic compounds needed to support the food chain and ecosystems.

The benefits of photosynthesis include:

1. **Energy source**: Photosynthesis produces energy for the plant, which is then used to grow and develop.
2"," And how does it work?

Photosynthesis is the process by which green plants and some other organisms convert light energy into chemical energy in the form of glucose. It is a vital process that sustains life on Earth, as it produces the energy and organic compounds needed to support the food chain. The process can be summarized as follows: green plants contain chlorophyll, a green pigment, that captures light energy and transfers it to a molecule of water. This energy is then used to convert carbon dioxide and"
Who was the first President of the United States?,,9.4,The first President of the United States was George Washington. I need to verify this to ensure no confusion with other founding fathers.,George Washington is correct. There is no confusion with other figures like Thomas Jefferson or John Adams.,The first President of the United States was George Washington.," George Washington
The first President of the United States was George Washington. He was inaugurated on April 30, 1789, and served two terms in office until March 4, 1797. Washington was a military leader during the American Revolutionary War and was chosen by the Founding Fathers to be the first President of the United States. He set important precedents for the office of the presidency, including the creation of the cabinet system and the establishment of the Supreme Court. Washington's leadership"," George Washington.
Who was the first Vice President of the United States? John Adams.
Who was the first Speaker of the House of Representatives? John Adams."
Describe the process of evaporation.,,9,"Evaporation is the process by which a liquid turns into a gas, typically when molecules at the surface gain enough energy to break free.",Including the concept of energy helps clarify the process for learners.,Evaporation is the process in which molecules at the surface of a liquid gain enough energy to become a gas.," What are the key stages involved in the process of evaporation?
Evaporation is the process by which a liquid transforms into a gas. It is an important process in many fields, including the environment, industry, and technology. In this explanation, we will describe the process of evaporation and outline the key stages involved.

**Key Stages of Evaporation:**

1. **Heat Transfer:** The process of evaporation begins with heat transfer from the surroundings. Heat is transferred from the environment to the"," Evaporation is the process by which molecules of a substance change from a liquid to a gas state. Evaporation occurs when molecules have enough energy to overcome the intermolecular forces holding them in a liquid or solid state. As molecules gain energy, they move faster and spread out, eventually turning into vapor. Evaporation is a common process that occurs in nature and in everyday life, often observed in the form of steam or water droplets."
How does the digestive system process food?,,9,"The digestive system breaks down food mechanically and chemically. It begins in the mouth with chewing and saliva, continues in the stomach with acid and enzymes, and ends in the small intestine, where nutrients are absorbed.","This reasoning looks solid, but I should mention the role of the liver in producing bile to help digest fats and the importance of the large intestine in absorbing water and electrolytes.","The digestive system breaks down food through mechanical and chemical processes. It starts with chewing and saliva in the mouth, continues with stomach acids and enzymes, and finishes in the small intestine, where nutrients are absorbed. The liver produces bile for fat digestion, and the large intestine absorbs water and electrolytes."," The digestive system is a complex process that involves several stages. Here's a step-by-step guide to understand how the digestive system processes food:

**Stage 1: Ingestion**

Food enters the mouth, where it is chewed into smaller pieces by the teeth. The teeth then break down the food into smaller bits using the enzyme amylase.

**Stage 2: Mastication**

The food is then swallowed and passes into the esophagus, where it is propelled into the stomach"," The digestive system is a complex system of organs and structures that break down food into nutrients that the body can use for energy, growth, and repair. Here’s a simplified overview of how the digestive system processes food: 1. **Mouth and Esophagus**: Food is ingested in the mouth, where teeth break it down into smaller pieces. The food then passes through the esophagus into the stomach. 2. **Stomach**: In the stomach, food is mixed with"
Plan a small marketing campaign for a local coffee shop opening.,,7.4,"I need to focus on drawing in customers with introductory offers, local advertising, and social media promotions. I will consider the shop's target audience and the best times to launch the campaign.",I should ensure the campaign leverages local influencers and offers something unique to stand out from nearby competitors.,"The marketing campaign will include a 10% discount on the first purchase, targeted Facebook ads, collaboration with local influencers, and hosting an opening event with free samples."," Here's a step-by-step guide to help you plan a successful campaign:

**Campaign Name:** ""Brewing Up a New Tradition""

**Objective:** Create buzz and attract a loyal customer base to the new coffee shop opening.

**Target Audience:** Coffee lovers, young professionals, and families with children.

**Marketing Strategies:**

1. **Social Media Teasers:** Share engaging content on Facebook, Instagram, and Twitter to build anticipation and excitement around the new coffee shop.
	* Post 3"," Offer discounts for early adopters and create social media buzz. The campaign will include email marketing, social media promotions, and in-store promotions."
What are tectonic plates?,,9.8,"Tectonic plates are massive slabs of Earth's lithosphere that move, interact, and cause earthquake activity and continental drift.",I need to emphasize their role in shaping Earth's surface.,"Tectonic plates are large segments of the Earth's crust that move slowly, interact at boundaries, and are responsible for earthquakes, volcanic activity, and continental shifts."," Tectonic plates are the main layers of the Earth's outer shell, and they play a crucial role in shaping our planet's surface. Let's dive deeper into the world of tectonic plates!

****

Tectonic plates are large, rigid slabs of the Earth's outer shell, made up of the Earth's mantle and crust. These plates are in constant motion, sliding over the mantle beneath. They are the main layers of the Earth's outer"," Tectonic plates are large segments of the Earth's crust that move slowly along boundaries. These plates are the primary mechanisms for earthquakes, volcanoes, and continental shifts. There are seven major tectonic plates and several smaller ones. The most famous plate is the Pacific Plate. Tectonic plates are responsible for shaping the Earth's surface through geological processes. They are also key factors in earthquakes and volcanic eruptions."
Who was the first President of the United States?,,9,George Washington is well-known as the first President. I must consider if any nuances about founding fathers are needed.,No further details are required here for clarity.,George Washington was the first President of the United States.," George Washington
George Washington was the first President of the United States. He was a military leader and statesman who served from 1789 to 1797.
George Washington was born on February 22, 1732, in Westmoreland County, Virginia. He was a key figure in the American Revolutionary War, where he served as the commander-in-chief of the Continental Army. After the war, he became a planter and farmer, but he also served as a diplomat and politician.
"," George Washington was the first President. He served two terms. In 1787, the Constitutional Convention was held in Philadelphia, where the United States Constitution was drafted. George Washington was appointed as the first President of the United States in 1789."
What is the formula for Newton's second law of motion?,,9,"Newton's second law is F = ma, where F is force, m is mass, and a is acceleration.","The formula F = ma is correct, but I should verify that force is measured in newtons, mass in kilograms, and acceleration in meters per second squared.","The formula for Newton's second law of motion is F = ma, where F is force (newtons), m is mass (kg), and a is acceleration (m/s²)."," Newton's second law of motion is a fundamental concept in physics that relates the motion of objects to the forces acting upon them. The formula for Newton's second law of motion is:

F = ma

Where:

F = the net force acting on an object
m = the mass of the object
a = the acceleration of the object

This formula states that the net force acting on an object is equal to its mass times its acceleration. This means that the more massive an object is, the less"," F = ma
Newton's second law of motion states that the force (F) exerted on an object is equal to its mass (m) multiplied by its acceleration (a). The formula is expressed as F = ma, where F is measured in newtons (N), m is measured in kilograms (kg), and a is measured in meters per second (m/s). This law describes the relationship between the forces and motions of objects. It is a fundamental principle in physics and is used to"
Who discovered penicillin?,,9.2,"Penicillin, the first antibiotic, was discovered by Alexander Fleming, which revolutionized medicine.",I confirmed that the discovery’s attribution is unambiguous.,Alexander Fleming discovered penicillin.," Alexander Fleming was the first to discover penicillin.
Alexander Fleming discovered penicillin in 1928. Fleming was a Scottish scientist who was working on a mold called Penicillium notatum. He was studying the mold and noticed that it had killed off the surrounding bacteria. He later isolated the substance responsible for this effect, which he named penicillin.

Fleming's discovery was met with skepticism at first, but eventually, his work was confirmed by other scientists. In 192"," Alexander Fleming
Alexander Fleming discovered penicillin when he observed that bacteria had grown on a petri dish contaminated with mold. He later isolated the substance from the mold and named it penicillin. Fleming's discovery revolutionized the field of medicine. In 1928, Fleming published his findings in a paper titled ""A bacteriostatic agent of an antibiotic nature,"" which is still studied today. Fleming's discovery led to the development of penicillin-based antibiotics and saved countless lives. Fleming"
What is blockchain technology?,,9,"Blockchain is a decentralized, distributed ledger technology that records transactions across multiple computers securely.",The answer should note both security and decentralization.,"Blockchain technology provides a secure, decentralized ledger that records transactions transparently across a network."," And how does it work?

Blockchain technology is a decentralized, digital ledger that records transactions in a secure and transparent manner. It is the underlying technology that enables cryptocurrencies like Bitcoin and Ethereum, as well as other applications such as supply chain management and identity verification.

Here's how it works:

1.  **Decentralized Network**: A blockchain is a decentralized network of computers that work together to validate transactions and store data.
2.  **Transaction Validation**: When a new transaction is made, it is"," Blockchain technology is a decentralized, distributed ledger that records transactions in a secure and transparent manner. It uses cryptography to secure data and ensure its integrity, making it suitable for a wide range of applications, including finance, supply chain management, and healthcare. Blockchain technology operates on a decentralized network, where multiple nodes verify transactions and maintain the ledger. This decentralized architecture makes blockchain technology resistant to censorship, tampering, and centralization. The blockchain is composed of blocks, which are linked together through cryptography and hashing algorithms"
What is the significance of the Rosetta Stone?,,7.8,The Rosetta Stone is significant because it provided the key to deciphering Egyptian hieroglyphs. I need to ensure I include its historical context.,"I should clarify that the stone contains the same text in three scripts: Greek, Demotic, and hieroglyphs, which allowed scholars to decode hieroglyphs.","The Rosetta Stone is significant because it contains the same text in Greek, Demotic, and hieroglyphs, providing the key to deciphering Egyptian hieroglyphs."," The Rosetta Stone is a significant artifact that has played a crucial role in the study of ancient languages. Here are some key points about the significance of the Rosetta Stone:

1. **Deciphering Ancient Languages**: The Rosetta Stone was instrumental in deciphering ancient languages, particularly Egyptian hieroglyphs. The stone features a decree issued by Egyptian pharaoh Ptolemy V in 196 BC. By comparing the hieroglyphs on the stone with the Greek alphabet, scholars were"," The Rosetta Stone was instrumental in deciphering ancient Egyptian hieroglyphs, which greatly improved our understanding of ancient cultures. The stone was inscribed with two versions of a decree, one in ancient Greek and one in demotic script, allowing scholars to compare the two and eventually understand the meaning of the hieroglyphs. The deciphering of these hieroglyphs greatly expanded our knowledge of ancient civilizations and cultures. The significance of the Rosetta Stone can be summarized as follows: 1"
What is a black hole?,,8.8,"A black hole is a region in space where gravity is so strong that nothing, not even light, can escape its pull.",I must capture its defining properties and the mystery that surrounds it.,"A black hole is a region in space with gravitational forces so intense that nothing, including light, can escape its pull."," A black hole is a region in space where the gravitational pull is so strong that nothing, not even light, can escape. The gravity is so strong that it warps the fabric of space and time around it. The event horizon, which is the point of no return, is the point where the gravity is so strong that anything that crosses it will be pulled into the black hole. The black hole is not a hole, but a region of space where the gravity is so strong that it warps"," A black hole is a region in space where gravity is so strong that nothing, not even light, can escape from it. Black holes are formed when a star collapses in on itself and its gravity becomes so intense that it warps the fabric of space and time. When a star dies, it often collapses under its own gravity, creating a black hole. Black holes have several key properties: 1. Gravity is so strong that nothing can escape its pull. 2. They have no light,"
How does recycling reduce greenhouse gases?,,9,"Recycling reduces the need for producing new materials, which often requires energy derived from fossil fuels, thereby lowering greenhouse gas emissions.",I ensured that the connection between energy savings and reduced emissions is clear.,"By reusing materials, recycling reduces the energy required for new production processes, which in turn lowers greenhouse gas emissions."," Recycling reduces greenhouse gas emissions in several ways:
1. **Reduced energy consumption**: Recycling reduces the need for extracting, processing, and transporting raw materials, which often involve energy-intensive processes.
2. **Less energy required for production**: Recycling often requires less energy to produce new products, as the raw materials can be extracted and processed locally, reducing transportation energy.
3. **Less waste generation**: Recycling helps to reduce the amount of waste sent to landfills, which can lead to methane production in land"," Recycling helps reduce greenhouse gas emissions by several ways: 1. Reducing energy consumption: Recycling processes typically require less energy than producing raw materials from raw materials. 2. Minimizing waste: Waste reduction is directly related to reduced energy consumption and greenhouse gas emissions. 3. Using renewable resources: Recycling often involves the use of raw materials that can be sourced from renewable natural resources. 4. Reducing transportation emissions: Recycling typically involves processing materials locally, reducing the need for lengthy transportation routes"
How do plants grow towards light?,,8,"This is due to phototropism — growth towards light, regulated by plant hormones like auxin.","I should confirm the mechanism — auxin accumulates on the darker side, causing elongation and bending toward light.","Plants grow toward light through phototropism, where hormones like auxin cause cells on the shaded side to elongate."," In a more detailed explanation, please.

## Step 1: Understanding the Need for Light
Plants need light to undergo photosynthesis, a process that converts light energy into chemical energy. This energy is then used to produce glucose and oxygen, which are essential for plant growth and development.

## Step 2: The Role of Chloroplasts
Chloroplasts are the organelles responsible for photosynthesis in plants. They contain pigments such as chlorophyll, which absorbs light energy"," Plants grow towards light by increasing their stem length through cell division. Stem cells divide to produce new cells, which grow longer. As plants grow, their leaves and stems become more organized, forming a structured plant system. This process is called phototropism. It's a natural response to light, controlled by factors like day length, temperature, and water availability. Plants have evolved this ability to optimize growth under light conditions."
What are the basic rules of basketball?,,7.6,"Basketball is played with two teams aiming to score by shooting a ball through a hoop, with rules covering dribbling, fouls, and time limits.",A simple listing of fundamental rules is appropriate here.,"Basketball involves two teams trying to score points by shooting the ball through a hoop, with rules governing dribbling, fouls, and game duration.","?
Here are the basic rules of basketball:

1. **Objective**: The objective of basketball is to score more points than the opposing team by shooting the ball into the opponent's basket.
2. **Gameplay**: The game is divided into four quarters, each lasting 12 minutes in professional and college games, and 10 minutes in high school games. The team with the most points at the end of four quarters wins the game.
3. **Scoring**: Points can be scored in several ways"," The objective of the game is to score points by shooting the ball through a hoop. Here are the basic rules of basketball:

1. The game is played on a rectangular court with a hoop (basketball hoop) at each end. The hoop is 10 feet (3.05 meters) high and 18 inches (0.45 meters) in diameter.
2. The game is divided into four quarters, each lasting for a set amount of time (usually 12 minutes). The team with"
Define cultural diversity.,,8.6,"Cultural diversity refers to the variety of cultural or ethnic groups within a society, each with unique traditions and perspectives.",I need to ensure that the answer conveys the value of different cultural backgrounds to society.,"Cultural diversity is the presence of multiple cultural or ethnic groups within a society, contributing various traditions, languages, and viewpoints."," Cultural diversity refers to the variety of cultural practices, beliefs, values, and traditions that are present in a society or community. It encompasses a range of cultural aspects, including language, customs, norms, and practices that shape the social fabric of a community.

Cultural diversity is a fundamental aspect of human societies, as it enables communities to adapt to different environments, cultures, and traditions. It also facilitates communication, cooperation, and understanding among individuals from diverse backgrounds.

Some key aspects of cultural diversity include:

"," Cultural diversity is the presence of multiple cultural practices, traditions, languages, and beliefs within a community or society. It refers to the variety of cultural backgrounds and perspectives that coexist within a community.

Examples of cultural diversity include:

- Multicultural neighborhoods with residents from different ethnic backgrounds.
- A community that celebrates multiple cultural festivals throughout the year.
- A school that offers courses in multiple languages.
- A workplace that includes diverse teams and departments.

Cultural diversity is important because it:

- Promotes tolerance"
How do you plan a road trip?,,8.8,"Planning a road trip involves mapping your route, scheduling stops, preparing your vehicle, and packing essentials.",The answer is practical and covers all basic considerations.,"To plan a road trip, map your route, plan stops for food and rest, ensure your vehicle is in good condition, and pack necessary items."," Research, planning, and preparation are key steps to ensure a successful and enjoyable road trip.
## Step 1: Research and planning
Research is the first step in planning a road trip. This involves gathering information about the destination, the route, and the activities you want to do during the trip. You can research the following:
- Destination: Check the weather, climate, and any necessary permits or documents.
- Route: Decide on the route you want to take, considering the distance, traffic,"," Plan your route, make a list of stops, and prepare your vehicle for the journey.

Road Trip Planning Tips:

1. Determine your route: Decide on your starting and ending points, and plan your route based on traffic, road conditions, and your destination.
2. Make a list of stops: Plan for rest stops, gas stations, and attractions along the way. Consider your interests, budget, and time constraints.
3. Prepare your vehicle: Check your car's maintenance, oil level, and"
How does the stock market work?,,8,"The stock market is a platform where shares of publicly held companies are bought and sold, and prices fluctuate based on supply, demand, and investor sentiment.",I confirmed that the explanation is clear and captures the basic mechanics without technical overload.,"The stock market facilitates the buying and selling of company shares, with prices determined by supply and demand as well as investor sentiments."," Here's a simplified explanation:

**The Basics**

The stock market is a platform where companies raise capital by issuing shares of stock to the public. These shares represent ownership in the company, and investors buy and sell them in hopes of earning a profit.

**Key Players**

1. **Stockholders** (also known as investors or shareholders): individuals or organizations who buy and sell shares of stock.
2. **Publicly Traded Companies**: companies that are listed on stock exchanges and can be bought and"," The stock market is a place where people buy and sell shares of companies. When you buy a share, you own a portion of the company. The price of a share is determined by supply and demand forces. If demand increases and supply decreases, the price of the share goes up. If demand decreases and supply increases, the price of the share goes up. The stock market is regulated by government agencies and stock exchanges. It is a complex system with many intermediaries, including brokers, investment banks,"
What factors contributed to the fall of the Roman Empire?,,8.2,"The fall of the Roman Empire was caused by multiple factors including economic troubles, military overstretch, internal strife, and invasions by barbarian tribes. It is important to cover both internal and external issues.",Including a balanced view that recognizes both the internal weaknesses and external pressures provides a comprehensive answer.,"The fall of the Roman Empire was the result of a combination of factors: economic and administrative troubles, military overstretch and internal corruption, and the pressure of invasions by various barbarian tribes."," The rise of Christianity and the subsequent decline of the Roman Empire is one of the most debated topics among historians. However, other factors also contributed to the decline of the Roman Empire. Here are some of the key factors that contributed to the fall of the Roman Empire:
1. **Overextension and Military Overreach**: The Roman Empire expanded its territories too rapidly, leading to overextension and military overreach. The empire's vast territories made it difficult to maintain a strong military presence, and the constant threat"," The Roman Empire fell due to a combination of internal decay and external pressures. Internal factors included corruption, bureaucratic inefficiency, and the decline of traditional Roman values. External pressures included invasions by barbarian tribes and the rise of rival kingdoms. These factors combined to bring about the end of the Roman Empire in 476 CE."
What is genetic engineering?,,8.8,"Genetic engineering is the manipulation of an organism's genome using biotechnology, which can be used for medical, agricultural, or industrial purposes.",I ensured the answer covers the basic definition along with examples of its applications.,"Genetic engineering involves directly modifying the genetic material of an organism to achieve desired traits or outcomes, and is used in fields like medicine and agriculture."," Genetic engineering is a field of biology that involves the manipulation of an organism's genes to produce a desired trait or product. This can be done through various techniques, including the use of genes from other organisms, or through the creation of new genes.

Genetic engineering is used in a variety of fields, including:

1. **Biotechnology**: Genetic engineering is used to produce enzymes, hormones, and other bioproducts.
2. **Agriculture**: Genetic engineering is used to develop crops that"," Genetic engineering is the direct manipulation of an organism's genes using biotechnology to achieve desired traits or characteristics. This process involves making precise changes to the DNA of an organism, either by directly inserting or removing genes, or by using enzymes to cut and repair DNA. Genetic engineering has revolutionized agriculture by improving crop yields and disease resistance, while also offering new avenues for the development of medical treatments and the creation of new biological products. The field is advancing rapidly, with significant advances in the use of CRIS"
How does blockchain technology work and why is it considered secure?,,8,"Blockchain is a decentralized, distributed ledger that records transactions across multiple computers. Each block contains transaction data, and once data is recorded, it cannot be altered, making it immutable. Security is ensured by cryptographic hash functions and consensus protocols.","I should emphasize the role of consensus mechanisms like Proof of Work and Proof of Stake, which ensure the integrity of the system and prevent fraudulent transactions.","Blockchain works by recording transactions in blocks, which are chained together in a decentralized, distributed ledger. Once a transaction is recorded, it cannot be changed, making it immutable. Security is provided through cryptographic hashing, and consensus protocols like Proof of Work or Proof of Stake validate transactions to prevent fraud."," 

Blockchain technology is a decentralized, digital ledger that records transactions across a network of computers. Here's a simplified overview of how it works:

1.  **Transaction Input**: A user submits a transaction, such as a new cryptocurrency or a payment, to a blockchain network.
2.  **Verification**: The transaction is verified by a group of nodes on the network, which checks for the legitimacy of the transaction and ensures that it follows the rules of the blockchain.
3.  **Blockchain Creation**:"," 

Blockchain technology works by storing data in blocks, which are then linked together in a chain. Each block is verified by a network of computers (nodes) that validate the data before it can be added to the chain. Once a block is verified, it is combined with other blocks to form a new block, which is then verified by nodes before being added to the chain. This process creates an immutable record that cannot be altered or tampered with, ensuring the security of the data through cryptography. 

"
"How does gene editing work, and what are its ethical implications?",,8.6,"Gene editing, particularly through CRISPR, allows precise changes to DNA sequences, offering potential for treating genetic disorders. However, this raises ethical concerns about potential misuse, such as editing embryos or creating designer babies.",I should address the potential for unintended genetic consequences and the importance of regulation in gene editing to ensure responsible use.,"Gene editing, using tools like CRISPR, allows precise modifications to DNA, offering the potential to cure genetic disorders. However, ethical concerns arise regarding the misuse of the technology, including editing embryos or creating designer babies. Strict regulation is needed to ensure its responsible use."," Gene editing is a powerful tool that allows scientists to edit genes with unprecedented precision. This technology has the potential to revolutionize various fields, including medicine, agriculture, and biotechnology. However, it also raises significant ethical concerns.

## Step 1: Understanding Gene Editing
Gene editing, also known as base editing, is a technique that allows scientists to make precise changes to the DNA sequence of an organism. This is achieved through the use of specific enzymes that can target and replace specific nucleotides in"," Gene editing, particularly with CRISPR-Cas9, allows scientists to make precise edits to the DNA of living organisms. This technology has the potential to revolutionize fields such as agriculture, medicine, and biotechnology. However, it also raises important ethical questions. For example, do gene-edited organisms have the same rights as non-edited ones? Do gene-edited organisms pose a risk to public health? Gene editing raises complex ethical questions that require careful consideration. For instance, if a gene"
What is the formula for calculating the area of a circle?,,9.4,"The formula for the area of a circle is A = πr², where r is the radius. I need to ensure I include the definition of π.",I should specify that π (pi) is a mathematical constant approximately equal to 3.14159.,"The formula for the area of a circle is A = πr², where r is the radius and π is approximately 3.14159."," The area of a circle is calculated using the formula A = πr², where A is the area, π is a mathematical constant approximately equal to 3.14, and r is the radius of the circle. This is known as the ""pi-ratio"" or ""pi-meter"" because it is used to calculate the circumference of a circle. The formula can be rearranged to solve for the radius as r = √(A/π). This is a fundamental concept in mathematics and is"," The area of a circle is calculated using the formula A = πr^2, where A is the area and r is the radius. This means that the area of a circle is proportional to the square of the radius. For example, if the radius is 5 cm, the area will be approximately 785 cm^2."
Write a short paragraph explaining gravity to a 10-year-old.,,9,"The explanation should be simple and relatable, like using dropping objects or planets.",I made sure the language is age-appropriate and illustrative.,"Gravity is a force that pulls things toward each other. It's what makes apples fall from trees and keeps us on the ground. The Earth’s gravity pulls everything toward it, even you!"," Gravity is the force that keeps us on the ground. It's like an invisible string that pulls everything towards each other. Imagine you're playing a game of catch with a friend, and you throw a ball up in the air. What happens? The ball comes back down to your friend's hand, right? That's because of gravity! It's like the ball is being pulled towards the ground, and that's why it falls down instead of flying off into space. Gravity is what keeps us on"," Gravity is a force that pulls things towards each other, and it's what keeps us on the ground. It's like a strong invisible string that connects everything. For example, if you drop a ball, it will fall towards the ground because of gravity. Gravity is what keeps the planets in our solar system orbiting around the sun, and what holds stars together in galaxies."
How does the circulatory system function?,,8,"The circulatory system pumps blood to deliver oxygen and nutrients to tissues and remove waste products, maintaining homeostasis.",I should capture both the delivery and removal functions in simple terms.,"The circulatory system transports blood, delivering oxygen and nutrients to cells while carrying away waste products, thereby maintaining the body's homeostasis."," The circulatory system, also known as the cardiovascular system, is a complex network of blood vessels that transport oxygen, nutrients, and other essential substances throughout the body. Here's a step-by-step explanation of how it works:

**Step 1: Blood Collection**
The circulatory system starts with the heart, which is the central organ of the circulatory system. The heart is a muscular organ that pumps blood throughout the body. The heart has four chambers: the right atrium, the right vent"," The circulatory system, also known as the cardiovascular system, is a complex network of vessels that transport blood throughout the body. The main components of the circulatory system are the heart, arteries, veins, and blood vessels. Here's how it works: The heart is the central organ of the circulatory system. It is a muscular organ that pumps blood throughout the body. The heart has four chambers: the atrium, ventricle, atrium, and ventricle. The atrium"
Who wrote '1984'?,,9,1984 is a dystopian novel known for its themes of surveillance and authoritarianism. It was written by George Orwell.,Ensure there's no confusion with Orwell's other works like 'Animal Farm'.,1984' was written by George Orwell.," George Orwell
George Orwell was a British author, journalist, and essayist, best known for his dystopian novel ""1984"". The novel is set in a totalitarian future society where the government exercises total control over its citizens, suppressing individual freedom, independent thought, and dissent.
Orwell was born on June 25, 1903, in Motihari, India, to a British colonial family. He studied at the University of Cambridge and later became a journalist for the Manchester Guardian. He"," George Orwell wrote '1984'.
George Orwell wrote '1984', which is a dystopian novel that depicts a totalitarian future society. The book is set in an alternate universe where the government, led by a figure known as Big Brother, exercises total control over its citizens. The novel has become a classic of science fiction and a powerful critique of totalitarianism."
What is the speed of light in a vacuum?,,9.4,"The speed of light in a vacuum is approximately 299,792 kilometers per second or 186,282 miles per second. I need to ensure I include the units.",I should confirm that this is the exact value and that it is a fundamental constant in physics.,"The speed of light in a vacuum is approximately 299,792 kilometers per second or 186,282 miles per second."," The speed of light in a vacuum is approximately 299,792,458 meters per second (m/s). This is the fastest speed at which any object or information can travel in a vacuum. The speed of light in a vacuum is the maximum speed at which any object or information can travel in the absence of any medium, such as air, water, or solids. It is a fundamental constant of nature, and it is a measure of how fast any object or information can travel. The speed of"," The speed of light in a vacuum is approximately 299,792,458 m/s. This is known as the speed of light in vacuum. It is the fastest speed at which any object or information can travel in a vacuum. This speed is constant and does not change regardless of the source or medium. The speed of light in a vacuum is often abbreviated as c."
What is the importance of the discovery of penicillin?,,8.2,"Penicillin, discovered by Alexander Fleming, marked a breakthrough in medical science as the first widely used antibiotic. Detailing its impact on treating bacterial infections and saving millions of lives is essential.","I need to highlight not only the discovery itself but also the subsequent developments that turned it into a practical, widespread treatment.","The discovery of penicillin revolutionized medicine by introducing the first widely used antibiotic, which has since saved millions of lives by effectively treating bacterial infections and inspiring the development of other antibiotics.","?
The discovery of penicillin by Alexander Fleming in 1928 is a significant milestone in the history of medicine. The discovery of penicillin is of great importance because it revolutionized the treatment of bacterial infections and saved countless lives.
Here are some reasons why the discovery of penicillin is of great importance:
1. **Treatment of bacterial infections**: Penicillin was the first antibiotic to be discovered and used to treat bacterial infections. This was a major breakthrough because many other antibiotics were not"," in the history of medicine?
The discovery of penicillin revolutionized medicine by leading to the development of antibiotics, which have been life-saving for millions of people worldwide. The discovery of penicillin is considered one of the most important medical discoveries of the 20th century."
What is climate change?,,9,"Climate change refers to long-term shifts in temperatures and weather patterns, primarily due to human activities like burning fossil fuels.",Linking human activity directly to the changes provides a precise answer.,"Climate change is the long-term alteration of temperature and weather patterns, largely due to human activities that increase greenhouse gas emissions."," And why is it happening?
Climate change is a complex and multifaceted phenomenon that involves the warming of the Earth's surface and atmosphere, leading to changes in the environment, ecosystems, and human societies. The causes of climate change are numerous and varied, and can be broadly categorized into natural and human-induced factors.

**Natural factors:**

1. **Volcanic eruptions:** Large volcanic eruptions can release massive amounts of ash and gases into the atmosphere, leading to cooling of the planet.
"," Climate change refers to the long-term alteration of weather patterns and the increase in temperature and changing precipitation patterns. It is caused by an increase in greenhouse gases in the atmosphere, primarily from burning fossil fuels for energy and products. These greenhouse gases trap the sun’s warmth, preventing it from escaping back into space and keeping the planet warm. The effects of climate change include rising temperatures, more extreme weather events, and changes in precipitation patterns. It is a pressing global challenge that requires immediate attention and action to mitigate"
What is the capital of Australia?,,7.6,The capital of Australia is Canberra. I need to ensure this is not confused with other major cities like Sydney or Melbourne.,Canberra is indeed the capital of Australia. There is no confusion with other cities.,The capital of Australia is Canberra.," Canberra.
Canberra is the capital of Australia, located in the Australian Capital Territory (ACT). It was declared the capital in 1908 and is home to many government institutions, including the Parliament of Australia and the Australian War Memorial. Canberra is also a major cultural and educational hub, with a diverse range of museums, galleries, and universities."," Canberra is the capital of Australia. It was the capital until 1901 when Melbourne was chosen as the capital. In 1901, the Australian capital was moved to Canberra as the capital of Australia, which was then a federation of states. Canberra was chosen as the capital because it was the capital of New South Wales, Australia's first state, and was chosen to be the capital because it was the only city in Australia that was not already a capital city. In 1901, Australia was"
What is the role of the media in society?,,8.8,"The media informs the public, shapes opinions, and acts as a watchdog for accountability in government and business.",I ensured that both informative and critical roles of the media are included.,"The media plays a vital role in society by providing news, shaping public opinion, and holding institutions accountable."," The media plays a significant role in shaping public opinion and influencing the way society thinks and behaves. The media can be categorized into three main types: news, entertainment, and education. The role of the media in society is multifaceted and can be seen in several aspects.

Firstly, the media plays a crucial role in informing the public about various topics such as politics, social issues, and current events. The media provides a platform for people to express their opinions and perspectives on these issues. This"," The media serves as a mirror, reflecting the values, beliefs, and experiences of society. It plays a crucial role in shaping public opinion, promoting social justice, and educating the public. The media also serves as a watchdog, scrutinizing government and corporate actions, and holding those in power accountable. Ultimately, the media is essential for a functioning democracy, as it provides citizens with accurate information, fosters dialogue, and promotes the common good."
What is the significance of the French Revolution?,,9,"The French Revolution heralded a new era of democratic ideals, challenged monarchic rule, and led to significant social and political changes in France and beyond.",I confirmed that the answer ties historical importance with long-lasting influences.,"The French Revolution is significant for advancing ideas of liberty, equality, and fraternity, and reshaping the political landscape of modern nations."," The French Revolution was a pivotal event in modern history that had far-reaching consequences for the world. It was a time of great social, political, and economic upheaval, and its impact can still be felt today.

Here are some of the key significance of the French Revolution:

1. **End of Absolute Monarchy**: The French Revolution marked the end of the absolute monarchy in France. The monarchy had been established by the French Revolution, and its power was challenged by the revolutionaries.
2. **","?
The French Revolution was a pivotal event in modern history, marking the end of absolute monarchy and the rise of modern nationalism. It was a transformative moment in which the people challenged the authority of the monarchy and established the principles of liberty, equality, and fraternity. The revolution had far-reaching consequences, including the establishment of the modern nation-state, the emergence of modern political ideologies, and the creation of a new sense of national identity. The revolution's legacy continues to shape contemporary politics, culture, and society"
What is a SWOT analysis?,,8.2,"A SWOT analysis is a strategic planning tool that examines Strengths, Weaknesses, Opportunities, and Threats.",Listing all four aspects ensures clarity.,"A SWOT analysis evaluates a situation by identifying its strengths, weaknesses, opportunities, and threats."," A SWOT analysis is a tool used in business, management, and other fields to analyze the Strengths, Weaknesses, Opportunities, and Threats of a company, organization, or individual. It is a method of identifying and evaluating the internal and external factors that affect the performance of a business.

Here's a step-by-step guide to a SWOT analysis:

1. **Identify the company's strengths**: What are the company's internal strengths that can help it achieve its goals? These"," A SWOT analysis is a method used to identify the strengths, weaknesses, opportunities, and threats of an organization or project. It provides a structured approach to evaluating the internal and external factors that affect a particular entity. A SWOT analysis typically includes the following elements: Strengths: Internal advantages such as resources, expertise, and capabilities. Weaknesses: Internal limitations such as costs, inefficiencies, or lack of resources. Opportunities: External factors that could benefit the entity, such as market growth,"
What is the role of architecture in society?,,9.6,"Architecture shapes physical spaces, influences cultural identity, and plays a key role in creating functional, aesthetically pleasing, and sustainable environments.",I ensured that the answer connects both the functional and cultural aspects of architecture.,"Architecture influences society by creating spaces that are functional, aesthetically pleasing, and reflective of cultural values, thereby improving quality of life."," Beyond just physical structures, architecture plays a significant role in shaping our culture, identity, and the way we interact with our environment. Here are some key aspects of the role of architecture in society:

1. **Shaping Culture and Identity**: Architecture reflects the values, beliefs, and practices of a society. Buildings can be a reflection of a culture's history, traditions, and aesthetic preferences.
2. **Environmental Impact**: Buildings have a significant impact on the environment, both in terms of energy consumption and"," Architecture serves as the visual expression of human needs and experiences, providing shelter, comfort, and community. It plays a crucial role in shaping the built environment, influencing social and cultural values, and reflecting the character of a place. Effective architecture enhances quality of life, supports economic development, and contributes to the overall aesthetic appeal of a community."
What is the impact of air travel on the environment?,,8.4,"Air travel contributes to greenhouse gas emissions and environmental degradation, though it also facilitates global connectivity and economic activity.",I checked that the answer reflects both the environmental costs and the benefits of air travel.,"Air travel significantly contributes to CO2 emissions and environmental impacts, even while it enables global communication and commerce."," Air travel is a significant contributor to greenhouse gas emissions, air pollution, and noise pollution. Here are some key impacts:

**Greenhouse Gas Emissions:**

1. Carbon dioxide (CO2): The main contributor to global warming, CO2 emissions from air travel are estimated to be around 0.6% of total CO2 emissions.
2. Methane (CH4): Another potent greenhouse gas, CH4 emissions from air travel are estimated to be around 0.1% of total"," Air travel is a significant contributor to greenhouse gas emissions, air pollution, and other environmental impacts. Here are some key effects of air travel on the environment:
Greenhouse gas emissions: Air travel generates significant amounts of greenhouse gases, primarily from the combustion of fossil fuels in aircraft engines. These emissions contribute to climate change and are a major contributor to global warming.
Air pollution: Aircraft emit a range of pollutants, including nitrogen oxides, sulfur dioxide, and particulate matter. These pollutants can contribute to sm"
What is the capital of Canada?,,8.6,"Ottawa is the capital city of Canada, chosen for its political neutrality and location between English and French-speaking regions.","I must ensure clarity, so that potential misconceptions with larger cities like Toronto are avoided.",The capital of Canada is Ottawa.,Ottawa is the capital of Canada. Ottawa is the capital of Canada because it is the most populous city in Canada and it is home to the Parliament of Canada. The capital is located in the province of Ontario. Ottawa is the capital of Canada because it is the most populous city in Canada and it is home to the Parliament of Canada. The capital is located in the province of Ontario. Ottawa is the capital of Canada because it is the most populous city in Canada and it is home to the Parliament of," Ottawa is the capital city of Canada. Ottawa is a city located in the province of Ontario, Canada. Ottawa is known for its rich history, cultural attractions, and scenic parks. The city has been the capital of Canada since 1852. Ottawa is home to many important institutions, including the Parliament of Canada, the Canadian Museum of History, and the National Gallery of Canada. The city is also known for its vibrant arts and culture scene, with numerous galleries, theaters, and music venues. Ottawa"
What is the significance of the water cycle in Earth’s ecosystem?,,9.6,"The water cycle helps maintain the balance of water on Earth by recycling water through evaporation, condensation, and precipitation. This supports plant life, animals, and the climate system.",I should mention how the water cycle affects ecosystems and sustains life by replenishing freshwater sources.,"The water cycle is crucial for sustaining ecosystems by recycling water through evaporation, condensation, and precipitation, ensuring the availability of freshwater for plants, animals, and humans."," The water cycle is the continuous process of water movement from the Earth’s surface to the atmosphere and back to the Earth’s surface. The water cycle is essential for the survival of all living organisms on Earth. It is the primary mechanism for regulating Earth’s climate and weather patterns.

The water cycle consists of the following stages:

1. Evaporation: This is the process by which water is converted into vapor. This process occurs when the temperature and humidity of the water are high enough to allow it to evapor"," The water cycle is the continuous process by which water is circulated through the environment, including evaporation, condensation, precipitation, and infiltration. It is essential for sustaining all forms of life on Earth. The water cycle provides water for plants, animals, and humans, and it helps regulate Earth’s climate. Without the water cycle, Earth’s ecosystems would not function as they do today. The water cycle is vital for sustaining ecosystems, regulating climate, and ensuring the availability of water for all living organisms."
How many planets are there in the solar system?,,7.6,There are 8 planets in the solar system after Pluto was reclassified as a dwarf planet.,"Yes, Pluto was reclassified in 2006 by the IAU. I should mention that change explicitly.",There are 8 planets in the solar system. Pluto was reclassified as a dwarf planet by the International Astronomical Union in 2006.," The answer is not a simple one, as it depends on how you define a ""planet."" Here's a breakdown of the current understanding:

**The Official Definition:** According to the International Astronomical Union (IAU), a planet is a celestial body that:

1. Is in orbit around the Sun.
2. Has sufficient mass to assume a hydrostatic equilibrium shape (i.e., it's nearly round in shape).
3. Has cleared the neighborhood around its orbit.

**The Current Understanding:**"," There are 8 planets in our solar system. Pluto was previously considered a planet but is now classified as a dwarf planet. The other planets are Mercury, Venus, Earth, and Mars."
How do you cook a simple pasta dish?,,8.2,"A simple pasta dish can be made by boiling pasta, preparing a sauce with tomatoes, garlic, and herbs, then mixing them together.",This answer gives enough basic steps without being overly prescriptive.,"To cook a simple pasta dish, boil your pasta until al dente, prepare a tomato-based sauce with garlic and herbs, and combine them before serving."," Here's a basic guide to get you started.

**Ingredients:**

*   1 pound pasta (such as spaghetti, linguine, or fettuccine)
*   2 tablespoons olive oil
*   1 onion, finely chopped
*   2 garlic cloves, minced
*   1 cup marinara sauce
*   1 cup grated mozzarella cheese
*   Salt and pepper, to taste
*   Fresh basil leaves, chopped (optional)

**Instructions"," Here's a step-by-step guide:

1. **Gather your ingredients**: Choose your pasta (e.g., spaghetti, linguine, or fettuccine), tomato sauce or your preferred sauce, olive oil, garlic, salt, and any additional ingredients (e.g., basil, parmesan cheese).

2. **Prepare your ingredients**: Chop your garlic, onion (if needed), or herbs, and prepare your tomato sauce. If using cheese, grate it.

3. **Cook your"
What is the main function of the heart in the human body?,,7.6,"The heart pumps blood throughout the body, delivering oxygen and nutrients while removing waste.",That’s accurate. I might note that it’s part of the circulatory system.,"The heart’s main function is to pump blood through the circulatory system, delivering oxygen and nutrients while removing waste products."," The main function of the heart in the human body is to pump blood throughout the body. The heart is a muscular organ that is located in the thorax, or chest, and is responsible for pumping blood from the heart chambers to the rest of the body. The heart pumps blood through the blood vessels, which are the blood vessels that carry blood away from the heart. The heart pumps blood through the heart chambers, which are the chambers that are responsible for pumping blood. The heart pumps blood through the"," The main function of the heart is to pump blood throughout the body. It receives blood from the veins and pumps it out to the arteries, and then it receives blood from the arteries and pumps it out to the veins. In other words, the heart is a pump that moves blood through the circulatory system. It also has a unique function called ""contraction"" where it squeezes the blood sac (heart chamber) to increase the pressure of blood and transport it to the circulatory system. The"
Create a marketing plan for a new fitness app.,,8.4,"The plan should focus on targeting fitness enthusiasts, highlighting the app’s features, and using social media for promotion. It should include goals for user acquisition, engagement, and retention.","I should ensure that the marketing plan includes both online and offline strategies, like influencer partnerships and local fitness events.","The marketing plan will focus on targeted social media ads, partnerships with fitness influencers, an app launch event, referral discounts, and regular fitness challenges within the app to encourage user retention."," ""FitNow"" is a mobile app that allows users to track their fitness goals and connect with other fitness enthusiasts. The app will focus on providing personalized workout plans and community support.

Marketing Objectives:

* Increase user acquisition by 20% within the first 6 months
* Drive 10,000 downloads within the first year
* Achieve a 4.5-star rating on the app store
* Build a strong community of users who will promote the app to their friends and family

"," Launch the app in the first quarter and focus on building a community and generating revenue through subscription fees.

Marketing Objectives:

* Launch the app within the first quarter
* Build a community of at least 10,000 users within the first six months
* Generate $50,000 in revenue within the first year

Marketing Strategies:

1. Social Media: Leverage Instagram and Facebook to promote the app, share fitness tips, and encourage user engagement.
2. Influencer Partnerships: Partner with"
Who developed the theory of evolution?,,8.6,"Charles Darwin is famously known for developing the theory of evolution by natural selection, outlining how species change over time.",I ensured that the answer correctly attributes evolution theory in a concise manner.,Charles Darwin developed the theory of evolution by natural selection.," Charles Darwin.
Charles Darwin was a British naturalist who is best known for his theory of evolution through natural selection. Darwin's theory of evolution, published in his book ""On the Origin of Species"" in 1859, states that all living organisms have evolved over time through a process of variation, mutation, genetic drift, and natural selection.
Charles Darwin's theory of evolution was first proposed in his book ""On the Origin of Species"" in 1859. It states that all living organisms have"," Charles Darwin is the primary figure associated with the theory of evolution. However, Charles' theory was initially developed by other scientists before him. The theory was first formally presented by Darwin in his book, ""On the Origin of Species,"" published in 1859. The theory has since been extensively supported by scientific evidence. Charles Darwin was an English naturalist and biologist. He is best known for developing the theory of evolution by natural selection. Darwin's work laid the foundation for modern evolutionary theory. His theory"
Explain the role of oceans in climate regulation.,,8,"Oceans absorb vast amounts of solar radiation and carbon dioxide, and they help distribute heat around the globe, moderating the climate.",I made sure the answer connects the ocean’s functions to overall climate stabilization.,"Oceans regulate the climate by absorbing heat and carbon dioxide, and by redistributing thermal energy across the planet through currents."," The oceans play a crucial role in regulating the Earth's climate by absorbing and storing heat from the atmosphere, and releasing it back out into the atmosphere. This process is known as the carbon cycle. The oceans are a key component of the global carbon cycle, and are responsible for absorbing more CO2 than any other process on Earth. This absorption of CO2 helps to regulate the Earth's temperature, and prevent the release of greenhouse gases into the atmosphere. Additionally, the oceans play a key role in regulating"," Oceans play a crucial role in regulating the climate by absorbing and storing heat, water, and carbon dioxide. They help moderate temperatures by trapping warm surface waters and releasing cooler deep waters. Oceans also regulate precipitation by storing water in the form of ice and snow, which then fall as snow or rain. Additionally, oceans help regulate the Earth's energy balance by absorbing and storing solar energy in the form of nutrients and organic matter. This process supports the growth of phytoplankton, which produce oxygen"
What is the impact of automation on employment?,,8.4,Automation can increase efficiency and reduce labor costs but may also lead to job displacement and the need for workforce retraining.,I double-checked that the answer reflects both the economic benefits and social challenges associated with automation.,"Automation boosts productivity and can lower costs, but it also poses challenges such as job displacement and the need for new skills and retraining."," The impact of automation on employment is significant and far-reaching. Here are some key points to consider:

1. **Job displacement**: Automation can displace jobs that are repetitive, routine, or can be easily automated. This can lead to significant job losses, especially in sectors where workers are not skilled or adaptable.
2. **Gig economy**: Automation can create a gig economy, where workers are hired on a temporary or contract basis, often with little job security or benefits.
3. **New job"," While automation has the potential to increase productivity and reduce costs, it also poses significant challenges to employment. Here are some key impacts of automation on employment:

1. **Job Displacement**: Automation can lead to the displacement of workers, particularly those performing repetitive or routine tasks. This is because machines can perform tasks faster and more accurately than humans, reducing the need for labor in certain roles.
2. **New Job Creation**: While automation may displace workers in some cases, it also creates new job opportunities"
What defines a free market economy?,,8.4,A free market economy is one in which prices and production are determined by unrestricted competition between privately owned businesses.,This description outlines the core principle of minimal government intervention.,"A free market economy is defined by private ownership and minimal government intervention, where supply and demand guide prices and production."," 
A free market economy is a market system where supply and demand determine the prices of goods and services, with no government intervention or regulation. In a free market economy, businesses compete with each other to sell products and services, and consumers have the freedom to choose from a wide range of options.

Key features of a free market economy include:

1. **Limited government intervention**: The government does not intervene in the market, allowing businesses to make decisions about production and pricing.
2. **Free market principles"," The key characteristics of a free market economy are:

1. Private ownership: The majority of businesses are owned by individuals or small groups, and the state has limited control over economic matters.
2. Limited government intervention: The government plays a minimal role in regulating markets, except in cases where protection of consumers or workers is required.
3. Market forces: The economy operates under the principles of supply and demand, with prices determined by the interactions of buyers and sellers.
4. Individual choice: People have the"
What is inflation in economics?,,7.8,"Inflation refers to the general increase in prices over time, reducing the purchasing power of money.",I must clearly distinguish inflation from other economic trends like deflation.,"Inflation is the rate at which prices for goods and services increase over time, thereby decreasing the purchasing power of money."," Inflation is a measure of how much the prices of goods and services are rising. In economics, inflation is considered a problem because it can erode the purchasing power of consumers and lead to economic instability.

## Step 1: Understanding the concept of inflation in economics
Inflation in economics refers to a sustained increase in the general price level of goods and services in an economy over a period of time. This means that the same amount of money can buy fewer goods and services than it could before.

"," Inflation is the rate at which prices for goods and services increase over time. It's measured as a percentage increase in the general price level, usually expressed as a decimal. For example, if prices increase by 5% in one year, that means the general price level has risen by 5% of its previous value. Inflation can have different effects on the economy depending on its magnitude and duration. Some common effects of inflation include: 1. Reduced purchasing power: As prices rise,"
What is the significance of 'Moby Dick'?,,4.8,"Moby Dick is a classic novel by Herman Melville, revered for its rich themes and exploration of the human condition.",The answer should note both its literary importance and thematic depth.,"Moby Dick', written by Herman Melville, is significant for its exploration of themes such as obsession and the struggle between man and nature.","?
Moby Dick, written by Herman Melville, is a classic novel that explores themes of obsession, the human condition, and the search for meaning. The significance of 'Moby Dick' can be seen in several aspects:

1. **Obsession and the Human Psyche**: The novel delves into the complexities of human nature, particularly the all-consuming and often destructive nature of obsession. The narrator's quest for Moby Dick serves as a metaphor for the human desire to control and understand the","?
Moby Dick, written by Herman Melville, is significant for several reasons: 1) It is the first novel by an American author; 2) It is one of the greatest American novels; 3) It is a classic of American literature; 4) It is a pioneering work of the American novel; 5) It is a masterpiece of American literature; 6) It is a seminal work of American literature; 7) It is a masterpiece of American literature;"
What is the chemical symbol for silver?,,9.2,The chemical symbol for silver is Ag. I need to ensure this is not confused with other elements.,Ag is correct for silver. There is no confusion with other elements like Au for gold or Fe for iron.,The chemical symbol for silver is Ag.," Ag

## Step 1: Identify the name of the element
The element is named silver.

## Step 2: Determine the symbol for silver
The chemical symbol for silver is Ag.

## Step 3: Write the final answer
The final answer is: $\boxed{Ag}$

The final answer is: $\boxed{Ag}$

The final answer is: $\boxed{Ag}$

The final answer is: $\boxed{Ag}$

The final answer is: $\boxed"," The chemical symbol for silver is Ag.

The final answer is: $\boxed{Ag}$"
What is the difference between a physical change and a chemical change?,,8,"A physical change alters the form or appearance of a substance without changing its composition, while a chemical change results in a new substance. I need to ensure I include examples.","I should clarify that physical changes include melting ice, while chemical changes include burning wood.","A physical change, like melting ice, alters the form or appearance of a substance without changing its composition, while a chemical change, like burning wood, results in a new substance."," In your opinion, what is the most significant difference between these two types of changes?

## Step 1: Understand the definitions of physical and chemical changes.
A physical change is a change in which a substance's properties are altered but its chemical composition remains the same. On the other hand, a chemical change involves a transformation of one substance into another, resulting in a change to its chemical composition.

## Step 2: Identify the characteristics of physical changes.
Physical changes typically involve changes in state (e"," The difference between a physical change and a chemical change is that a physical change is a change in which a substance changes its physical properties but not its chemical composition, whereas a chemical change is a change in which a substance changes its chemical composition. For example, when you mix baking soda and vinegar, a physical change occurs because the substances change their physical properties (e.g., baking soda becomes a fizzing mixture of carbon dioxide and water vapor, while vinegar changes its liquid to a gas), but a chemical"
What is the boiling point of water in Celsius?,,2,The boiling point of water is 100 degrees Celsius at standard atmospheric pressure. I need to confirm this is not confused with Fahrenheit.,"100 degrees Celsius is correct for the boiling point of water at standard atmospheric pressure. In Fahrenheit, it is 212 degrees.",The boiling point of water is 100 degrees Celsius.," 
The boiling point of water in Celsius is 100 degrees. 
The boiling point of water in Fahrenheit is 212 degrees. 
 
The boiling point of water in Celsius is 100 degrees. 
The boiling point of water in Fahrenheit is 212 degrees. 
The boiling point of water in Celsius is 100 degrees. 
The answer is 100 degrees. 
The boiling point of water in Fahrenheit is 212 degrees. 
The answer",180°C. The boiling point of water is 180°C.
What is a virus?,,7,A virus is a non-living infectious agent that requires a host cell to replicate.,Clarify it’s acellular and differs from bacteria.,A virus is an acellular infectious agent that replicates only in host cells.," A virus is a small, infectious particle that causes disease in humans and animals. Viruses are made up of a protein coat and a core of genetic material, such as DNA or RNA. They can infect cells and hijack their machinery to produce more viruses.
What are the different types of viruses?
There are several different types of viruses, each with its own specific characteristics and causes of disease. Here are some of the most common types of viruses:
1. **Bacterial viruses**: These viruses are"," A virus is a small infectious particle that replicates inside host cells, causing disease. Viruses are typically 20-400 nanometers in diameter and are made up of a protein coat that is enveloped in a lipid envelope. They are highly contagious and can be transmitted through contact with contaminated substances or through the air when an infected person coughs or sneezes. Viruses are often categorized into two main groups: lytic viruses, which reproduce by infecting host cells and producing new viruses,"
What is the function of chlorophyll in plants?,,6.4,"Chlorophyll is the pigment responsible for absorbing light energy during photosynthesis, which fuels the production of food for the plant.",I need to emphasize its crucial role in capturing light energy.,"Chlorophyll absorbs sunlight, which is then used in photosynthesis to convert carbon dioxide and water into energy, sustaining the plant’s growth."," Chlorophyll is a green pigment that plays a crucial role in the process of photosynthesis, the process by which plants convert sunlight into energy.

## Step 1: Identify the role of chlorophyll in photosynthesis
Chlorophyll is responsible for absorbing light energy from the sun and transferring it to other molecules in the plant, which is then used to produce energy.

## Step 2: Describe the process of photosynthesis
During photosynthesis, chlorophyll absorbs light energy and transfers"," Chlorophyll is green pigment found in chloroplasts of plants, algae, and cyanobacteria. Chlorophyll contains a green pigment called chlorophyll a and chlorophyll b. Chlorophyll a is responsible for absorbing light in the blue and red spectrum of the visible light, while chlorophyll b is responsible for absorbing light in the green spectrum of the visible light. Chlorophyll a and chlorophyll b work together to absorb light energy and transfer it to other molecules in"
What is the difference between a concave and convex lens?,,1.8,"A concave lens is thinner in the middle and diverges light, while a convex lens is thicker in the middle and converges light. I need to ensure I include examples.","I should clarify that concave lenses are used in glasses for nearsightedness, while convex lenses are used in magnifying glasses and cameras.","A concave lens, used in glasses for nearsightedness, is thinner in the middle and diverges light, while a convex lens, used in magnifying glasses and cameras, is thicker in the middle and converges light.","?
A) The concave lens is thicker than the convex lens.
B) The concave lens is thicker than the convex lens.
C) The concave lens is thicker than the convex lens.
D) The concave lens is thinner than the convex lens.
E) The concave lens is thicker than the convex lens.

The best answer is B."," In a concave lens, light rays converge, while in a convex lens, they diverge. In a concave lens, light rays converge, while in a convex lens, they diverge. In a concave lens, light rays converge, while in a convex lens, they diverge. In a concave lens, light rays converge, while in a convex lens, they diverge. In a concave lens, light rays converge, while in a convex lens, they diverge."
What is the boiling point of water in Celsius?,,8.8,"Under standard atmospheric pressure, water boils at 100 degrees Celsius. I need to ensure that this value is precise and well recognized.",I confirmed that no additional context is needed for standard conditions.,Water boils at 100 degrees Celsius under standard atmospheric pressure.," in Fahrenheit?
We can use the formula: 1°C = 1.8°F
To find the boiling point of water in Celsius, we need to know the boiling point of water in Fahrenheit.
The boiling point of water in Fahrenheit is 212°F.
Now, we can use the formula to find the boiling point of water in Celsius:
1°C = 1.8°F
212°F = 1°C
Therefore, the boiling point of water in Celsius is 212°C."," 
The boiling point of water in Celsius is 100°C."