task,think,self_reflection,answer
Solve for x: 3x + 5 = 20,"First, subtract 5 from both sides of the equation to isolate the term with x. This gives 3x = 15. Then divide both sides by 3 to find x = 5.","I should verify that by substituting x = 5 into the original equation: 3(5) + 5 = 20, which is correct.",x = 5
What is the largest desert in the world?,"The largest desert in the world is the Sahara Desert. However, I need to confirm if it's a cold desert or hot desert. I also need to make sure it's not the polar desert.","I remember that while the Sahara Desert is the largest hot desert, the largest desert by area is actually Antarctica, which is a cold desert.","The largest desert by area is Antarctica (cold desert), but the Sahara is the largest hot desert."
Who was the leader of Germany during World War II?,"The leader of Germany during World War II was Adolf Hitler. I need to ensure that I specify his role, as he was the dictator.",Adolf Hitler served as Chancellor of Germany and later as the Führer. I should include these details for accuracy.,"Adolf Hitler was the leader of Germany during World War II, serving as Chancellor and later as Führer."
What is the formula for Newton's second law of motion?,"Newton's second law is F = ma, where F is force, m is mass, and a is acceleration.","The formula F = ma is correct, but I should verify that force is measured in newtons, mass in kilograms, and acceleration in meters per second squared.","The formula for Newton's second law of motion is F = ma, where F is force, m is mass, and a is acceleration."
What is the law of demand in economics?,"The law of demand states that, all else being equal, as the price of a good or service increases, the quantity demanded decreases.","I should clarify that this holds true under typical market conditions and that exceptions exist, like in the case of Giffen goods.","The law of demand states that as the price of a good or service increases, the quantity demanded decreases, all else being equal. Exceptions include Giffen goods."
Who wrote the novel '1984'?,"The novel '1984' was written by George Orwell. I need to verify if there are any other details, such as its publication year or its significance in dystopian literature.","Yes, George Orwell wrote '1984' in 1949. I should mention its importance in the context of totalitarian regimes.","The novel '1984' was written by George Orwell, published in 1949, and is a critical exploration of totalitarianism."
What is the difference between supervised and unsupervised learning in machine learning?,"In supervised learning, the model is trained on labeled data, while in unsupervised learning, the model finds patterns in data without explicit labels.","I should mention that supervised learning requires a set of input-output pairs, and unsupervised learning often involves clustering or dimensionality reduction.","Supervised learning involves training on labeled data, where each input has a known output. Unsupervised learning involves identifying patterns or structures in unlabeled data, such as clustering or dimensionality reduction."
Who is known for pioneering the abstract art movement?,Wassily Kandinsky is often considered the pioneer of abstract art. I should also verify if other artists contributed significantly to this movement.,"Kandinsky's work in abstraction is well-known, but I should mention that artists like Kazimir Malevich and Piet Mondrian were also key figures in the development of abstract art.","Wassily Kandinsky is known for pioneering abstract art, alongside other significant figures like Kazimir Malevich and Piet Mondrian."
What is the function of red blood cells in the human body?,Red blood cells carry oxygen from the lungs to the rest of the body and return carbon dioxide to the lungs for exhalation. I need to confirm their structure for this function.,"Red blood cells are biconcave and lack nuclei to maximize space for hemoglobin, which binds to oxygen and carbon dioxide.",Red blood cells transport oxygen from the lungs to the tissues and return carbon dioxide to the lungs. Their biconcave shape and lack of a nucleus enable efficient gas transport.
What is the concept of cognitive dissonance?,Cognitive dissonance is the psychological discomfort that arises when a person holds two conflicting beliefs or when their actions contradict their beliefs.,I should mention that individuals tend to resolve cognitive dissonance by changing their attitudes or behaviors to reduce the discomfort.,"Cognitive dissonance is the discomfort caused by holding conflicting beliefs or attitudes, and individuals often resolve it by changing their beliefs or behaviors."
What is the derivative of x^2?,"The derivative of x^2 with respect to x is 2x, following the power rule for derivatives.","I should verify that the power rule applies, which states the derivative of x^n is nx^(n-1). Here, n = 2, so the result is 2x.",The derivative of x^2 with respect to x is 2x.
What is the purpose of an IP address?,An IP address identifies a device on a network. It allows devices to communicate with each other over the internet or a local network.,"I should mention that there are two types of IP addresses: IPv4 and IPv6, and that each serves a similar function of identifying devices.","An IP address uniquely identifies a device on a network, enabling communication between devices. There are IPv4 and IPv6 addresses."
What are the main causes of climate change?,"The main causes of climate change include human activities such as burning fossil fuels, deforestation, and industrial processes. These contribute to the increase in greenhouse gases in the atmosphere.","I should clarify that while natural causes like volcanic activity and solar radiation can influence climate, human activities are the primary drivers of recent climate change.","Climate change is primarily caused by human activities, including the burning of fossil fuels, deforestation, and industrial emissions, which increase greenhouse gases in the atmosphere."
What is the concept of utilitarianism in ethics?,Utilitarianism is an ethical theory that suggests the best action is the one that maximizes overall happiness or utility.,I should clarify that utilitarianism focuses on the consequences of actions and that it considers the greatest good for the greatest number.,"Utilitarianism is an ethical theory that advocates for actions that maximize overall happiness or utility, focusing on the consequences and the greatest good for the greatest number."
What is the main theme of William Blake's 'The Tyger'?,"The poem 'The Tyger' explores themes of creation, innocence, and the nature of good and evil, symbolized by the fearsome tiger.","I should mention Blake's fascination with the divine and the creator, as he questions how such a powerful and dangerous creature could be created.","The main theme of William Blake's 'The Tyger' is the mystery and power of creation, symbolized by the fearsome tiger, questioning the nature of good and evil."
What is the social contract theory in political philosophy?,Social contract theory suggests that individuals consent to form a society and abide by its rules in exchange for protection and benefits.,"I should clarify that different political philosophers, like Hobbes, Locke, and Rousseau, have different views on the social contract, especially concerning its origins and the role of the state.","The social contract theory proposes that individuals agree to form a society and follow its rules in exchange for protection and benefits. Philosophers like Hobbes, Locke, and Rousseau have different interpretations of this concept."
What is the capital of Canada?,The capital city of Canada is Ottawa. I need to make sure that I do not confuse it with other large Canadian cities like Toronto or Vancouver.,"I recall that Ottawa is the political capital, while Toronto is the largest city. This confirms Ottawa is correct.",The capital of Canada is Ottawa.
What is the chemical formula for water?,"The chemical formula for water is H2O, indicating two hydrogen atoms and one oxygen atom.","I should verify that water is a simple compound made up of hydrogen and oxygen, and H2O is indeed correct.",The chemical formula for water is H2O.
What is the largest desert in the world?,"The largest desert in the world is the Sahara Desert. However, I need to confirm if it's a cold desert or hot desert. I also need to make sure it's not the polar desert.","I remember that while the Sahara Desert is the largest hot desert, the largest desert by area is actually Antarctica, which is a cold desert.","The largest desert by area is Antarctica (cold desert), but the Sahara is the largest hot desert."
Who was the leader of Germany during World War II?,"The leader of Germany during World War II was Adolf Hitler. I need to ensure that I specify his role, as he was the dictator.",Adolf Hitler served as Chancellor of Germany and later as the Führer. I should include these details for accuracy.,"Adolf Hitler was the leader of Germany during World War II, serving as Chancellor and later as Führer."
What is the formula for Newton's second law of motion?,"Newton's second law is F = ma, where F is force, m is mass, and a is acceleration.","The formula F = ma is correct, but I should verify that force is measured in newtons, mass in kilograms, and acceleration in meters per second squared.","The formula for Newton's second law of motion is F = ma, where F is force, m is mass, and a is acceleration."
What is the law of demand in economics?,"The law of demand states that, all else being equal, as the price of a good or service increases, the quantity demanded decreases.","I should clarify that this holds true under typical market conditions and that exceptions exist, like in the case of Giffen goods.","The law of demand states that as the price of a good or service increases, the quantity demanded decreases, all else being equal. Exceptions include Giffen goods."
"If the day after tomorrow is Wednesday, what day is it today?","To determine the day today, I need to work backward from Wednesday. If Wednesday is the day after tomorrow, tomorrow must be Tuesday, and today must be Monday.","I should double-check by considering the sequence of days: Sunday, Monday, Tuesday, Wednesday. If Wednesday is two days ahead, today is indeed Monday.",Today is Monday.
What is the capital of Brazil?,The capital of Brazil is Brasília. I recall it replaced Rio de Janeiro as the capital in the mid-20th century.,"I should verify the spelling of Brasília and ensure it is still the capital, as capitals can change over time. Upon reflection, Brasília is correct and remains the capital.",The capital of Brazil is Brasília.
What is the boiling point of water in Celsius?,The boiling point of water is 100 degrees Celsius at standard atmospheric pressure.,"I should clarify that this is true only at standard atmospheric pressure (1 atm), as the boiling point changes at different pressures, such as at high altitudes.",The boiling point of water is 100 degrees Celsius at standard atmospheric pressure (1 atm).
What is the Pythagorean theorem?,"The Pythagorean theorem states that in a right-angled triangle, the square of the hypotenuse is equal to the sum of the squares of the other two sides, expressed as a^2 + b^2 = c^2.","I should ensure I specify that this applies only to right-angled triangles and that c represents the hypotenuse, the side opposite the right angle.","The Pythagorean theorem states that in a right-angled triangle, the square of the hypotenuse (c) is equal to the sum of the squares of the other two sides (a and b), expressed as a^2 + b^2 = c^2."
What is the primary source of energy for Earth's climate system?,"The primary source of energy for Earth's climate system is the Sun, as it provides solar radiation that drives weather patterns and climate.","I should consider if there are other sources, such as geothermal energy, but solar radiation is indeed the dominant driver of the climate system.","The primary source of energy for Earth's climate system is the Sun, through solar radiation."
What is the main ingredient in traditional Japanese miso soup?,"The main ingredient in miso soup is miso paste, which is made from fermented soybeans.","While miso paste is the key ingredient, I should clarify that other ingredients like dashi (broth), tofu, and seaweed are also commonly included, but miso paste defines the dish.","The main ingredient in traditional Japanese miso soup is miso paste, made from fermented soybeans, though it typically includes other ingredients like dashi, tofu, and seaweed."
What is the largest organ in the human body?,"The largest organ in the human body is the skin, as it covers the entire body and has a large surface area.","I should consider whether I am confusing 'largest' with 'heaviest' or 'most voluminous.' The liver is the largest internal organ, but skin is indeed the largest overall by surface area and weight.",The largest organ in the human body is the skin.
What is the chemical symbol for gold?,"The chemical symbol for gold is Au, derived from its Latin name 'aurum.'","I should verify that I am not confusing it with other elements, such as silver (Ag). Upon reflection, Au is correct for gold.",The chemical symbol for gold is Au.
What is the largest planet in our solar system?,"The largest planet in our solar system is Jupiter, known for its massive size and prominent gas composition.","I should ensure I am not confusing 'largest' with 'heaviest' or 'most massive.' Jupiter is indeed the largest by both diameter and mass, so my reasoning is correct.",The largest planet in our solar system is Jupiter.
What is the capital of Australia?,"The capital of Australia is Canberra, not Sydney or Melbourne, which are more well-known cities.","I should double-check that Canberra is still the capital, as capitals can change, though this is unlikely in this case. Upon reflection, Canberra is correct.",The capital of Australia is Canberra.
What is the primary language spoken in Brazil?,"The primary language spoken in Brazil is Portuguese, as Brazil was a Portuguese colony.","I should consider if there are other widely spoken languages, such as indigenous languages or Spanish, but Portuguese is indeed the official and primary language.",The primary language spoken in Brazil is Portuguese.
What is the formula for the area of a circle?,"The formula for the area of a circle is A = πr^2, where A is the area and r is the radius.","I should ensure I am not confusing this with the circumference formula, which is C = 2πr. Upon reflection, A = πr^2 is correct for the area.","The formula for the area of a circle is A = πr^2, where A is the area and r is the radius."
What is the largest mammal on Earth?,"The largest mammal on Earth is the blue whale, known for its enormous size and weight.","I should consider if I am confusing 'largest' with 'heaviest' or 'tallest.' The blue whale is the largest by length and weight, so my reasoning is correct.",The largest mammal on Earth is the blue whale.
What is the largest desert in the world?,"I recall that while the Sahara is often mentioned, Antarctica is classified as a cold desert and has the largest area overall.",I need to distinguish between the largest hot desert (Sahara) versus largest by area (Antarctica).,"Antarctica is the largest desert by area, although the Sahara is the largest hot desert."
Who was the leader of Germany during World War II?,Adolf Hitler was the dictator who led Germany during WWII. I must note his titles accurately.,It is important to mention his roles as both Chancellor and Führer.,"Adolf Hitler was the leader of Germany during World War II, serving as Chancellor and later as Führer."
What is the formula for Newton's second law of motion?,"Newton's second law is expressed as F = ma, where force equals mass times acceleration.",I should verify that the terms are correctly identified and that basic unit conventions apply.,"The formula for Newton's second law is F = ma, where F is force, m is mass, and a is acceleration."
What is the law of demand in economics?,"The law of demand states that as the price of a good increases, the quantity demanded decreases, all else being equal.","I must mention that exceptions exist, but the general principle holds under normal conditions.","The law of demand states that, all else being equal, as the price of a good or service increases, the quantity demanded decreases."
Solve the quadratic equation x² - 4 = 0.,"I can rewrite the equation as x² = 4, so x equals ±√4.",I need to ensure that the square roots are correctly computed.,The solutions are x = 2 and x = -2.
Who painted the Mona Lisa?,"The Mona Lisa was painted by Leonardo da Vinci, a renowned artist of the Renaissance.",I should double-check that there is no ambiguity or alternative attribution.,Leonardo da Vinci painted the Mona Lisa.
Who authored the novel '1984'?,George Orwell is known as the author of '1984'.,I must confirm that there are no conflicting historical records.,George Orwell is the author of '1984'.
What is NP-completeness in computer science?,"NP-completeness refers to the class of problems that are both in NP and NP-hard, meaning they are verifiable quickly by a nondeterministic algorithm and as hard as any problem in NP.",I must ensure that all nuances regarding verification and reduction are briefly mentioned.,"NP-complete problems are those for which any instance can be verified in polynomial time, and every problem in NP can be reduced to them in polynomial time."
Explain the process of photosynthesis.,"Photosynthesis is the process by which green plants convert sunlight, water, and carbon dioxide into glucose and oxygen.",I should check that the inputs and outputs of the process are accurately included.,"Photosynthesis is the process in which plants use sunlight, water, and carbon dioxide to produce glucose and oxygen."
Describe the periodic trend for atomic radii in the periodic table.,Atomic radii generally decrease across a period and increase down a group due to effective nuclear charge and electron shielding.,I need to confirm that the trend is clearly explained for both directions.,Atomic radii decrease from left to right across a period and increase from top to bottom within a group.
Explain the phases of the moon.,"The moon’s phases occur due to its orbit around the Earth, which changes the portion of the illuminated side that we see.","I should include the names of the key phases like new moon, first quarter, full moon, and last quarter.","The phases of the moon include the new moon, first quarter, full moon, and last quarter, occurring as the Moon orbits the Earth and varying amounts of its illuminated portion become visible."
What are the common symptoms of diabetes?,"Common symptoms of diabetes include increased thirst, frequent urination, fatigue, and blurred vision.",I must also note that symptoms can vary between type 1 and type 2 diabetes.,"Common symptoms of diabetes include increased thirst, frequent urination, fatigue, and blurred vision."
Describe blockchain technology.,Blockchain is a decentralized ledger that records transactions in a secure and immutable way through cryptography.,"I should mention its key features like decentralization, security, and transparency.","Blockchain technology is a decentralized digital ledger system that securely and immutably records transactions, offering transparency and enhanced security."
Explain how the binary search algorithm works.,Binary search works by repeatedly dividing a sorted list in half until the target value is found or the range is empty.,It is important to note that the list must be sorted for binary search to be effective.,"Binary search divides a sorted list in half repeatedly to locate a target value efficiently; if the target is less than the middle element, it searches the left half, and if greater, the right half."
"If all mammals breathe air and whales are mammals, do whales breathe air?","Since whales are classified as mammals, and all mammals breathe air, whales must breathe air.",I need to be sure the logical structure of the syllogism is sound.,"Yes, whales breathe air because they are mammals."
Who was the first president of the United States?,George Washington is recognized as the first president of the United States.,I should verify that historical consensus supports this fact.,George Washington was the first president of the United States.
Who won the FIFA World Cup in 2018?,France won the 2018 FIFA World Cup.,I need to be sure that the information is up-to-date and accurate.,France won the FIFA World Cup in 2018.
Who composed Beethoven's Fifth Symphony?,Beethoven’s Fifth Symphony was composed by Ludwig van Beethoven.,No additional qualifiers are necessary since Beethoven is well-known for this work.,Ludwig van Beethoven composed Beethoven's Fifth Symphony.
What is fiscal policy?,Fiscal policy refers to the use of government spending and taxation to influence the economy.,I must ensure to include both components – spending and taxation – in the explanation.,Fiscal policy is the use of government spending and taxation to influence the economy.
What is democracy?,"Democracy is a system of government where power is vested in the people, often exercised through elected representatives.",I need to ensure that the definition reflects both direct and representative forms.,"Democracy is a form of government in which power is held by the people, who exercise that power directly or through elected representatives."
What is the capital city of Japan?,Tokyo is the capital city of Japan.,I should verify that no recent changes have occurred in the designation.,Tokyo is the capital city of Japan.
What does DNA stand for in genetics?,DNA stands for deoxyribonucleic acid and carries genetic instructions.,I must confirm that the full form and its function are correctly stated.,"DNA stands for deoxyribonucleic acid, and it carries the genetic instructions used in the development and functioning of all living organisms."
Explain the significance of the Battle of Hastings.,"The Battle of Hastings in 1066 was pivotal as it led to the Norman conquest of England, shaping its language, culture, and governance.",I should include the lasting historical and cultural impacts of the battle.,"The Battle of Hastings was significant because it led to Norman rule in England, fundamentally altering its language, culture, and political structure."
Describe the greenhouse effect.,"The greenhouse effect occurs when greenhouse gases trap heat in the Earth's atmosphere, warming the planet.","I need to mention that while it is natural, human activities have amplified this effect.","The greenhouse effect is the process by which certain gases in the Earth's atmosphere trap heat, warming the planet; this process is naturally occurring but has been intensified by human activities."
What is the Pythagorean theorem?,"The Pythagorean theorem states that in a right triangle, a² + b² = c², where c is the hypotenuse.",I must ensure to specify that this applies only to right triangles.,"The Pythagorean theorem is a relationship in right triangles: a² + b² = c², where c represents the hypotenuse."
Who is considered the father of modern physics?,Many consider Albert Einstein the father of modern physics because of his groundbreaking theories of relativity.,I need to ensure this title reflects common academic consensus.,"Albert Einstein is often regarded as the father of modern physics due to his contributions, especially his theories of relativity."
What causes tides in the Earth's oceans?,"Tides are primarily caused by the gravitational pull of the Moon and, to a lesser extent, the Sun.",I need to ensure that both celestial bodies are mentioned along with their relative effects.,Ocean tides are mainly caused by the gravitational forces exerted by the Moon and the Sun.
What is the main function of the respiratory system?,The respiratory system enables the exchange of oxygen and carbon dioxide between the air and the bloodstream.,I should note that this involves both inhalation and exhalation processes.,The primary function of the respiratory system is to facilitate the intake of oxygen and the removal of carbon dioxide from the body.
Explain the Doppler effect.,The Doppler effect is the change in frequency or wavelength of a wave in relation to an observer moving relative to the wave source.,"I must ensure to capture that it applies to all types of waves, though it is most often experienced with sound.",The Doppler effect is the phenomenon where the frequency of a wave changes for an observer moving relative to the source of the wave.
What is the significance of the Higgs boson discovery?,"The discovery of the Higgs boson confirmed the existence of the Higgs field, which gives particles mass.","I must include that this was a major milestone in particle physics, confirming the Standard Model.","The Higgs boson discovery was pivotal because it confirmed the existence of the Higgs field, an essential component of the Standard Model of particle physics that explains how particles acquire mass."
What is the process of mitosis?,Mitosis is the process of cell division that results in two genetically identical daughter cells from a single parent cell.,I must emphasize that mitosis is used for growth and repair in multicellular organisms.,"Mitosis is a cell division process where one cell divides to produce two genetically identical daughter cells, playing a key role in growth and tissue repair."
What is the main difference between renewable and nonrenewable energy sources?,"Renewable energy sources can be naturally replenished (like wind and solar), whereas nonrenewable sources (like fossil fuels) are finite.",I need to ensure this definition clearly distinguishes their replenishment rate and sustainability.,"Renewable energy sources, such as wind and solar, are naturally replenished, while nonrenewable energy sources, like fossil fuels, are finite and will eventually be depleted."
Explain the role of mitochondria in a cell.,Mitochondria are known as the powerhouses of the cell because they generate most of the cell’s energy in the form of ATP.,I should check that I also mention their role in other metabolic processes.,Mitochondria produce most of the cell’s energy in the form of ATP and also play important roles in other metabolic processes.
What is Schrödinger's cat thought experiment about?,"It is a famous thought experiment that illustrates the concept of superposition in quantum mechanics, where a cat can be simultaneously alive and dead until observed.",I need to clearly explain that it is a paradox used to illustrate the problems of the quantum measurement process.,"Schrödinger's cat is a thought experiment that demonstrates the concept of superposition in quantum mechanics, posing a paradox where a cat in a sealed box is considered simultaneously alive and dead until observed."
What are black holes?,"Black holes are extremely dense regions in space where gravity is so strong that nothing, not even light, can escape.",I must verify that the explanation includes the key point about the escape velocity exceeding the speed of light.,"Black holes are regions in space where gravity is so intense that the escape velocity exceeds the speed of light, preventing anything from escaping."
What is the significance of the Magna Carta?,"The Magna Carta, signed in 1215, limited the power of the monarchy and laid foundational principles for modern democracy and the rule of law.",I need to include that it is seen as a milestone in establishing legal principles that limit governmental power.,"The Magna Carta is significant because it established the idea that even the sovereign was subject to the law, laying the groundwork for modern democracy and constitutional government."
Describe the process of natural selection.,Natural selection is the process by which organisms better adapted to their environment tend to survive and produce more offspring.,"I must emphasize that this is a core mechanism of evolution and is based on variation, inheritance, and differential survival.","Natural selection is the evolutionary process in which organisms with traits better suited to their environment survive and reproduce more successfully, thus passing those advantageous traits on to the next generation."
What is the importance of the water cycle?,"The water cycle is critical for sustaining life on Earth by continuously recycling water through evaporation, condensation, and precipitation.",I need to verify that the explanation includes the continuous movement and renewal of water in the ecosystem.,"The water cycle is essential as it continuously circulates and renews the Earth’s supply of fresh water, supporting all forms of life."
What is quantum entanglement?,"Quantum entanglement is a phenomenon where particles become interconnected such that the state of one instantaneously influences the state of another, regardless of distance.",I must mention that this challenges classical notions of locality and has been experimentally confirmed.,"Quantum entanglement is a phenomenon where two or more particles become linked such that the state of one particle immediately affects the other, even over large distances."
Explain the concept of supply and demand.,Supply and demand are economic concepts that describe how the price and quantity of goods are determined in a market based on the interaction between sellers (supply) and buyers (demand).,I need to ensure both aspects are discussed to show how they interact to set market equilibrium.,Supply and demand refer to the economic model where the price and quantity of goods are determined by the interaction between the availability of the product (supply) and the desire for it (demand).
What is the significance of the Rosetta Stone?,"The Rosetta Stone was key in deciphering Egyptian hieroglyphs because it contained the same text in three scripts, including one that could be read.",I should include the idea that it unlocked the secrets of ancient Egyptian writing.,"The Rosetta Stone is significant because its trilingual inscriptions enabled scholars to decipher Egyptian hieroglyphs, unlocking the understanding of ancient Egyptian civilization."
Who developed the theory of general relativity?,Albert Einstein is credited with developing the theory of general relativity.,I must ensure that the contribution is properly attributed.,Albert Einstein developed the theory of general relativity.
What is the main cause of ocean acidification?,"Ocean acidification is primarily caused by increased CO₂ absorption from the atmosphere, forming carbonic acid in seawater.",I need to highlight the link between rising CO₂ levels and the chemical changes in oceans.,"Ocean acidification is mainly caused by the increased absorption of carbon dioxide from the atmosphere, which forms carbonic acid in seawater."
Describe the process of radioactive decay.,Radioactive decay is the spontaneous process by which an unstable atomic nucleus loses energy by emitting radiation.,"I must confirm that the answer covers the key forms of decay such as alpha, beta, and gamma radiation.",Radioactive decay is the natural process in which an unstable atomic nucleus loses energy by emitting radiation in the form of particles or electromagnetic waves.
What is the golden ratio in mathematics?,"The golden ratio is an irrational number, approximately 1.618, which often appears in art, architecture, and nature for its aesthetically pleasing proportions.",I need to ensure that both the numerical value and its aesthetic significance are mentioned.,"The golden ratio, approximately 1.618, is an irrational number that is often found in nature, art, and architecture due to its aesthetically pleasing properties."
Who wrote 'Hamlet'?,"Hamlet was written by William Shakespeare, one of the most influential playwrights in history.",I must make sure the attribution is unmistakable.,William Shakespeare wrote 'Hamlet'.
What is the significance of the fall of the Berlin Wall?,"The fall of the Berlin Wall in 1989 symbolized the end of the Cold War, leading to the reunification of Germany and marking a turning point in global politics.",I need to mention both the symbolic and political consequences of this event.,"The fall of the Berlin Wall marked the end of the Cold War era, leading to German reunification and significant political shifts in Europe and beyond."
What role does the immune system play in the human body?,The immune system is responsible for defending the body against pathogens and foreign substances.,I must ensure that the explanation covers both innate and adaptive immunity.,The immune system protects the body by detecting and fighting pathogens and foreign substances through its innate and adaptive responses.
What is the process of osmosis?,Osmosis is the movement of water molecules across a semipermeable membrane from a region of lower solute concentration to a region of higher solute concentration.,I need to verify that the definition emphasizes the selective permeability of the membrane.,Osmosis is the diffusion of water through a semipermeable membrane from an area of low solute concentration to an area of high solute concentration.
Explain the difference between renewable and nonrenewable resources.,"Renewable resources can be naturally replenished over time, while nonrenewable resources are finite and cannot be easily replaced once depleted.",I should confirm that the time scale of replenishment is clearly stated.,"Renewable resources are those that can be replenished naturally over time (such as solar and wind), whereas nonrenewable resources, like fossil fuels, are limited in supply and take millions of years to form."
Who discovered penicillin?,Alexander Fleming discovered penicillin when he observed bacterial inhibition from mold in his lab.,I need to ensure that the discovery context and significance is mentioned.,"Alexander Fleming discovered penicillin, which became one of the first widely used antibiotics."
What is the fundamental theorem of calculus?,"The fundamental theorem of calculus links the concept of differentiation and integration, stating that integration can be reversed by differentiation.",I must ensure that the two-part nature of the theorem is clear.,"The fundamental theorem of calculus states that differentiation and integration are inverse processes, establishing that the definite integral of a function can be computed using its antiderivative."
What is the process of cellular respiration?,"Cellular respiration is the process by which cells convert glucose and oxygen into ATP, releasing carbon dioxide and water as byproducts.","I need to check that the process covers both aerobic and anaerobic aspects, though aerobic respiration is the most common.","Cellular respiration is the metabolic process in which cells convert glucose and oxygen into ATP, with carbon dioxide and water produced as byproducts."
Who developed the theory of evolution by natural selection?,"Charles Darwin is credited with the theory of evolution by natural selection, describing how species adapt over time.",I must ensure that both the theory and its historical context are clear.,Charles Darwin developed the theory of evolution by natural selection.
What are the primary colors in art?,"In the traditional color theory, the primary colors are red, blue, and yellow.","I must note that in light (additive color mixing) the primary colors differ, but here I refer to the pigment model.","The traditional primary colors in art (pigments) are red, blue, and yellow."
What is the significance of women’s suffrage?,"Women’s suffrage was a pivotal movement that secured the right to vote for women, greatly impacting democratic participation and social equality.",I need to ensure to capture its role in expanding civil rights and influencing modern democracies.,"Women’s suffrage was significant because it established voting rights for women, furthering social equality and democratic participation."
Explain the water cycle.,"The water cycle involves the continuous movement of water on, above, and below the surface of the Earth through processes like evaporation, condensation, precipitation, and runoff.",I must check that all major processes are mentioned and that the cycle is portrayed as continuous.,"The water cycle is the continuous process by which water evaporates, condenses, precipitates, and flows over the Earth, sustaining ecosystems."
What causes earthquakes?,Earthquakes are primarily caused by the movement of tectonic plates along faults in the Earth's crust.,"I need to ensure that the answer includes both tectonic activity and, in some cases, volcanic activity.","Earthquakes are mainly caused by the movement of tectonic plates and the release of stress along faults in the Earth's crust; in some cases, they can also be related to volcanic activity."
What is the main gas found in the Earth's atmosphere?,"Nitrogen makes up about 78% of the Earth's atmosphere, making it the dominant gas.",I must confirm that this fact is widely recognized in atmospheric science.,"Nitrogen is the main gas in the Earth's atmosphere, comprising approximately 78% of it."
Describe the structure of an atom.,"An atom is composed of a central nucleus containing protons and neutrons, with electrons orbiting around it.",I need to mention the key subatomic particles and their arrangement.,An atom consists of a central nucleus (made of protons and neutrons) with electrons orbiting around it in electron shells.
What is the significance of Mount Everest?,"Mount Everest is the highest peak on Earth, symbolizing extreme natural challenges and attracting climbers from around the globe.",I must ensure that both its stature and its cultural impact are mentioned.,"Mount Everest is significant as the highest mountain on Earth, representing both a physical challenge and a cultural icon in mountaineering."
What does the term 'biodiversity' mean?,"Biodiversity refers to the variety of life and the variability of living organisms within a particular habitat, ecosystem, or the entire planet.","I need to capture that biodiversity includes genetic, species, and ecosystem diversity.","Biodiversity is the variety of life on Earth, including the genetic, species, and ecosystem differences found in nature."
Explain the process of evaporation.,"Evaporation is the process where liquid water is converted into water vapor, typically resulting from the input of heat energy.",I should mention that evaporation is a key step of the water cycle.,"Evaporation is the process by which liquid water transforms into vapor, requiring energy (typically heat) and playing a crucial role in the water cycle."
What is the primary function of the human heart?,"The heart pumps blood throughout the body, supplying oxygen and nutrients while removing waste products.",I must ensure the circulation function is clearly stated.,"The primary function of the heart is to pump blood throughout the body, ensuring the circulation of oxygen, nutrients, and the removal of waste."
What is the significance of the film 'Citizen Kane' in the history of cinema?,"Citizen Kane is renowned for its innovative narrative structure, cinematography, and storytelling techniques, which have influenced modern filmmaking.",I need to ensure that both its innovative methods and lasting influence are mentioned.,"Citizen Kane is significant for its pioneering narrative and cinematographic techniques, which have had a profound influence on modern film-making."
What ethical principles are involved in utilitarianism?,Utilitarianism is an ethical theory that advocates for actions that maximize overall happiness or utility.,I must make sure to include that it focuses on the consequences of actions.,Utilitarianism is based on the principle that the morality of an action is determined by its outcome—maximizing overall happiness or utility for the greatest number.
What is the difference between speed and velocity in physics?,"Speed is a scalar quantity indicating how fast an object is moving, while velocity is a vector that also indicates the direction of motion.",I need to ensure the distinction between scalar and vector quantities is clearly explained.,"Speed is a measure of how fast an object is moving (a scalar), whereas velocity describes speed with a directional component (a vector)."
Explain the significance of the discovery of insulin.,The discovery of insulin revolutionized the treatment of diabetes by allowing for effective blood sugar control.,I should emphasize its impact on public health.,The discovery of insulin was significant because it transformed diabetes from a fatal disease into a manageable condition by enabling effective blood sugar regulation.
What is the role of the European Union?,"The European Union is a political and economic union that aims to promote integration, economic cooperation, and peace among its member states.",I must ensure that both economic and political purposes are mentioned.,"The European Union is a union of European countries designed to promote economic collaboration, political integration, and lasting peace among its members."
What is the significance of the periodic table in chemistry?,"The periodic table organizes the chemical elements based on atomic number and properties, allowing predictions of chemical behavior.",I need to include that it serves as a crucial tool for understanding element relationships.,"The periodic table is significant because it systematically organizes the elements, revealing patterns and relationships that help predict chemical properties and behaviors."
How does the internet work?,The internet is a global network of interconnected computers that communicate using standardized protocols like TCP/IP.,I should mention that it relies on physical infrastructure as well as protocols.,The internet works by connecting millions of computers worldwide through standardized communication protocols (TCP/IP) across a vast physical network of hardware.
What is machine learning?,Machine learning is a subset of artificial intelligence where computers improve their performance on tasks through data and experience rather than explicit programming.,I need to ensure that the emphasis on learning from data is clearly stated.,Machine learning is a field of AI that enables computers to learn and improve from experience and data without being explicitly programmed.
Explain the concept of relativity in Einstein's theory.,Einstein's theory of relativity—encompassing special and general relativity—explains how measurements of space and time vary for observers in different states of motion.,I need to capture the idea that time and space are relative rather than absolute.,"Relativity is the concept that space and time are interwoven and vary depending on the observer's relative motion, forming the basis of Einstein’s special and general relativity."
What is the capital of France?,Paris is the capital and one of the largest cities of France.,I must ensure accuracy in the identification of the city.,Paris is the capital of France.
What is the significance of the Treaty of Versailles?,"The Treaty of Versailles ended World War I and imposed harsh conditions on Germany, directly influencing later global events.",I must include its far-reaching political and economic consequences.,"The Treaty of Versailles, which ended World War I, imposed severe economic and territorial penalties on Germany and helped set the stage for future conflicts."
What is the main difference between a virus and bacteria?,"Bacteria are single-celled microorganisms that can survive independently, whereas viruses require a host cell to replicate.",I need to highlight the differences in their structure and replication mechanisms.,"Bacteria are living single-celled organisms that can reproduce on their own, while viruses are non-living particles that must infect host cells to replicate."
Describe the process of digestion in the human body.,Digestion involves breaking down food mechanically and chemically in the gastrointestinal tract to absorb nutrients.,I must ensure to mention the roles of various organs like the stomach and intestines.,"Digestion is the process in which food is mechanically and chemically broken down in the gastrointestinal tract, allowing nutrients to be absorbed by the body."
What does GDP stand for in economics?,"GDP stands for Gross Domestic Product, which measures the total economic output of a country.",I need to ensure that the term and its significance are clear.,"GDP stands for Gross Domestic Product, representing the total value of all goods and services produced within a country over a specific period."
What are the main components of an ecosystem?,"An ecosystem comprises biotic components (living organisms) and abiotic components (non-living elements such as water, soil, and climate) interacting with each other.",I must include both the living and non-living factors in the definition.,"An ecosystem consists of biotic components (plants, animals, microorganisms) and abiotic components (water, air, soil, climate) that interact within an environment."
What is the role of mitochondria?,"Mitochondria generate most of the cell’s ATP, acting as the powerhouse, and are involved in several metabolic processes.",I should ensure that both energy production and their broader role in metabolism are mentioned.,Mitochondria serve as the cell’s powerhouse by producing ATP and play a key role in various metabolic processes.
What is the significance of the Battle of Gettysburg?,"The Battle of Gettysburg was a turning point in the American Civil War, marking a major defeat for the Confederacy.",I need to ensure that both the strategic and symbolic importance of the battle is included.,"The Battle of Gettysburg was significant as a major turning point in the American Civil War, resulting in a significant Confederate defeat and shifting the momentum towards the Union."
Explain the concept of gravitational force.,"Gravitational force is the attractive force between two masses, as described by Newton's law of universal gravitation.",I must verify that both the universal nature and mathematical basis are clear.,"Gravitational force is the attractive force between two masses, quantified by Newton's law of universal gravitation."
What is the primary purpose of the Supreme Court?,"The Supreme Court serves to interpret the law and the constitution, acting as the highest judicial authority.",I need to ensure that its role in judicial review is mentioned.,"The primary purpose of the Supreme Court is to interpret laws and the Constitution, serving as the highest judicial authority in the country."
Describe the concept of plate tectonics.,"Plate tectonics is the theory that the Earth's lithosphere is divided into tectonic plates that move over the asthenosphere, causing earthquakes, volcanoes, and mountain-building.",I must ensure that both the plate movements and their geological effects are included.,"Plate tectonics is the theory that the Earth's lithosphere is split into several plates that move over the semi-fluid asthenosphere, resulting in earthquakes, volcanic activity, and the formation of mountains."
What is cyber security?,"Cyber security involves protecting computers, networks, and data from theft, damage, or unauthorized access.",I need to ensure that the definition captures both the technological and strategic aspects.,"Cyber security is the practice of safeguarding computer systems, networks, and data from cyber attacks, unauthorized access, and damage."
Explain the importance of data privacy.,"Data privacy is crucial to protect individuals' personal information from misuse, ensuring trust and security in the digital realm.",I must ensure that both the personal rights and technological implications are included.,"Data privacy is important because it protects personal information from misuse, helps maintain individual freedom, and fosters trust in digital technologies."
What is the economic impact of inflation?,"Inflation erodes purchasing power, affects savings, and can lead to uncertainty in the economy.",I need to ensure that multiple impacts on different economic agents are noted.,"Inflation reduces the value of money over time, lowers purchasing power, and can disrupt economic planning and savings."
Describe how a bill becomes a law in the United States.,"A bill becomes law in the U.S. through a process that includes proposal, committee review, passage by both legislative houses, and finally, presidential approval.","I must include the key stages of review, voting, and executive action.","In the United States, a bill becomes law by being proposed, reviewed and amended in committees, passed by both the House of Representatives and the Senate, and finally approved or vetoed by the President."
What is the role of enzymes in biology?,Enzymes are biological catalysts that accelerate chemical reactions without being consumed in the process.,I need to emphasize that enzymes are crucial for metabolic reactions.,"Enzymes function as catalysts in biological reactions, increasing the rate of chemical processes essential for life."
What are the basic principles of Buddhism?,"Buddhism centers on the Four Noble Truths and the Eightfold Path, which address the nature of suffering and the path to its cessation.",I need to ensure that the answer captures the philosophical and ethical dimensions.,"Buddhism is founded on the Four Noble Truths, which diagnose suffering, and the Eightfold Path, which provides a guideline for ethical and mental development leading to enlightenment."
What is a black hole and how does it form?,"A black hole is a region in space with gravity so strong that nothing can escape, typically formed from the collapse of a massive star.",I must make sure to note both the intense gravity and the stellar collapse aspect.,A black hole is an extremely dense region in space with a gravitational field so strong that nothing can escape; it generally forms when a massive star collapses under its own gravity at the end of its life.
What is the significance of the discovery of America?,"The discovery of America by Europeans in 1492 had a profound impact, leading to widespread cultural, economic, and political changes throughout the world.",I need to ensure that both the historical and global consequences are mentioned.,"The discovery of America in 1492 led to significant cultural exchange, colonization, and economic transformation, reshaping global history."
Explain the concept of human rights.,"Human rights are the basic rights and freedoms to which all individuals are entitled, often enshrined in international declarations and treaties.",I must include the universality and inalienability of such rights.,"Human rights are universal privileges and freedoms inherently owed to all people, regardless of nationality, ethnicity, or religion."
What is the role of antioxidants in nutrition?,"Antioxidants help neutralize free radicals, which can damage cells and contribute to aging and diseases.",I must highlight their importance in protecting cellular health.,"Antioxidants protect the body by neutralizing free radicals, thereby reducing cell damage and lowering the risk of various diseases."
What is the significance of the double helix structure of DNA?,"The double helix describes the structure of DNA, revealing how genetic information is stored and replicated.",I need to stress its impact on the fields of genetics and molecular biology.,"The discovery of the double helix structure of DNA was groundbreaking as it unveiled how genetic information is encoded and replicated, forming the basis of modern molecular biology."
What is fractal geometry?,"Fractal geometry studies shapes and patterns that are self-similar across different scales, often found in nature.",I must ensure that the idea of self-similarity and infinite complexity is clear.,"Fractal geometry is the branch of mathematics that studies self-similar, repeating patterns at every scale, which are often observed in natural phenomena."
What is the basic structure of a government?,"A government typically consists of three branches: executive, legislative, and judicial, each with separate powers and responsibilities.",I need to ensure that the separation of powers concept is clearly mentioned.,"A government is generally structured into three branches—the executive, legislative, and judicial—to ensure a separation of powers and checks and balances."
Explain the principle of conservation of energy.,"The principle of conservation of energy states that energy cannot be created or destroyed, only transformed from one form to another.",I must be sure to emphasize that the total energy in an isolated system remains constant.,"The conservation of energy principle asserts that the total energy in an isolated system remains constant, although it can change forms."
What is the process of coagulation in blood?,"Coagulation is the process by which blood changes from a liquid to a gel, forming a clot to stop bleeding.",I need to ensure that the function and importance of clotting are made clear.,"Coagulation is the process in which blood changes from a liquid state into a clot, thereby helping to stop bleeding following injury."
What are the different types of clouds?,"Clouds can be classified by shape and altitude into types such as cirrus, cumulus, stratus, and nimbostratus.",I must ensure that at least the major types are mentioned with their distinguishing features.,"The main types of clouds include cirrus (high, wispy), cumulus (fluffy, fair-weather), stratus (layered), and nimbostratus (rain-bearing)."
Explain the significance of the Internet of Things (IoT).,"The IoT refers to interconnected devices communicating over the internet, which streamlines data exchange and automation.","I need to include its impacts on efficiency, data collection, and real-time monitoring.","The Internet of Things (IoT) is significant because it connects everyday devices to the internet, enabling automated communication, improved efficiency, and real-time data analysis."
What is genetic engineering?,"Genetic engineering involves modifying an organism's genome using biotechnology, often to introduce new traits or improve existing ones.",I must ensure that both the methods and applications are briefly covered.,Genetic engineering is the deliberate modification of an organism's genetic material using biotechnology to produce desired traits.
What is the importance of the Magna Carta in legal history?,"The Magna Carta laid the foundation for constitutional law by establishing the principle that everyone, including the king, was subject to the law.",I need to emphasize its role as a precursor to modern legal systems with checks on executive authority.,"The Magna Carta is important because it established the principle that everyone, including the ruler, is subject to the law, influencing the development of constitutional and legal rights."
What is the role of social media in modern communication?,"Social media platforms facilitate instant communication, information sharing, and community building across the globe.","I must include both its benefits in connectivity and the challenges it poses, such as misinformation.","Social media plays a crucial role in modern communication by enabling rapid information exchange, connectivity, and social interaction, though it also can be a vehicle for the spread of misinformation."
Explain the concept of deep learning.,Deep learning is a subset of machine learning that uses artificial neural networks with many layers to model complex patterns in data.,I need to ensure that both the neural network structure and its application to high-dimensional data are mentioned.,Deep learning involves using multi-layered artificial neural networks to automatically learn intricate patterns in large amounts of data.
What is the difference between renewable energy sources like wind and solar?,"Both wind and solar are renewable but differ in their source—wind harnesses kinetic energy from air currents, while solar uses sunlight.",I must confirm that the natural source of energy is clearly contrasted.,"While both wind and solar energy are renewable, wind energy is captured from moving air, and solar energy is harnessed from sunlight."
What is the significance of fractals in nature?,"Fractals are self-repeating patterns that can be seen in natural phenomena like ferns, coastlines, and snowflakes, explaining the complexity of nature.",I need to ensure that their mathematical nature and visual similarity in nature are both mentioned.,"Fractals are significant in nature because these self-similar patterns help explain the complexity and organization seen in phenomena such as coastlines, plants, and clouds."
Describe the process of metamorphosis in butterflies.,"Metamorphosis in butterflies involves a complete transformation from egg to larva (caterpillar), then to pupa (chrysalis), and finally to an adult butterfly.",I must verify that all life stages are mentioned clearly.,"Butterfly metamorphosis is a process where an egg hatches to a caterpillar, which then forms a chrysalis, and eventually emerges as an adult butterfly."
What are the key elements of a successful startup?,"A successful startup typically requires a strong business model, innovative product or service, effective leadership, and adequate funding.",I need to ensure that both business and operational factors are included.,"Key elements of a successful startup include a viable business model, innovative offering, effective leadership, and sufficient funding."
What is the importance of cybersecurity in today's digital age?,"Cybersecurity protects sensitive data, ensures privacy, and secures digital infrastructure from attacks.",I must capture its role in protecting both individual and organizational assets.,"Cybersecurity is critical today as it safeguards personal, corporate, and governmental data from cyber threats and attacks, maintaining privacy and system integrity."
Explain the role of neurotransmitters in the brain.,Neurotransmitters are chemical messengers that transmit signals across synapses between neurons.,I need to highlight their importance for communication within the nervous system.,"Neurotransmitters facilitate communication between neurons by transmitting chemical signals across synapses, playing vital roles in mood, behavior, and bodily functions."
What is dark matter in astrophysics?,"Dark matter is a form of matter that does not emit light or energy, but its gravitational effects on visible matter in galaxies indicate its presence.",I must ensure that the mysterious nature and gravitational impact of dark matter are both mentioned.,Dark matter is an invisible substance that does not emit light but is detected through its gravitational effects on galaxies and cosmic structures.
What causes seasons on Earth?,"Seasons are caused by the tilt of the Earth's axis relative to its orbit around the Sun, changing the intensity and duration of sunlight in different regions.",I need to make sure that both the axis tilt and orbital movement are mentioned.,"Seasons result from the Earth’s axial tilt as it orbits the Sun, leading to variations in sunlight and temperature in different parts of the planet."
What is string theory?,String theory is a theoretical framework in which particles are not point-like but are instead one-dimensional ‘strings’ whose vibrations determine particle properties.,I must mention its significance in attempts to unify quantum mechanics and general relativity.,"String theory posits that the fundamental constituents of the universe are one-dimensional strings, whose vibrational modes give rise to the properties of elementary particles, potentially unifying gravity with quantum mechanics."
Describe the concept of opportunity cost in economics.,Opportunity cost is the cost of the next best alternative foregone when a decision is made.,I need to ensure that the idea of trade-offs is clearly stated.,Opportunity cost is the value of the next best alternative that is foregone when a decision is made.
What is the significance of acupuncture in traditional medicine?,"Acupuncture, practiced in traditional Chinese medicine, involves inserting needles into specific points on the body to relieve pain and promote healing.",I need to include that its significance is both cultural and therapeutic.,"Acupuncture is significant in traditional medicine as it is used to stimulate the body's natural healing processes, relieve pain, and restore balance."
What is the role of the United Nations?,"The United Nations is an international organization established to promote peace, security, and cooperation among nations.",I must verify that its peacekeeping and humanitarian functions are included.,"The United Nations works to maintain international peace and security, promote human rights, and facilitate social and economic development among its member states."
Explain the basics of quantum computing.,Quantum computing uses the principles of quantum mechanics—like superposition and entanglement—to perform computations that can be exponentially faster than classical computers for certain tasks.,I need to ensure that both the quantum principles and the computational advantages are mentioned.,"Quantum computing leverages quantum-mechanical phenomena such as superposition and entanglement to process information in fundamentally new ways, potentially solving complex problems more efficiently than traditional computers."
What is the significance of the Industrial Revolution?,"The Industrial Revolution marked a major turning point in history with rapid technological, economic, and social changes that reshaped society.",I must mention its impact on production methods and living standards.,"The Industrial Revolution was significant because it introduced mechanized production, led to urbanization, and fundamentally transformed social, economic, and political structures."
What is renewable energy?,"Renewable energy comes from natural processes that are replenished constantly, such as sunlight, wind, and water currents.",I need to ensure that the sustainability aspect of renewable sources is included.,"Renewable energy is energy derived from natural processes that are continuously replenished, including sunlight, wind, and hydropower, and is known for its sustainability."
Explain the concept of time dilation in physics.,"Time dilation is a consequence of Einstein’s theory of relativity, which states that time passes at different rates for observers in relative motion, especially at speeds approaching the speed of light.",I need to ensure that the relative nature of time is clearly conveyed.,Time dilation is a relativistic effect in which time passes more slowly for an observer moving at high speeds relative to a stationary observer.
What is the importance of water conservation?,"Water conservation is vital to ensure sustainable water supply, protect ecosystems, and reduce the impact of droughts.",I must include both environmental and human importance.,"Water conservation is important because it safeguards water resources for future generations, protects ecosystems, and mitigates the impacts of water scarcity."
Describe the characteristics of a Shakespearean tragedy.,"A Shakespearean tragedy typically features a noble protagonist with a tragic flaw, leading to a downfall, accompanied by themes of fate, conflict, and catharsis.",I need to ensure that both structural and thematic elements are captured.,"Shakespearean tragedies often involve a high-born protagonist with a tragic flaw that leads to his downfall, and they explore themes such as fate, conflict, and human suffering, ultimately evoking catharsis in the audience."
What is the main function of chloroplasts?,"Chloroplasts are the sites of photosynthesis in plant cells, converting light energy into chemical energy.",I must verify that the energy conversion role is clear.,"Chloroplasts are organelles in plant cells that conduct photosynthesis, converting light energy into chemical energy."
What is the significance of the Berlin Wall?,"The Berlin Wall symbolized the ideological and physical division of Europe during the Cold War, and its fall marked the reunification of Germany and the collapse of communist regimes in Eastern Europe.",I need to ensure the answer captures both its symbolic and political significance.,"The Berlin Wall was a powerful symbol of Cold War division, and its fall in 1989 marked the beginning of the reunification of Germany and the end of communist dominance in parts of Europe."
What is gravitational lensing?,"Gravitational lensing is the bending of light around massive objects due to gravity, which can magnify and distort images of distant objects.",I need to include the effect on the appearance of background objects.,"Gravitational lensing is a phenomenon where light from a distant source is bent around a massive object, acting like a lens that magnifies and distorts the image of the background object."
What is statistical significance in research?,"Statistical significance indicates that the results observed in research are unlikely to have occurred by chance, typically determined by a p-value threshold.",I must include the idea of hypothesis testing and the use of a significance level.,"Statistical significance means that the chances of the observed results occurring randomly are very low, usually assessed via a p-value, and it supports the reliability of the research findings."
Describe the process of innovation in technology.,"Innovation in technology involves the creation and implementation of new ideas, products, or processes that lead to significant improvements or breakthroughs.",I need to make sure to mention both the ideation and practical application phases.,"Innovation in technology is the process of designing, developing, and implementing new ideas or products that result in advanced or breakthrough improvements."
What are the key features of modern architecture?,"Modern architecture is characterized by minimalism, the use of new materials and technologies, open floor plans, and a focus on functionality.",I must ensure that both aesthetic and functional aspects are mentioned.,"Modern architecture emphasizes minimalism, open layouts, the use of industrial materials, and a focus on function and efficiency."
Explain the significance of the Olympic Games.,"The Olympic Games are a global sporting event that promote international unity, athletic excellence, and cultural exchange.",I need to capture both the sporting and the symbolic importance of the event.,"The Olympic Games are significant for bringing together nations in a celebration of sport and culture, promoting unity, and fostering excellence in athletic achievements."
What is the basal ganglia and its function?,"The basal ganglia are a group of subcortical nuclei in the brain involved in regulating movement, as well as various cognitive and emotional functions.",I must include both motor control and other roles.,"The basal ganglia are a collection of brain nuclei that play a crucial role in controlling movement, as well as influencing cognition and emotion."
What is behavioral economics?,"Behavioral economics studies how psychological, social, and emotional factors influence economic decisions, diverging from the purely rational approach of classical economics.",I must ensure that the human element in economic decision-making is emphasized.,"Behavioral economics examines the effects of psychological, cognitive, and emotional factors on the economic decisions of individuals and institutions."
Explain the different types of renewable energy technologies.,"Renewable energy technologies include solar, wind, hydroelectric, geothermal, and biomass, each harnessing energy from natural, replenishable sources.",I need to ensure that multiple examples of renewable technologies are provided.,"Renewable energy technologies encompass solar power, wind turbines, hydroelectric dams, geothermal energy, and biomass, all of which derive energy from naturally replenished sources."
What is the significance of the Hubble Space Telescope?,"The Hubble Space Telescope has provided critical data about the universe, including distant galaxies and cosmic phenomena, transforming our understanding of space.",I must mention its role in advancing astrophysics and our visual perspective of the cosmos.,"The Hubble Space Telescope is significant because it has delivered unprecedented views of the universe, vastly expanding our understanding of astronomy and astrophysics."
Describe the concept of a tipping point in social sciences.,A tipping point is the moment when a minor change leads to a significant and often irreversible effect on a system or social phenomenon.,I need to mention that it represents a critical threshold in dynamic systems.,"A tipping point is the critical point in a situation, process, or system beyond which a significant and often irreversible change occurs."
What is the main function of the small intestine?,The small intestine is responsible for digesting food and absorbing nutrients into the bloodstream.,I must emphasize both digestion and absorption functions.,"The small intestine digests food and absorbs nutrients, playing a crucial role in the digestive system."
What are the ethical issues surrounding artificial intelligence?,"Ethical issues in AI include bias in algorithms, job displacement, privacy concerns, and the need for accountability in decision-making.",I need to cover multiple dimensions—from social to technical ethics.,"Ethical issues in artificial intelligence encompass algorithmic bias, privacy concerns, potential job displacement, and the necessity for transparent and accountable AI systems."
Explain the concept of zero waste.,"Zero waste is a philosophy aiming to redesign resource life cycles so that all products are reused, and nothing is sent to landfills or incinerators.",I need to mention both the reduction of waste and the idea of reuse and recycling.,"Zero waste is an approach to resource management where all materials are reused and recycled, with no trash sent to landfills or incinerators."
What is the Cubist art movement?,"Cubism was an art movement pioneered by artists like Picasso and Braque, characterized by fragmented and abstracted forms.",I must make sure that the distinctive style and historical significance of Cubism are included.,"The Cubist art movement, led by artists such as Picasso and Braque, is known for its fragmented, geometric representations of objects and forms, challenging traditional perspective."
What is the importance of the discovery of penicillin?,The discovery of penicillin revolutionized medicine by providing an effective treatment against bacterial infections.,I need to stress its lifesaving impact and its role in the development of antibiotics.,"The discovery of penicillin was crucial because it introduced the era of antibiotics, drastically reducing deaths from bacterial infections and revolutionizing modern medicine."
What is the process of fermentation in food production?,"Fermentation is a biochemical process where microorganisms such as bacteria or yeast convert sugars into acids, gases, or alcohol, often used in food production.",I need to include that fermentation is both a preservation and flavor-enhancing method.,"Fermentation is the process by which microorganisms convert sugars into acids, gases, or alcohol, which is used in food production both for preservation and for developing distinctive flavors."
Explain the role of antibodies in the immune system.,Antibodies are proteins produced by the immune system that recognize and neutralize pathogens such as bacteria and viruses.,I must make sure to mention that antibodies are specific to antigens and play an important role in immunity.,"Antibodies are specialized proteins produced by the immune system that bind to specific antigens on pathogens, neutralizing them and marking them for destruction."
What is the significance of the Great Wall of China?,The Great Wall of China is a symbol of the country's historical efforts to defend against invasions and is an architectural marvel.,I must include both its historical defensive role and its cultural impact.,The Great Wall of China is significant for its historical role in defense and its status as a cultural and architectural icon of China's past.
What is the function of a capacitor in electronics?,"A capacitor stores and releases electrical energy in a circuit, smoothing out voltage fluctuations.",I need to mention that it is crucial for energy storage and filtering.,A capacitor is an electronic component used to store electrical energy temporarily and help filter or smooth voltage fluctuations in circuits.
Describe the basics of macroeconomics.,"Macroeconomics studies the behavior of an economy as a whole, including inflation, unemployment, and GDP.",I must ensure that both aggregate indicators and overall economic policies are mentioned.,"Macroeconomics focuses on large-scale economic factors such as GDP, unemployment, inflation, and fiscal and monetary policies that impact the overall economy."
What is the importance of sustainable agriculture?,"Sustainable agriculture aims to produce food in an environmentally friendly, economically viable, and socially responsible way.","I must include the multiple dimensions—environmental, economic, and social—that sustainable agriculture addresses.","Sustainable agriculture is important because it promotes the long-term health of the environment, supports economic viability, and improves social equity in food production."
What are the different states of matter?,"Matter exists primarily in four states: solid, liquid, gas, and plasma, each with distinct properties.","I need to ensure that the standard states are listed, noting that other states exist under extreme conditions.","The primary states of matter are solid, liquid, gas, and plasma, with each having unique physical properties."
Explain the significance of public transportation in urban planning.,"Public transportation reduces traffic congestion, lowers emissions, and supports sustainable urban growth.",I must include both environmental and social benefits in the explanation.,"Public transportation is significant in urban planning because it improves mobility, reduces traffic and pollution, and supports sustainable city development."
What is the role of the digestive system?,"The digestive system breaks down food into nutrients, which are then absorbed and used for energy, growth, and cell repair.",I need to ensure that both the digestion and absorption processes are emphasized.,"The digestive system is responsible for breaking down food into nutrients and absorbing them to support energy, growth, and repair."
Describe the impact of social media on society.,"Social media influences public opinion, facilitates global communication, and can both unite and polarize communities.",I must capture both the positive connections and potential negative effects.,"Social media has transformed communication by enabling rapid information exchange and connectivity, though it can also contribute to misinformation and social polarization."
What is the process of protein synthesis?,Protein synthesis involves transcription of DNA into mRNA in the nucleus and translation of mRNA into a protein at the ribosome.,I must ensure both processes are mentioned to capture the complete mechanism.,Protein synthesis is the process in which genetic information is first transcribed from DNA to mRNA and then translated by ribosomes to form proteins.
What is the significance of the civil rights movement?,"The civil rights movement in the United States helped end racial segregation and discrimination, leading to significant legal and social reforms.",I need to emphasize the long-term impact on equality and justice.,"The civil rights movement was pivotal in dismantling institutional segregation and discrimination, significantly advancing legal and social equality."
Explain the concept of ecosystem services.,"Ecosystem services are the benefits humans obtain from natural ecosystems, such as clean water, air, and pollination of crops.",I should mention that these services are crucial for human well‐being and economic activities.,"Ecosystem services are the essential benefits that natural ecosystems provide, including air and water purification, pollination, climate regulation, and recreational opportunities."
What is the role of the pancreas in the body?,The pancreas assists in digestion by producing enzymes and regulates blood sugar through insulin production.,I need to include both its exocrine and endocrine functions.,The pancreas plays a dual role by producing digestive enzymes that help break down food and secreting insulin to regulate blood sugar levels.
What are the key principles of Taoism?,"Taoism emphasizes living in harmony with the Tao (the Way), simplicity, and naturalness.",I must ensure to capture the philosophical core of balance and simplicity.,"The key principles of Taoism include living in harmony with the natural order (the Tao), embracing simplicity, and balancing opposites to achieve inner peace."
What is the function of ribosomes?,Ribosomes are responsible for synthesizing proteins by translating mRNA into amino acids.,I must ensure that their role in translation is clearly stated.,Ribosomes are the cellular structures that synthesize proteins by translating the genetic code carried by mRNA into amino acid sequences.
Explain the impact of deforestation on biodiversity.,"Deforestation leads to loss of habitats, endangering species, and reducing biodiversity.",I need to mention not only the immediate loss of species but also the long-term ecosystem imbalance.,"Deforestation negatively impacts biodiversity by destroying the natural habitats of numerous species, leading to population declines and disruptions of entire ecosystems."
What is the significance of 'Don Quixote' in literature?,"‘Don Quixote’ by Cervantes is considered one of the first modern novels, known for its commentary on reality and idealism.",I must include its literary innovation and cultural influence.,"‘Don Quixote’ is significant for its early use of a novelistic narrative and its exploration of the conflict between idealism and reality, making it a landmark work in world literature."
What is the role of a catalyst in chemical reactions?,"A catalyst speeds up a chemical reaction without being consumed, lowering the activation energy required for the reaction to occur.",I need to ensure that the reversible nature of the catalyst is mentioned.,"A catalyst increases the rate of a chemical reaction by reducing the activation energy, without being permanently altered by the reaction."
Describe the phases of matter in physics.,"Matter typically exists in four common phases: solid, liquid, gas, and plasma, each with different properties based on particle arrangement and energy.",I must clearly distinguish between the phases and mention that transitions can occur between them.,"The common phases of matter are solid (fixed shape), liquid (fixed volume but adaptable shape), gas (neither fixed volume nor shape), and plasma (ionized gas), each differing in particle arrangement and energy."
What is the significance of the Renaissance period?,"The Renaissance was a period of cultural, artistic, and scientific rebirth in Europe that advanced art, literature, and humanism.",I need to capture its far-reaching impact on multiple facets of society.,"The Renaissance is significant because it marked a revival of art, science, and humanist thought, fundamentally transforming European culture and intellectual life."
What is the process of the photoelectric effect?,"The photoelectric effect refers to the emission of electrons when light strikes the surface of a material, demonstrating the particle nature of light.",I must capture both the experimental observation and its importance in quantum theory.,"The photoelectric effect is the phenomenon where electrons are emitted from a material's surface when it is exposed to light, supporting the quantum theory that light has particle-like properties."
Explain the role of hormones in human development.,"Hormones are chemical messengers that regulate processes like growth, metabolism, and reproduction during human development.",I must ensure that both their regulatory function and their systemic impact are noted.,"Hormones are chemical messengers that control various aspects of human development, including growth, metabolism, and reproductive processes."
What is the importance of the Mediterranean diet?,"The Mediterranean diet emphasizes fruits, vegetables, whole grains, and healthy fats, and is linked to numerous health benefits including reduced risk of heart disease.",I need to ensure the nutritional and health benefits are clear.,"The Mediterranean diet is important because it promotes heart health, lower risks of chronic disease, and overall balanced nutrition through the consumption of fresh, whole foods and healthy fats."
What are the ethical implications of genetic cloning?,"Genetic cloning raises ethical concerns regarding identity, biodiversity, and the potential for misuse in reproductive technologies.",I must ensure that both the social and biological ethical considerations are included.,"Genetic cloning poses ethical challenges related to individual identity, the potential reduction in genetic diversity, and concerns over the misuse of cloning technologies in reproductive practices."
What is the concept of herd immunity?,"Herd immunity occurs when a large portion of a community becomes immune to a disease, thereby reducing its spread and protecting those who are not immune.",I need to ensure that the protective effect on entire populations is well described.,"Herd immunity is achieved when enough people in a population are immune to an infectious disease, thereby indirectly protecting individuals who are not immune by reducing the disease’s overall transmission."
Explain the significance of the periodic table's organization.,"The periodic table organizes elements by atomic number and recurring chemical properties, allowing prediction of element behavior and relationships.",I must emphasize that its structure reveals periodic trends and facilitates chemical discovery.,"The organization of the periodic table groups elements by their atomic number and shared properties, enabling the prediction of chemical behavior and highlighting periodic trends."
What are the key features of postmodern literature?,"Postmodern literature is characterized by irony, skepticism of grand narratives, metafiction, and intertextuality.",I need to capture the experimental narrative style and thematic complexity.,"Key features of postmodern literature include a playful, self-referential narrative style, irony, and a skepticism toward universal truths, often incorporating pastiche and intertextual references."
What is the role of the hippocampus in memory?,"The hippocampus is a key brain structure involved in forming, organizing, and retrieving memories, particularly declarative memories.",I must ensure that its role in memory consolidation and spatial navigation is included.,"The hippocampus plays a critical role in memory formation and retrieval, especially for declarative and spatial memories."
What is the importance of environmental sustainability?,"Environmental sustainability aims to meet current needs without compromising the ability of future generations to meet theirs, balancing economic growth with conservation.",I need to ensure that the long-term ecological and human impact is clearly articulated.,"Environmental sustainability is important because it ensures that natural resources are preserved and ecosystems remain healthy, allowing both current and future generations to thrive."
What are boundary conditions in differential equations?,"Boundary conditions specify the values of a solution to a differential equation at the boundaries of the domain, which are essential for obtaining a unique solution.",I must emphasize their role in uniquely determining solutions in mathematical models.,"Boundary conditions are constraints applied to the solutions of differential equations at the limits of the domain, ensuring that the solutions are uniquely defined."
Explain the process of sedimentary rock formation.,"Sedimentary rocks form through the deposition, compaction, and cementation of sediments, often in layers over time.",I need to ensure that the sequential processes are clearly explained.,"Sedimentary rocks are formed when sediments are deposited, compacted, and cemented together over time, often resulting in layered formations."
What is the significance of the Ashoka Chakra in India?,"The Ashoka Chakra, featured on the Indian flag, symbolizes the eternal wheel of law and dharma as an emblem of progress and righteousness.",I need to mention its symbolic meaning in the context of India's values.,"The Ashoka Chakra symbolizes the eternal wheel of law and righteousness in India, representing progress and the continuous evolution of justice."
What is the concept of supply chain management?,"Supply chain management involves overseeing the flow of goods and services from raw materials to the final product, aiming to optimize efficiency and responsiveness.",I must emphasize both the coordination and optimization aspects.,"Supply chain management is the systematic coordination of production, shipment, and distribution processes to optimize efficiency and ensure timely delivery of products and services."
What are the major themes in Shakespeare's 'Macbeth'?,"Major themes in 'Macbeth' include ambition, guilt, fate versus free will, and the corrupting nature of power.",I need to ensure that the thematic elements are clearly identified.,"In 'Macbeth,' major themes include unchecked ambition, guilt and remorse, the conflict between fate and free will, and the corrupting influence of power."
Explain the role of the kidneys in the human body.,"The kidneys filter waste products from the blood, regulate fluid balance, and maintain electrolyte levels.",I need to clearly note both the filtration and regulatory functions.,"The kidneys are vital for filtering toxins and waste from the blood, regulating fluids and electrolytes, and maintaining overall homeostasis."
What is the significance of the Big Bang theory?,"The Big Bang theory is the prevailing cosmological model explaining the origin of the universe from an extremely hot and dense state, leading to its continuous expansion.",I should underscore its importance in our understanding of cosmology.,"The Big Bang theory is significant because it provides the scientific explanation for the origin and expansion of the universe, serving as the foundation of modern cosmology."
What is the role of photosensitive cells in the retina?,"Photosensitive cells in the retina, such as rods and cones, convert light into neural signals that are interpreted by the brain as vision.",I need to ensure that both types of cells and their functions are mentioned.,"Photosensitive cells in the retina—rods and cones—convert light into electrical signals, enabling vision by transmitting the visual information to the brain."
Explain the economic concept of opportunity cost.,Opportunity cost is the value of the next best alternative that is foregone when a particular decision is made.,I must ensure the definition reflects the trade-off inherent in every decision.,Opportunity cost is the benefit or value that is missed out on when choosing one alternative over another.
What is the importance of ethics in scientific research?,"Ethics in scientific research ensure integrity, public trust, and the responsible conduct of experiments, particularly when human or animal subjects are involved.",I need to note both the moral and practical aspects of ethics in research.,"Ethics are crucial in scientific research as they promote honesty, integrity, and protect the rights and welfare of human and animal subjects, thereby ensuring public trust and reliable results."
Describe the historical impact of the Silk Road.,"The Silk Road was a network of trade routes that connected East and West, facilitating cultural exchange, commerce, and the spread of ideas.",I must emphasize both economic and cultural impacts.,"The Silk Road was significant historically as a vast network of trade routes that promoted cultural, technological, and economic exchanges between East and West."
What is the function of the liver in the human body?,"The liver has multiple functions including detoxification of blood, production of bile, and regulation of metabolism.",I need to ensure that both its detoxifying and metabolic roles are mentioned.,"The liver detoxifies the blood, produces bile essential for digestion, and plays a key role in metabolic regulation."
What is the significance of catalytic converters in automotive engineering?,Catalytic converters reduce harmful emissions in vehicles by converting toxic gases into less harmful substances during combustion.,I must mention their environmental importance in reducing pollution.,"Catalytic converters are significant as they minimize the amount of harmful pollutants emitted by vehicles, thereby reducing environmental air pollution."
Explain the use of irony in literature.,"Irony is a literary device in which the intended meaning contrasts with the actual meaning, often used to add humor or critical significance.",I need to include both verbal irony and situational irony as examples.,"Irony in literature involves a contrast between appearance and reality, where what is said or expected is different from what actually occurs, adding layers of meaning to the text."
What is the impact of climate change on polar ice caps?,"Climate change is causing polar ice caps to melt at an accelerated rate, leading to rising sea levels and disruption of polar ecosystems.",I must ensure that both environmental and global impacts are included.,"Climate change is accelerating the melting of polar ice caps, contributing to rising sea levels and adversely affecting ecosystems in polar regions."
What is the concept of game theory?,Game theory is the study of strategic decision-making in scenarios where the outcome depends on the actions of multiple agents.,"I need to include that it’s widely used in economics, political science, and social sciences.","Game theory analyzes situations in which individuals (or 'players') make decisions that are interdependent, with applications in economics, political science, and other fields."
Describe the principles of the kinetic molecular theory.,"The kinetic molecular theory explains the behavior of gases, stating that gas particles are in constant, random motion and that energy is proportional to temperature.","I must ensure that the correlation between particle motion, pressure, and temperature is included.","The kinetic molecular theory posits that gas particles move in constant random motion, and that the temperature of a gas is directly proportional to the average kinetic energy of its particles."
What is the significance of cybersecurity in modern society?,"Cybersecurity protects critical infrastructure, personal data, and national security from digital threats, making it essential in our increasingly interconnected world.",I must note both the personal and societal importance of robust cybersecurity measures.,"Cybersecurity is crucial in modern society as it protects individuals, organizations, and governments from cyber attacks, safeguarding sensitive information and ensuring the reliability of digital systems."
What are the main functions of the human skeletal system?,"The human skeletal system provides structure, supports movement, protects organs, and serves as a reservoir for minerals.",I need to ensure that both the supportive and protective roles are mentioned.,"The human skeletal system supports the body, facilitates movement, protects vital organs, and stores minerals like calcium."
Explain the process of fermentation in winemaking.,"Fermentation in winemaking is the process where yeast converts the sugars in grapes into alcohol and carbon dioxide, influencing the flavor and character of the wine.",I must mention that different yeast strains and techniques can affect the final product.,"Fermentation in winemaking involves yeast converting grape sugars into alcohol and carbon dioxide, which not only produces wine but also contributes to its unique flavors and aroma."
What is the role of the prefrontal cortex in decision-making?,"The prefrontal cortex is involved in executive functions such as planning, decision-making, and regulating social behavior.",I need to ensure that its role in higher-level cognitive processes is clearly stated.,"The prefrontal cortex plays a critical role in executive functions—including planning, decision-making, and impulse control—helping to regulate behavior in social contexts."
What is the significance of renewable resources in economic development?,"Renewable resources provide sustainable inputs for economic growth, reducing dependency on finite resources and promoting long-term stability.",I must include both the environmental and economic benefits.,"Renewable resources are significant to economic development as they offer sustainable, long-term inputs that foster growth while mitigating environmental degradation."
Explain how vaccines work.,"Vaccines stimulate the immune system to produce immunity by introducing an antigen similar to a pathogen, without causing the disease, thereby providing protection against future infections.",I need to emphasize the preventive role of vaccines in public health.,"Vaccines work by exposing the immune system to a harmless antigen, prompting it to develop a memory response that protects against future infections by the actual pathogen."
What is the importance of biodiversity conservation?,"Biodiversity conservation is crucial for maintaining healthy ecosystems, ensuring genetic diversity, and supporting ecosystem services that sustain life on Earth.",I must capture both the ecological and human benefits of conserving biodiversity.,"Conserving biodiversity is vital because it helps maintain ecosystem balance, supports life-sustaining services, and provides a reservoir of genetic resources for future discoveries."
What are the milestones of the space exploration program?,"Milestones in space exploration include the launch of Sputnik, the Apollo moon landings, the deployment of the Hubble Space Telescope, and recent Mars rover missions.",I need to include a variety of milestones that mark key achievements in space technology and exploration.,"Significant milestones in space exploration include the launch of Sputnik, the Apollo moon landings, the deployment of the Hubble Space Telescope, and the successful Mars rover missions."
What is the significance of the El Niño phenomenon?,"El Niño is a climate pattern that significantly affects global weather by altering temperature and rainfall patterns, impacting agriculture and economies.",I must include both its meteorological and socio-economic impacts.,"El Niño is significant because it alters global weather patterns, leading to extreme weather events that can disrupt agriculture, water supplies, and economies worldwide."
What is the role of financial markets in the economy?,"Financial markets facilitate the exchange of capital and help allocate resources efficiently, supporting investment, growth, and liquidity in the economy.",I need to ensure that the importance of resource allocation and risk management is mentioned.,"Financial markets are crucial for channeling funds from savers to investors, enabling efficient capital allocation, promoting economic growth, and providing mechanisms for managing risk."
Describe the principles behind the scientific method.,"The scientific method is based on systematic observation, experimentation, hypothesis testing, and the revision of theories based on empirical evidence.",I must include all major steps in the process to illustrate its iterative nature.,"The scientific method involves observing phenomena, formulating a hypothesis, conducting experiments, analyzing results, and refining the hypothesis, ensuring that conclusions are based on objective, empirical evidence."
What is the importance of mindfulness in mental health?,"Mindfulness involves maintaining a non-judgmental awareness of the present moment, which can reduce stress, improve mental well-being, and enhance emotional regulation.",I need to capture its role in stress reduction and cognitive improvement.,"Mindfulness is important in mental health because it helps reduce stress, promotes emotional balance, and enhances overall cognitive well-being."
What are the key factors in sustainable urban development?,"Sustainable urban development focuses on efficient resource use, sustainable transportation, green building practices, and social inclusivity.",I must ensure that both environmental and social factors are included in the answer.,"Key factors in sustainable urban development include energy efficiency, green transportation systems, eco-friendly building practices, and policies that promote social equity."
Compare and contrast the climates of the Amazon rainforest and the Sahara Desert.,"The Amazon rainforest is tropical, hot, and humid with high rainfall. The Sahara Desert is arid, hot during the day, and can be cold at night with very low rainfall.  I need to consider the differences in vegetation and animal life as well.","I should also mention the specific types of deserts and rainforests (e.g., tropical rainforest, hot desert) and the general latitude locations.","The Amazon rainforest (tropical rainforest, near the equator) is characterized by high temperatures, high humidity, and abundant rainfall, supporting dense vegetation and diverse animal life.  The Sahara Desert (hot desert, subtropical latitudes) is characterized by extremely high daytime temperatures, low humidity, very little rainfall, sparse vegetation, and animals adapted to arid conditions."
"If the Earth's rotation were to suddenly double in speed, what would be some immediate and long-term effects?","Immediate effects would include much shorter days and nights (12-hour cycles).  There would likely be massive disruptions to weather patterns, including stronger winds and more intense storms. Long-term effects might involve changes to the Earth's shape and the distribution of oceans.","I need to consider the effects on tides (they would be more frequent and potentially more extreme) and the Coriolis effect (which would be significantly stronger).  Also, the increased centrifugal force could have noticeable effects.","If the Earth's rotation doubled, immediate effects would include 12-hour day/night cycles, significantly stronger winds and storms, and more frequent and extreme tides.  The Coriolis effect would be much stronger, impacting weather and ocean currents. Long-term, the increased centrifugal force could cause the Earth to bulge more at the equator and potentially affect tectonic plates and sea levels."
Explain why Mount Everest is not the tallest mountain measured from the Earth's center.,"Mount Everest is the highest mountain above sea level. However, the Earth is not a perfect sphere; it bulges at the equator. Therefore, a mountain closer to the equator might be further from the Earth's center.",I need to specifically name the mountain that *is* furthest from the Earth's center and explain the oblate spheroid shape of the Earth in more detail.,"Mount Everest is the highest mountain above sea level. However, due to the Earth's oblate spheroid shape (it bulges at the equator), Chimborazo in Ecuador, while lower in elevation above sea level, is actually further from the Earth's center than Everest."
"What are the main causes of desertification, and what are some potential solutions?","Causes include overgrazing, deforestation, unsustainable farming practices, and climate change.  Solutions involve reforestation, sustainable agriculture, and water management.","I should also mention the role of human population growth and the specific techniques used in sustainable agriculture (e.g., crop rotation, terracing).","The main causes of desertification are overgrazing, deforestation, unsustainable farming practices (e.g., monoculture), climate change, and human population growth leading to increased land use pressure. Potential solutions include reforestation, afforestation, sustainable agriculture techniques (crop rotation, terracing, water-wise irrigation), improved water management, and addressing climate change through reduced greenhouse gas emissions."
What is the difference between a strait and a channel?,"Both are narrow bodies of water connecting two larger bodies of water. A strait is naturally formed, while a channel can be natural or man-made.","I should also mention that channels are often dredged to maintain a navigable depth, and that the terms are sometimes used interchangeably, although 'strait' usually implies a naturally occurring feature.","Both straits and channels are narrow bodies of water connecting two larger bodies of water.  A strait is a naturally occurring waterway, while a channel can be either natural or artificial (often dredged for navigation). While the terms are sometimes used interchangeably, 'strait' generally implies a naturally formed passage."
Explain the concept of a rain shadow.,"A rain shadow is a dry area on the leeward side of a mountain range.  As moist air rises over the mountains, it cools and releases precipitation on the windward side.  The air that descends on the leeward side is dry.","I should be more precise: the air cools *adiabatically* as it rises, leading to condensation and precipitation.  I should also provide an example.","A rain shadow is a dry area on the leeward (downwind) side of a mountain range. As moist air is forced to rise over the mountains, it cools adiabatically, causing water vapor to condense and fall as precipitation on the windward (upwind) side.  The air that descends on the leeward side is now dry, creating the rain shadow effect.  An example is the dry area east of the Sierra Nevada mountains in California."
Describe the process of plate tectonics and its role in shaping the Earth's surface.,"The Earth's lithosphere is divided into tectonic plates that move slowly over the asthenosphere. These movements cause earthquakes, volcanic eruptions, and mountain building.","I need to mention the different types of plate boundaries (convergent, divergent, transform) and the specific landforms associated with each (e.g., trenches, mid-ocean ridges, fault lines).","Plate tectonics is the theory that the Earth's lithosphere is divided into several large and small tectonic plates that float and move slowly over the semi-molten asthenosphere.  This movement is driven by convection currents in the mantle.  Plate interactions at boundaries create various geological features: Convergent boundaries (plates colliding) form mountain ranges, volcanoes, and ocean trenches; divergent boundaries (plates moving apart) form mid-ocean ridges and rift valleys; and transform boundaries (plates sliding past each other) create fault lines and earthquakes."
How does the latitude of a location affect its climate?,"Latitude affects the amount of solar radiation received.  Locations near the equator receive more direct sunlight and are generally warmer, while locations near the poles receive less direct sunlight and are colder.","I should also mention the angle of the sun's rays and the length of daylight hours, which vary with latitude and season. I should also clarify about the different climate zones (tropical, temperate, polar).","Latitude is a major factor in determining climate.  Locations near the equator (low latitudes) receive more direct sunlight throughout the year, resulting in higher temperatures and a tropical climate.  As latitude increases (towards the poles), the angle of the sun's rays becomes more oblique, and the amount of solar radiation decreases, leading to temperate and polar climates.  The length of daylight hours also varies significantly with latitude and season, further influencing temperature and climate patterns."
"What are the major ocean currents, and how do they influence global climate?","Major ocean currents include the Gulf Stream, the Kuroshio Current, and the Antarctic Circumpolar Current.  They redistribute heat around the globe, moderating temperatures.","I need to be more specific about *how* they redistribute heat.  Warm currents carry heat from the equator towards the poles, and cold currents carry cold water from the poles towards the equator. I should also mention their impact on precipitation.","Major ocean currents, such as the Gulf Stream (warm current in the North Atlantic), the Kuroshio Current (warm current in the North Pacific), and the Antarctic Circumpolar Current, play a crucial role in regulating global climate.  They redistribute heat by carrying warm water from equatorial regions towards the poles and cold water from polar regions towards the equator.  This moderates temperatures in coastal regions and also influences precipitation patterns. For example, the Gulf Stream makes Western Europe warmer than other regions at similar latitudes."
Explain the difference between weather and climate.,"Weather is the short-term state of the atmosphere, while climate is the long-term average of weather conditions.","I should provide specific examples of weather phenomena (rain, temperature, wind) and climate characteristics (average temperature, average rainfall, climate type).","Weather refers to the short-term, day-to-day state of the atmosphere at a particular location, including temperature, precipitation, wind, humidity, and cloud cover. Climate, on the other hand, is the long-term average of weather conditions over a period of 30 years or more, describing the typical weather patterns, average temperatures, average precipitation, and climate type (e.g., tropical, arid, temperate, polar) for a region."
What were the main causes of the American Civil War?,"The primary cause was slavery.  There were also economic differences between the North and South, and states' rights issues.",I should be more specific about the economic differences (industrial North vs. agrarian South) and the specific states' rights arguments (centered on the right to secede and the right to own slaves).,"The primary cause of the American Civil War was slavery.  Contributing factors included significant economic differences between the industrialized North and the agrarian South, which relied heavily on slave labor, and disputes over states' rights, specifically the Southern states' claim of a right to secede from the Union and to maintain the institution of slavery."
Compare and contrast the Roman Republic and the Roman Empire.,"The Republic was ruled by elected officials, while the Empire was ruled by an emperor.  The Empire was generally larger and more centralized.","I should mention the Senate's role in both periods (powerful in the Republic, less so under the emperors) and the transition from Republic to Empire (marked by civil wars and the rise of powerful individuals like Julius Caesar).","The Roman Republic was a period of Roman civilization characterized by a republican form of government, with elected officials (consuls, praetors) and a powerful Senate.  The Roman Empire, which followed the Republic, was characterized by centralized rule under an emperor, although the Senate continued to exist with diminished power.  The transition was marked by a period of civil wars and the rise of powerful individuals like Julius Caesar and Augustus. The Empire generally controlled a larger territory than the Republic."
Explain the significance of the Magna Carta.,The Magna Carta limited the power of the English monarch and established some basic rights for nobles.,"I should emphasize that it was one of the first documents to establish the principle that the king was subject to the law, and it influenced the development of constitutional law in England and elsewhere.","The Magna Carta, signed in 1215, was a significant document in English history because it limited the power of the monarch (King John) and established certain fundamental rights for the nobility, such as protection from illegal imprisonment.  Crucially, it established the principle that the king was subject to the law, not above it.  It is considered a foundational document for constitutional law and influenced the development of legal systems in many countries."
What were the major consequences of the Black Death in Europe?,"The Black Death caused massive population decline, leading to labor shortages and social unrest.","I should also mention the economic consequences (increased wages for surviving laborers, decline in trade) and the religious and cultural impact (increased questioning of authority, rise of flagellant movements).","The Black Death, a bubonic plague pandemic in the mid-14th century, had devastating consequences for Europe.  It caused a massive decline in population (estimated at 30-60%), leading to severe labor shortages, social unrest, and peasant revolts.  Economically, it resulted in increased wages for surviving laborers due to the scarcity of labor, but also a decline in trade and agricultural production.  The plague also had a profound religious and cultural impact, leading to increased questioning of the Church's authority, the rise of flagellant movements, and changes in art and literature."
Explain the concept of the 'divine right of kings'.,"The divine right of kings is the belief that a monarch's authority comes directly from God, not from the people.",I should add that this doctrine was used to justify absolute monarchy and that questioning the king's authority was seen as questioning God's will.,"The divine right of kings is a political and religious doctrine that asserts that a monarch's authority to rule derives directly from God, and not from the consent of the governed or any earthly power.  This doctrine was used to justify absolute monarchy, and challenging the king's authority was considered a challenge to God's will."
What were the key factors that led to the Renaissance?,"The rediscovery of classical texts, increased wealth and trade, and the patronage of the arts by wealthy individuals and families were important.","I should also mention the decline of feudalism, the rise of city-states in Italy, and the invention of the printing press, which facilitated the spread of knowledge.","The Renaissance, a period of cultural and intellectual flourishing in Europe (roughly 14th-17th centuries), was driven by several key factors: the rediscovery of classical Greek and Roman texts and art, increased wealth and trade (particularly in Italian city-states), the patronage of the arts by wealthy individuals and families (like the Medici), the decline of feudalism, the rise of humanism, and the invention of the printing press, which allowed for the rapid dissemination of new ideas and knowledge."
Describe the major events of the French Revolution.,"The storming of the Bastille, the Reign of Terror, and the rise of Napoleon were key events.","I need to be more comprehensive. I should also include the calling of the Estates-General, the Tennis Court Oath, the Declaration of the Rights of Man and of the Citizen, the execution of Louis XVI, and the Thermidorian Reaction.","The French Revolution (1789-1799) was a period of radical social and political upheaval in France. Key events include: the calling of the Estates-General, the Tennis Court Oath, the storming of the Bastille (symbolizing the start of the revolution), the Declaration of the Rights of Man and of the Citizen, the abolition of feudalism, the execution of King Louis XVI, the Reign of Terror (a period of mass executions), the Thermidorian Reaction (overthrow of Robespierre), and the rise of Napoleon Bonaparte, who eventually seized power."
"What was the Cold War, and what were its major proxy wars?",The Cold War was a period of geopolitical tension between the United States and the Soviet Union.  Proxy wars included the Korean War and the Vietnam War.,"I should also mention the ideological conflict (capitalism vs. communism), the nuclear arms race, and other proxy conflicts like the Soviet-Afghan War and various conflicts in Latin America and Africa.","The Cold War (roughly 1947-1991) was a period of geopolitical tension and ideological conflict between the United States (and its allies) and the Soviet Union (and its allies), primarily a struggle between capitalism and communism.  It was characterized by a nuclear arms race, espionage, and numerous proxy wars, where the two superpowers supported opposing sides in regional conflicts.  Major proxy wars included the Korean War, the Vietnam War, the Soviet-Afghan War, and various conflicts in Latin America (e.g., Cuba, Nicaragua) and Africa (e.g., Angola)."
Explain the impact of the Industrial Revolution on society.,"The Industrial Revolution led to urbanization, new technologies, and changes in working conditions.","I should be more specific:  It led to the growth of factories, mass production, new social classes (industrial working class and a larger middle class), pollution, and significant changes in family structures and living standards (both positive and negative).","The Industrial Revolution (beginning in the late 18th century) had a profound impact on society. It led to rapid urbanization as people migrated to cities for factory jobs, the development of new technologies (e.g., steam engine, power loom), and the rise of mass production.  New social classes emerged, including a large industrial working class and a growing middle class.  The revolution also brought about significant changes in working conditions (often harsh and dangerous in factories), increased pollution, and transformations in family structures and living standards, with both improvements in some areas and declines in others."
Explain the significance of the fall of the Berlin Wall.,The Berlin Wall was a symbol of the Cold War and its fall was a symbol of the ending of the Cold War.,"I should include the political context of the wall, its construction, and its role in dividing East and West Germany. The fall of the wall led to the reunification of Germany and was a major factor in the collapse of the Soviet Union.","The Berlin Wall, constructed in 1961, physically and ideologically divided East and West Berlin, and was a potent symbol of the Cold War division between communist East Germany and capitalist West Germany. Its fall in 1989 was a pivotal moment, symbolizing the end of the Cold War, paving the way for German reunification in 1990, and contributing significantly to the collapse of the Soviet Union and the Eastern Bloc."
Explain Newton's Law of Universal Gravitation.,Every object in the universe attracts every other object with a force proportional to the product of their masses and inversely proportional to the square of the distance between them.,"I should include the formula: F = Gm1m2/r^2, and define G (the gravitational constant).","Newton's Law of Universal Gravitation states that every particle in the universe attracts every other particle with a force that is directly proportional to the product of their masses and inversely proportional to the square of the distance between their centers.  This is expressed by the formula: F = Gm1m2/r^2, where F is the gravitational force, m1 and m2 are the masses of the two objects, r is the distance between their centers, and G is the gravitational constant."
What is the difference between an acid and a base?,"Acids donate protons (H+ ions) in solution, while bases accept protons.  Acids have a pH less than 7, and bases have a pH greater than 7.","I should also mention the Arrhenius, Bronsted-Lowry, and Lewis definitions of acids and bases, and give examples of each (e.g., HCl as an acid, NaOH as a base).","Acids and bases are chemical substances with opposing properties.  There are several definitions:  *Arrhenius*: Acids produce H+ ions in water, bases produce OH- ions.  *Bronsted-Lowry*: Acids are proton (H+) donors, bases are proton acceptors.  *Lewis*: Acids are electron-pair acceptors, bases are electron-pair donors.  Acids generally have a pH less than 7 (e.g., hydrochloric acid - HCl), while bases have a pH greater than 7 (e.g., sodium hydroxide - NaOH).  A neutral solution has a pH of 7."
Explain the process of photosynthesis.,"Plants use sunlight, water, and carbon dioxide to produce glucose (sugar) and oxygen.",I should mention chlorophyll's role in absorbing sunlight and the two main stages of photosynthesis (light-dependent reactions and the Calvin cycle).,"Photosynthesis is the process by which green plants, algae, and some bacteria convert light energy into chemical energy in the form of glucose.  It involves using chlorophyll (a pigment that absorbs sunlight) to capture light energy, which then drives a series of reactions.  These reactions use water and carbon dioxide to produce glucose (a sugar that stores energy) and release oxygen as a byproduct.  Photosynthesis has two main stages: the light-dependent reactions (where light energy is captured and converted to chemical energy) and the light-independent reactions (Calvin cycle), where carbon dioxide is converted into glucose."
Describe the structure of a DNA molecule.,DNA is a double helix made of two strands of nucleotides.,"I should specify the components of a nucleotide (sugar, phosphate, and a nitrogenous base - adenine, guanine, cytosine, or thymine) and the base pairing rules (A with T, and G with C).","DNA (deoxyribonucleic acid) is a molecule that carries genetic information. It has a double helix structure, resembling a twisted ladder.  Each strand of the helix is made up of repeating units called nucleotides.  Each nucleotide consists of three parts: a deoxyribose sugar, a phosphate group, and a nitrogenous base.  There are four types of nitrogenous bases: adenine (A), guanine (G), cytosine (C), and thymine (T).  The two strands are held together by hydrogen bonds between the bases, following specific base pairing rules: adenine always pairs with thymine (A-T), and guanine always pairs with cytosine (G-C)."
What is the difference between mitosis and meiosis?,"Mitosis produces two identical daughter cells, while meiosis produces four genetically different daughter cells with half the number of chromosomes.","I should specify the purpose of each process: Mitosis is for growth and repair, while meiosis is for sexual reproduction (producing gametes). I should also mention the terms 'diploid' and 'haploid'.","Mitosis and meiosis are two types of cell division. Mitosis is a process where a single cell divides into two identical daughter cells, each with the same number of chromosomes as the parent cell (diploid). It is used for growth, repair, and asexual reproduction. Meiosis, on the other hand, is a process where a single cell divides twice to produce four genetically different daughter cells, each with half the number of chromosomes as the parent cell (haploid). Meiosis is specifically for sexual reproduction, producing gametes (sperm and egg cells)."
Explain the concept of natural selection.,Natural selection is the process by which organisms with traits that are better suited to their environment are more likely to survive and reproduce.,I should emphasize that this leads to the gradual adaptation of populations over time and is a key mechanism of evolution. I should also mention 'differential reproductive success'.,"Natural selection is a key mechanism of evolution. It is the process by which organisms with heritable traits that are better suited to their environment have higher chances of survival and reproduction, thus passing on those advantageous traits to their offspring. This differential reproductive success leads to a gradual change in the characteristics of a population over generations, resulting in adaptation to the environment."
What is the difference between kinetic and potential energy?,"Kinetic energy is the energy of motion, while potential energy is stored energy.","I should provide examples of each. Kinetic energy: a moving car. Potential energy: a book on a shelf (gravitational potential energy), a stretched rubber band (elastic potential energy).","Kinetic energy is the energy an object possesses due to its motion.  For example, a moving car, a rolling ball, or a flowing river all have kinetic energy. Potential energy is stored energy that an object has due to its position or condition. Examples include a book on a shelf (gravitational potential energy), a stretched rubber band (elastic potential energy), and the chemical energy stored in a battery."
Explain the concept of entropy in thermodynamics.,Entropy is a measure of disorder or randomness in a system.,"I should mention the Second Law of Thermodynamics, which states that the total entropy of an isolated system can only increase over time (or remain constant in reversible processes).","Entropy is a thermodynamic property that represents the degree of disorder or randomness within a system. The Second Law of Thermodynamics states that the total entropy of an isolated system tends to increase over time, meaning that natural processes tend to move from a state of order to a state of disorder.  A system at maximum entropy is in a state of equilibrium."
What is the difference between a covalent bond and an ionic bond?,"Covalent bonds involve the sharing of electrons between atoms, while ionic bonds involve the transfer of electrons.","I should specify that covalent bonds typically form between nonmetals, while ionic bonds typically form between a metal and a nonmetal. I should also mention electronegativity differences.","Covalent and ionic bonds are two types of chemical bonds that hold atoms together. A covalent bond is formed when two atoms share one or more pairs of electrons. This typically occurs between nonmetal atoms with similar electronegativity values. An ionic bond is formed when one atom transfers one or more electrons to another atom, creating ions (charged atoms). This typically occurs between a metal and a nonmetal, where there is a large difference in electronegativity."
Describe the different states of matter and the transitions between them.,"The states of matter are solid, liquid, and gas. Transitions include melting, freezing, boiling, and condensation.","I should also include sublimation (solid to gas) and deposition (gas to solid), and explain each transition in terms of energy changes (adding or removing heat).","The three common states of matter are solid, liquid, and gas (plasma is a fourth state). Transitions between these states involve changes in energy (usually heat): *Melting*: Solid to liquid (heat added). *Freezing*: Liquid to solid (heat removed). *Boiling/Evaporation*: Liquid to gas (heat added). *Condensation*: Gas to liquid (heat removed). *Sublimation*: Solid to gas (heat added). *Deposition*: Gas to solid (heat removed)."
"What is the Pythagorean theorem, and how is it used?","The Pythagorean theorem relates the sides of a right triangle: a^2 + b^2 = c^2, where c is the hypotenuse.","I should specify that 'a' and 'b' are the lengths of the legs (the sides adjacent to the right angle), and 'c' is the length of the hypotenuse (the side opposite the right angle). It's used to find the length of an unknown side of a right triangle if the other two sides are known.","The Pythagorean theorem states that in a right-angled triangle, the square of the length of the hypotenuse (the side opposite the right angle, denoted as 'c') is equal to the sum of the squares of the lengths of the other two sides (the legs, denoted as 'a' and 'b').  The formula is: a^2 + b^2 = c^2.  It is used to calculate the length of an unknown side of a right triangle when the lengths of the other two sides are known."
Explain the concept of a derivative in calculus.,The derivative represents the instantaneous rate of change of a function.,"I should relate it to the slope of a tangent line to the curve of the function at a specific point. It's a fundamental concept in calculus used for optimization, finding rates of change, and analyzing functions.","The derivative of a function in calculus represents the instantaneous rate of change of that function with respect to its input variable. Geometrically, it represents the slope of the tangent line to the graph of the function at a given point.  Derivatives are fundamental to calculus and are used for finding maxima and minima of functions (optimization), determining rates of change (e.g., velocity as the derivative of position), and analyzing the behavior of functions."
What is the difference between a permutation and a combination?,"Both involve selecting items from a set, but in permutations, the order matters, while in combinations, the order doesn't matter.","I should provide examples.  Choosing a president, vice-president, and treasurer from a group is a permutation.  Choosing a committee of 3 people from a group is a combination.","Permutations and combinations are both ways of selecting items from a set.  The key difference is that in permutations, the order of selection matters, while in combinations, the order does not matter.  For example, if we are selecting a president, vice-president, and treasurer from a group of 10 people, the order matters (different orderings are different outcomes), so it's a permutation.  If we are simply choosing a committee of 3 people from the same group of 10, the order doesn't matter (the same 3 people form the same committee, regardless of the order they were chosen), so it's a combination."
Explain the concept of a limit in calculus.,A limit describes the value that a function approaches as the input approaches some value.,"I should emphasize that the function doesn't necessarily have to *reach* that value; it just gets arbitrarily close to it. Limits are fundamental to defining continuity, derivatives, and integrals.","In calculus, a limit describes the behavior of a function as its input approaches a particular value.  It represents the value that the function 'approaches' or gets arbitrarily close to, even if the function is not defined at that specific input value.  Limits are a foundational concept in calculus and are used to define continuity, derivatives, and integrals."
"What is the difference between mean, median, and mode?","Mean is the average, median is the middle value, and mode is the most frequent value.","I should specify how to calculate each one. Mean: sum of values divided by the number of values. Median: arrange values in order, the middle value (or average of the two middle values if there's an even number of values). Mode: the value that appears most often.","Mean, median, and mode are measures of central tendency in statistics: *Mean*: The average value, calculated by summing all the values in a dataset and dividing by the number of values. *Median*: The middle value in a dataset when the values are arranged in ascending or descending order. If there's an even number of values, the median is the average of the two middle values. *Mode*: The value that appears most frequently in a dataset. A dataset can have one mode (unimodal), more than one mode (multimodal), or no mode."
Explain the concept of probability.,Probability is a measure of the likelihood of an event occurring.,"I should specify that it's expressed as a number between 0 and 1 (or as a percentage between 0% and 100%), where 0 means the event is impossible and 1 means the event is certain.","Probability is a numerical measure of the likelihood that a specific event will occur. It is expressed as a number between 0 and 1 (inclusive), or as a percentage between 0% and 100%. A probability of 0 indicates that the event is impossible, while a probability of 1 (or 100%) indicates that the event is certain to occur.  Probabilities between 0 and 1 represent varying degrees of likelihood."
What is a prime number?,"A number greater than 1 that has only two factors, 1 and itself.","I should emphasize the 'greater than 1' part, as 1 is not considered a prime number.",A prime number is a whole number greater than 1 that has exactly two distinct positive divisors: 1 and itself.  The number 1 is not considered a prime number.
Solve the following equation for x: 2x + 5 = 11,Subtract 5 from both sides: 2x = 6.  Divide both sides by 2: x = 3.,I can check my answer by substituting x = 3 back into the original equation: 2(3) + 5 = 6 + 5 = 11. This confirms the solution.,x = 3
What is the area of a circle with a radius of 5 cm?,"The area of a circle is given by the formula A = πr^2, where r is the radius.",Substitute r = 5 cm into the formula: A = π(5 cm)^2 = 25π cm^2. I should also provide an approximate numerical answer using π ≈ 3.14.,"The area of the circle is 25π cm^2, which is approximately 78.5 cm^2 (using π ≈ 3.14)."
What is a factorial?,"The factorial of a non-negative integer n, denoted by n!, is the product of all positive integers less than or equal to n.","I should give an example: 5! = 5 * 4 * 3 * 2 * 1 = 120. Also, 0! is defined as 1.","The factorial of a non-negative integer n, denoted by n!, is the product of all positive integers less than or equal to n. For example, 5! = 5 * 4 * 3 * 2 * 1 = 120. By definition, 0! = 1."
Explain the difference between an algorithm and a program.,"An algorithm is a step-by-step procedure for solving a problem, while a program is a concrete implementation of an algorithm in a specific programming language.","I should use an analogy. An algorithm is like a recipe, while a program is like the actual dish made following that recipe.","An algorithm is a well-defined, step-by-step procedure or set of instructions for solving a problem or accomplishing a task. It's a conceptual solution. A program is a concrete implementation of an algorithm, written in a specific programming language, that can be executed by a computer.  An analogy is that an algorithm is like a cooking recipe, while a program is the actual dish prepared according to that recipe."
