task,reasoning,self_reflection,answer
Calculate the compound interest on $1000 invested for 3 years at 5% annual interest rate.,"To calculate compound interest, I'll use the formula A = P(1 + r)^t where A is final amount, P is principal, r is interest rate, and t is time in years. So A = 1000(1 + 0.05)^3 = 1000 × 1.05^3.",Let me calculate 1.05^3 carefully: 1.05^3 = 1.05 × 1.05 × 1.05 = 1.1025 × 1.05 = 1.157625. So A = 1000 × 1.157625 = 1157.625. The compound interest would be final amount minus principal: 1157.625 - 1000 = 157.625.,The compound interest on $1000 invested for 3 years at 5% annual interest rate is $157.63.
Which gases contribute most significantly to the greenhouse effect?,"The main greenhouse gases are carbon dioxide (CO2), methane (CH4), nitrous oxide (N2O), and water vapor (H2O). Fluorinated gases like CFCs also contribute.","While I've listed the main greenhouse gases, I should clarify their relative contributions. Water vapor is actually the most abundant greenhouse gas, followed by CO2. However, in terms of human-caused climate change, CO2 is the primary concern due to its long atmospheric lifetime and increasing concentrations from human activities.","The main greenhouse gases are water vapor (H2O), carbon dioxide (CO2), methane (CH4), nitrous oxide (N2O), and fluorinated gases. While water vapor is the most abundant, CO2 is the primary driver of human-caused climate change due to its increasing concentrations from fossil fuel burning."
Why do leaves change color in autumn?,"Leaves change color in autumn because trees stop producing chlorophyll as days get shorter. Chlorophyll gives leaves their green color, and when it breaks down, other pigments that were always present become visible.","My explanation is correct but incomplete. I should specify what these other pigments are: carotenoids (yellow and orange colors) and anthocyanins (red and purple colors). Also, chlorophyll production stops because trees are preparing for winter dormancy by sealing off the connection between branches and leaves.","Leaves change color in autumn because trees stop producing chlorophyll (the green pigment) as they prepare for winter dormancy. As chlorophyll breaks down, other pigments that were always present become visible: carotenoids produce yellow and orange colors, while anthocyanins create red and purple hues. This process occurs as trees seal off the connection between branches and leaves in preparation for leaf drop."
Explain how a refrigerator works.,"A refrigerator works by removing heat from its interior and releasing it to the surrounding environment. It uses a refrigerant that changes from liquid to gas and back, absorbing heat when it evaporates and releasing heat when it condenses.","I should clarify the refrigeration cycle more precisely: 1) The compressor compresses the refrigerant gas, increasing its temperature. 2) The hot refrigerant flows through condenser coils outside the fridge, releasing heat. 3) As it cools, it condenses into a liquid. 4) The liquid passes through an expansion valve, where pressure drops, causing it to evaporate and cool significantly. 5) The cold refrigerant flows through evaporator coils inside the fridge, absorbing heat from the interior. Then the cycle repeats.","A refrigerator works on the principle of heat transfer through a refrigeration cycle. The process begins when a compressor compresses refrigerant gas, raising its temperature. This hot gas flows through condenser coils outside the fridge where it releases heat and condenses into a liquid. The liquid then passes through an expansion valve, where its pressure drops suddenly, causing it to evaporate and become very cold. This cold refrigerant flows through evaporator coils inside the fridge, absorbing heat from the interior. The refrigerant, now a gas again, returns to the compressor to repeat the cycle, continuously removing heat from inside the refrigerator."
What's the difference between a virus and a bacterium?,"Viruses and bacteria are different types of microorganisms. Bacteria are cellular organisms that can reproduce on their own, while viruses require a host cell to replicate. Bacteria are larger than viruses.","I should also mention that bacteria have their own cellular machinery and can produce their own proteins, while viruses hijack the host cell's machinery. Bacteria can be treated with antibiotics, but viruses generally cannot. Also, not all bacteria cause disease; many are beneficial or harmless.","Viruses and bacteria differ in several key ways: Bacteria are cellular organisms with their own metabolic systems and can reproduce independently, while viruses are acellular particles that require a host cell to replicate. Bacteria are much larger (typically 0.5-5 μm) than viruses (20-400 nm). Bacteria have their own cellular machinery to produce proteins, while viruses hijack host cells' machinery. Bacteria can be treated with antibiotics, but viruses generally cannot. Many bacteria are beneficial or harmless to humans, while viruses typically cause disease when they infect cells."
Who wrote 'Pride and Prejudice' and when was it published?,"Pride and Prejudice was written by Jane Austen. I believe it was published in the early 19th century, around 1810-1820.","I need to be more precise about the publication date. Pride and Prejudice was published in 1813, not just sometime in the 1810-1820 period.",Pride and Prejudice was written by Jane Austen and published in 1813.
Explain the concept of confirmation bias.,"Confirmation bias is the tendency to search for, interpret, favor, and recall information in a way that confirms one's preexisting beliefs or hypotheses while giving less consideration to alternative possibilities.",My explanation is correct but could benefit from examples to make it clearer. I should also mention that confirmation bias is a type of cognitive bias that affects decision-making and is difficult to overcome because it often operates unconsciously.,"Confirmation bias is the tendency to search for, interpret, favor, and recall information that confirms our pre-existing beliefs while ignoring or devaluing contradictory evidence. For example, someone who believes a particular political view might only read news sources that align with that perspective. This cognitive bias affects everyone and operates largely unconsciously, making it difficult to overcome. It can lead to poor decision-making, polarization, and resistance to changing one's mind even when presented with new evidence."
How does photosynthesis work?,"Photosynthesis is the process by which plants convert light energy into chemical energy. Plants use sunlight, water, and carbon dioxide to produce glucose and oxygen.","I should provide more detail about the specific reactions. Photosynthesis occurs in two main stages: the light-dependent reactions (which take place in the thylakoid membrane) and the Calvin cycle (which takes place in the stroma). The light-dependent reactions convert light energy to chemical energy in the form of ATP and NADPH, while also splitting water to release oxygen. The Calvin cycle uses the ATP and NADPH to convert carbon dioxide into glucose.","Photosynthesis is the process by which plants, algae, and some bacteria convert light energy into chemical energy. It occurs in two main stages: First, in the light-dependent reactions that take place in the thylakoid membrane of chloroplasts, chlorophyll captures light energy to produce ATP and NADPH while splitting water molecules to release oxygen as a byproduct. Second, in the Calvin cycle (light-independent reactions) that occurs in the stroma, the plant uses the ATP and NADPH from the first stage to convert carbon dioxide into glucose and other carbohydrates. The overall equation can be summarized as: 6CO₂ + 6H₂O + light energy → C₆H₁₂O₆ (glucose) + 6O₂."
What causes earthquakes?,"Earthquakes are caused by the sudden release of energy in the Earth's crust, creating seismic waves. This typically happens when rocks along fault lines suddenly break or slip.","I should clarify that most earthquakes occur along tectonic plate boundaries where stress builds up as plates try to move past each other but get stuck due to friction. When the stress exceeds the strength of the rocks, they break suddenly, releasing energy as seismic waves. I should also mention that there are other causes of earthquakes, such as volcanic activity, man-made explosions, and reservoir-induced seismicity.","Earthquakes are primarily caused by the sudden release of energy in the Earth's lithosphere that creates seismic waves. Most earthquakes occur along tectonic plate boundaries where stress accumulates as plates try to move relative to each other but get temporarily locked together by friction. When the accumulated stress exceeds the strength of the rocks, they break suddenly along faults, releasing energy as seismic waves. Other causes of earthquakes include volcanic activity, collapsing underground caverns, meteorite impacts, and human activities such as underground nuclear tests and reservoir-induced seismicity from large dams."
What's the difference between weather and climate?,"Weather refers to short-term atmospheric conditions in a specific place and time, while climate refers to the average weather patterns in a region over a long period, typically 30 years or more.","My explanation is correct, but I should emphasize that weather can change rapidly from day to day or even hour to hour, whereas climate changes occur over much longer timeframes. I should also clarify that weather includes specific conditions like temperature, humidity, precipitation, cloudiness, and wind, while climate classifies regions into types like tropical, temperate, or polar based on long-term averages of these conditions.","Weather refers to the short-term atmospheric conditions in a specific place at a specific time, including temperature, humidity, precipitation, cloudiness, and wind. It can change rapidly from hour to hour and day to day. Climate, on the other hand, refers to the average weather patterns in a region over a long period, typically 30 years or more. Climate describes the general character of weather a region experiences throughout the year and classifies areas into climate types like tropical, temperate, or polar. Simply put: weather is what you get on a particular day, while climate is what you expect over many years."
Explain how vaccines work.,Vaccines work by introducing a weakened or inactive form of a pathogen (or parts of it) to stimulate the immune system without causing the disease. This prepares the body to fight off the actual pathogen if exposed later.,"I should clarify that vaccines trigger the production of antibodies and memory cells specific to the pathogen. When the real pathogen invades later, these memory cells recognize it and mount a faster, stronger immune response. I should also mention that there are different types of vaccines: live attenuated, inactivated, subunit, toxoid, and more recently, mRNA vaccines.","Vaccines work by training the immune system to recognize and fight specific pathogens without causing disease. They contain either weakened (attenuated) pathogens, inactivated pathogens, specific parts of the pathogen (subunit/conjugate vaccines), toxins produced by the pathogen (toxoid vaccines), or genetic instructions for producing pathogen proteins (mRNA/DNA vaccines). When introduced to the body, these vaccine components trigger an immune response, leading to the production of antibodies and memory cells specific to that pathogen. If the actual pathogen invades later, these memory cells recognize it and mount a rapid, targeted immune response, preventing infection or reducing its severity. This principle of 'immunological memory' is why vaccines provide long-lasting protection against infectious diseases."
What are the three laws of thermodynamics?,"The three laws of thermodynamics are: 1) Energy cannot be created or destroyed, only transferred or converted (conservation of energy). 2) Entropy in an isolated system always increases over time. 3) As temperature approaches absolute zero, the entropy of a system approaches a constant minimum.","Wait, I'm missing something. There's also the zeroth law of thermodynamics, which states that if two systems are each in thermal equilibrium with a third system, then they are in thermal equilibrium with each other. Also, my statement of the first law is incomplete - it should include that the change in internal energy equals heat added minus work done by the system.","The three laws of thermodynamics (plus the zeroth law) are: 0) If two systems are each in thermal equilibrium with a third system, then they are in thermal equilibrium with each other. 1) Energy cannot be created or destroyed, only transferred or converted (conservation of energy). The change in internal energy of a system equals the heat added to the system minus the work done by the system. 2) The entropy of an isolated system never decreases over time and approaches a maximum value. In other words, systems tend to move from ordered to disordered states. 3) As a system approaches absolute zero temperature, its entropy approaches a constant minimum value (often stated as zero for perfect crystals)."
Why do airplanes fly?,"Airplanes fly because their wings generate lift. The curved shape of the wing creates lower pressure above and higher pressure below, resulting in an upward force called lift.","My explanation is based on the popular but oversimplified Bernoulli principle explanation, which isn't entirely accurate. A more complete explanation involves both the Bernoulli principle and Newton's laws. As air flows over the wing, it's deflected downward (Newton's third law: action and reaction), which pushes the wing upward. Also, the angle of attack of the wing is crucial for generating lift.","Airplanes fly due to a combination of aerodynamic principles. Primarily, wings generate lift through two mechanisms: 1) According to Newton's third law, wings are angled to deflect air downward, and the reaction force pushes the aircraft upward. 2) The wing's shape creates a pressure difference - lower pressure above the wing and higher pressure below (related to Bernoulli's principle and the wing's angle of attack). These combined effects generate sufficient lift to overcome gravity when the aircraft reaches adequate speed. Other factors like thrust (from engines) and the overall design of the aircraft are also critical for controlled flight."
What's the difference between a lunar and solar eclipse?,"A lunar eclipse occurs when the Earth comes between the Sun and the Moon, casting a shadow on the Moon. A solar eclipse occurs when the Moon comes between the Earth and the Sun, blocking the Sun's light.","I should clarify that a lunar eclipse can only occur during a full moon, while a solar eclipse can only occur during a new moon. I should also mention that there are different types of both eclipses: total, partial, and annular (for solar). During a total lunar eclipse, the Moon often appears reddish (sometimes called a 'blood moon') because Earth's atmosphere bends some sunlight toward the Moon.","A lunar eclipse occurs when Earth positions itself between the Sun and the Moon, casting Earth's shadow onto the Moon. This can only happen during a full moon. During a total lunar eclipse, the Moon often appears reddish (called a 'blood moon') as Earth's atmosphere filters sunlight, allowing only longer wavelengths to reach the Moon. In contrast, a solar eclipse occurs when the Moon positions itself between Earth and the Sun, blocking sunlight from reaching certain areas on Earth. This can only happen during a new moon. Solar eclipses come in three types: total (Moon completely blocks the Sun), partial (Moon blocks part of the Sun), and annular (Moon appears smaller than the Sun, creating a 'ring of fire' effect)."
How does a touchscreen work?,"Touchscreens work by detecting the presence and location of touch within the display area. There are different types, but most modern smartphones use capacitive touchscreens.","I should explain how capacitive touchscreens work: they have a layer of electrically conductive material, and when a finger (which is also conductive) touches the screen, it creates a change in the electrostatic field that the device detects. I should also mention that there are other types like resistive touchscreens, which work by pressure causing two conductive layers to touch, and infrared touchscreens, which detect interruptions in a grid of infrared light beams.","Modern touchscreens primarily use capacitive technology. These screens have a layer of electrically conductive material (usually indium tin oxide) that stores electrical charge. When a conductive object like a human finger touches the screen, it alters the local electrostatic field, creating a measurable change in capacitance. Sensors at the corners of the screen detect this change, allowing the device to precisely locate the touch point. Older or specialized touchscreens may use resistive technology (which relies on pressure pushing two conductive layers together) or infrared technology (which detects interruptions in a grid of infrared light). Multi-touch functionality, common in modern devices, is achieved by using a more complex grid of sensors that can detect multiple touch points simultaneously."
What's the difference between DNA and RNA?,"DNA (deoxyribonucleic acid) and RNA (ribonucleic acid) are nucleic acids that store genetic information. DNA is double-stranded and contains the sugar deoxyribose, while RNA is usually single-stranded and contains the sugar ribose.","I should add that DNA uses the bases adenine (A), guanine (G), cytosine (C), and thymine (T), while RNA uses A, G, C, and uracil (U) instead of thymine. Also, DNA primarily stays in the nucleus of the cell, while RNA can move out of the nucleus to the cytoplasm where protein synthesis occurs. DNA stores genetic information long-term, while RNA generally carries out DNA's instructions for protein synthesis (though it has other functions too).","DNA (deoxyribonucleic acid) and RNA (ribonucleic acid) differ in several key ways: 1) Structure: DNA is typically double-stranded in a helix, while RNA is usually single-stranded. 2) Sugar component: DNA contains deoxyribose, while RNA contains ribose (which has an extra hydroxyl group). 3) Nitrogenous bases: Both contain adenine, guanine, and cytosine, but DNA uses thymine while RNA uses uracil instead. 4) Location: DNA is primarily confined to the nucleus in eukaryotes, while RNA can move between the nucleus and cytoplasm. 5) Function: DNA stores genetic information long-term, while RNA typically serves as a messenger (mRNA), structural component (rRNA), or functional molecule (tRNA, miRNA) that helps implement DNA's instructions. 6) Stability: DNA is more stable and less reactive than RNA due to its deoxyribose sugar."
Explain the concept of cognitive dissonance.,"Cognitive dissonance refers to the mental discomfort that results from holding two conflicting beliefs, values, or attitudes simultaneously. People tend to seek consistency in their cognitions, so this dissonance motivates them to change one of the conflicting beliefs or to justify their behavior in some way.","My explanation covers the basic concept well. I should add an example to make it clearer. For instance, someone who smokes despite knowing it's harmful to their health might experience cognitive dissonance. To reduce this discomfort, they might either quit smoking (changing behavior), convince themselves it's not that harmful (changing belief), or focus on other benefits like stress relief (adding new cognitions).","Cognitive dissonance refers to the mental discomfort experienced when a person holds contradictory beliefs, values, or attitudes simultaneously. This psychological theory, developed by Leon Festinger in 1957, suggests that we have an inner drive to hold our beliefs and behaviors in harmony and avoid inconsistency (dissonance). When dissonance occurs, it creates psychological tension that people are motivated to reduce through one of three strategies: changing beliefs, changing actions, or rationalizing behaviors. For example, a person who smokes despite knowing it causes cancer might reduce their dissonance by: quitting smoking (changing behavior), deciding the evidence linking smoking to cancer is exaggerated (changing belief), or emphasizing that smoking reduces their stress and stress also causes health problems (adding new justifying cognitions)."
What causes the seasons on Earth?,"Seasons are caused by Earth's tilted axis as it orbits the Sun. When the Northern Hemisphere is tilted toward the Sun, it experiences summer, while the Southern Hemisphere experiences winter, and vice versa.","My explanation is correct, but I should clarify that Earth's axis is tilted at approximately 23.5 degrees. I should also explain that it's not Earth's distance from the Sun that causes seasons (a common misconception), but rather the angle at which sunlight hits different parts of Earth. When sunlight hits at a more direct angle, that region receives more energy per unit area and experiences warmer temperatures.","Seasons on Earth are caused by the planet's axial tilt of approximately 23.5 degrees as it orbits the Sun. This tilt means that different hemispheres are oriented toward or away from the Sun at different points in Earth's orbit. When a hemisphere is tilted toward the Sun, it receives more direct sunlight, meaning solar energy strikes the surface at a steeper angle, concentrating the energy over a smaller area and creating summer conditions. Simultaneously, the opposite hemisphere receives sunlight at a shallower angle, spreading the same energy over a larger area, resulting in winter. The seasons are reversed between the Northern and Southern Hemispheres. Importantly, seasons are not caused by Earth's distance from the Sun (which varies only slightly throughout the year) but by this change in the angle of incoming sunlight and the number of daylight hours."
What's the difference between a simile and a metaphor?,"Similes and metaphors are both figurative language techniques that compare two unlike things. A simile uses the words 'like' or 'as' in the comparison, while a metaphor directly states that one thing is another.","My explanation is correct. I should provide examples to make the distinction clearer. A simile would be 'He runs like the wind,' while a metaphor would be 'He is the wind when he runs.' Both create comparisons, but similes use explicit comparative words, whereas metaphors imply the comparison.","Similes and metaphors are both figurative language devices that create comparisons between unrelated things, but they differ in their construction. A simile uses explicit comparative words such as 'like' or 'as' to draw the comparison (e.g., 'Her smile is like sunshine' or 'He's as stubborn as a mule'). A metaphor, on the other hand, directly equates two unlike things without using comparative words, stating that one thing is the other (e.g., 'Her smile is sunshine' or 'He's a mule when it comes to changing his mind'). Both devices help create vivid imagery and convey complex ideas concisely, but metaphors generally create a stronger, more direct identification between the compared elements."
How does encryption protect data?,Encryption protects data by converting it into a coded form that can only be read by someone with the correct decryption key. It uses mathematical algorithms to scramble the data.,"I should explain that there are different types of encryption, primarily symmetric (using the same key for encryption and decryption) and asymmetric (using different public and private keys). I should also mention that modern encryption algorithms are extremely difficult to break without the key due to the astronomical number of possible combinations, making brute force attacks impractical.","Encryption protects data by transforming readable information (plaintext) into an unreadable format (ciphertext) using mathematical algorithms and keys. Only authorized parties with the correct decryption key can convert the ciphertext back to plaintext. There are two primary types of encryption: symmetric encryption, which uses the same key for both encryption and decryption (like AES), and asymmetric encryption, which uses different but mathematically related public and private keys (like RSA). Modern encryption algorithms use complex mathematical principles and sufficiently long keys (256 bits or more) to ensure that breaking the encryption through brute force methods would take billions of years with current computing technology. This makes encrypted data secure against unauthorized access even if intercepted, protecting sensitive information during storage and transmission."
What is the Doppler effect?,The Doppler effect is the change in frequency or wavelength of a wave for an observer moving relative to the source of the wave. It's why the pitch of a siren changes as an ambulance passes by.,"My explanation is correct but could be more detailed. I should explain that when a sound source approaches an observer, the wavelengths are compressed, resulting in a higher frequency (higher pitch). When the source moves away, the wavelengths are stretched, resulting in a lower frequency (lower pitch). I should also mention that the Doppler effect applies to all types of waves, including light waves, which causes redshift in astronomy when light sources move away from us.","The Doppler effect is the change in frequency or wavelength of a wave in relation to an observer who is moving relative to the wave source. When a wave source moves toward an observer, the waves are compressed, creating shorter wavelengths and higher frequencies; when it moves away, the waves are stretched, creating longer wavelengths and lower frequencies. The classic example is an ambulance siren that sounds higher pitched as it approaches and lower pitched as it moves away. The Doppler effect applies to all types of waves, including sound, light, and radio waves. In astronomy, it causes the light from objects moving away from Earth to shift toward the red end of the spectrum (redshift) and the light from objects moving toward Earth to shift toward the blue end (blueshift), allowing scientists to measure the velocity and distance of far-away celestial objects."
What is the difference between mitosis and meiosis?,"Mitosis and meiosis are both types of cell division. Mitosis produces two genetically identical diploid daughter cells, while meiosis produces four genetically diverse haploid daughter cells. Mitosis is used for growth and repair, while meiosis is used for sexual reproduction.","I should clarify that mitosis involves one round of division, while meiosis involves two rounds (meiosis I and meiosis II). Also, mitosis maintains the chromosome number, while meiosis reduces it by half. Crossing over, which increases genetic diversity, occurs during meiosis but not during mitosis.","Mitosis and meiosis differ in several key ways: Mitosis involves one division resulting in two genetically identical diploid cells used for growth, repair, and asexual reproduction. Meiosis involves two sequential divisions resulting in four genetically diverse haploid cells used for sexual reproduction. Mitosis maintains the chromosome number, while meiosis reduces it by half. Genetic recombination through crossing over occurs during meiosis (prophase I), creating genetic diversity, but doesn't happen in mitosis."
Explain the difference between renewable and non-renewable energy sources.,"Renewable energy sources can be replenished naturally within a human timescale, while non-renewable sources take millions of years to form and will be depleted much faster than they can be naturally replenished.","I should provide examples of each type. Renewable sources include solar, wind, hydroelectric, geothermal, and biomass energy. Non-renewable sources include fossil fuels (coal, oil, natural gas) and nuclear energy (though some consider nuclear in a separate category since uranium is non-renewable but extremely energy-dense). I should also mention environmental impacts: renewables generally have lower greenhouse gas emissions but may have other environmental considerations.","Renewable energy sources can be naturally replenished within a human lifetime, while non-renewable sources exist in finite amounts and take millions of years to form naturally. Renewable sources include solar, wind, hydroelectric, geothermal, and biomass energy. Non-renewable sources include fossil fuels (coal, oil, natural gas) and nuclear fuels (uranium, thorium). Renewable energy typically produces fewer greenhouse gas emissions and air pollutants during operation, though each type has its own environmental considerations. Non-renewable sources generally have higher energy density but contribute significantly to climate change (fossil fuels) or produce radioactive waste (nuclear). While renewable sources may have higher initial investment costs, they typically have lower operational costs and represent a sustainable long-term energy solution."
How does GPS (Global Positioning System) work?,"GPS works by using satellites that orbit Earth. These satellites transmit signals to GPS receivers, which calculate the distance to each satellite based on how long it takes for the signals to arrive. By calculating the distance to multiple satellites, the receiver can determine its own position through trilateration.","I should clarify that a minimum of 4 satellites (not 3) are needed for accurate positioning in three dimensions (latitude, longitude, and altitude) plus time synchronization. I should also mention that GPS satellites have atomic clocks for precise timing, and the system needs to account for relativistic effects due to the satellites' speed and Earth's gravity field.","GPS (Global Positioning System) works through a network of approximately 30 satellites orbiting Earth at an altitude of about 20,000 km. Each satellite continuously broadcasts signals containing its precise location and the exact time from an atomic clock. A GPS receiver on Earth picks up signals from multiple satellites and calculates the time it took for each signal to arrive. Since these signals travel at the speed of light, the receiver can calculate its distance from each satellite. With signals from at least four satellites, the receiver can determine its three-dimensional position (latitude, longitude, and altitude) and precise time through trilateration. The system must account for relativistic effects (time dilation) due to the satellites' high speed and weaker gravitational field compared to Earth's surface. These corrections are crucial, as without them, GPS positions would drift by about 10 kilometers per day."
What is the difference between a bacteria and a virus?,"Bacteria are single-celled microorganisms that can live and reproduce on their own. Viruses are much smaller than bacteria and require a host cell to reproduce. Bacteria can be treated with antibiotics, while viruses cannot.","I should add that bacteria are cellular organisms with their own DNA/RNA, ribosomes, and cellular machinery, while viruses are acellular particles consisting of genetic material (DNA or RNA) surrounded by a protein coat (capsid) and sometimes a lipid envelope. Bacteria can be beneficial (gut microbiome) or harmful (causing infections), while viruses are generally considered parasitic and typically cause disease.","Bacteria and viruses differ fundamentally in structure, size, reproduction, and treatment. Bacteria are cellular organisms (typically 0.5-5 μm) with their own DNA/RNA, ribosomes, and cellular machinery that can reproduce independently. Many bacteria are beneficial or harmless, though some cause diseases. They can be treated with antibiotics. Viruses are much smaller (20-400 nm) acellular particles consisting of genetic material (DNA or RNA) encased in a protein coat (capsid), sometimes with a lipid envelope. Viruses are obligate intracellular parasites that cannot reproduce outside a host cell; they hijack the host's cellular machinery to replicate. Antibiotics are ineffective against viruses, which require antiviral medications or vaccines for prevention and treatment."
What is Pythagorean theorem and how is it used?,"The Pythagorean theorem states that in a right triangle, the square of the hypotenuse (the side opposite the right angle) is equal to the sum of the squares of the other two sides. It can be written as a² + b² = c², where c is the hypotenuse and a and b are the other two sides.","My explanation of the theorem is correct. I should add that it's used to find the length of one side of a right triangle when the other two sides are known. It's also used in many applications such as navigation, construction, architecture, and in various fields of physics and engineering. It's the basis for calculating distances in Cartesian coordinate systems and is fundamental to trigonometry.","The Pythagorean theorem states that in a right triangle, the square of the length of the hypotenuse (the side opposite the right angle) equals the sum of squares of the lengths of the other two sides. Expressed mathematically: a² + b² = c², where c represents the hypotenuse and a and b represent the other two sides. This theorem has numerous practical applications: it's used to calculate unknown distances in navigation, construction, and architecture; determine distances between points in coordinate geometry; form the basis of the distance formula in Cartesian systems; analyze vectors in physics and engineering; and serve as a foundation for trigonometry. The theorem works only for right triangles and has been proven in many different ways throughout mathematical history."
What causes acid rain and what are its effects?,"Acid rain is caused by emissions of sulfur dioxide and nitrogen oxides, which react with water molecules in the atmosphere to form sulfuric and nitric acids. These emissions primarily come from burning fossil fuels. Acid rain can damage buildings, statues, and vegetation, and can make lakes and streams too acidic for aquatic life.","I should clarify that these emissions come specifically from industrial processes, power plants, and vehicle exhausts. I should also mention that acid rain can affect soil chemistry, reducing nutrients and releasing toxic metals like aluminum. This impacts forest health, causing damage to leaves and needles, and weakening trees' resistance to disease and insects. It's a transboundary pollution issue, affecting areas far from emission sources.","Acid rain is primarily caused by emissions of sulfur dioxide (SO₂) and nitrogen oxides (NOₓ) released by burning fossil fuels in power plants, industrial processes, and vehicle exhausts. These pollutants react with water, oxygen, and other atmospheric compounds to form sulfuric and nitric acids that fall as precipitation. Effects include: 1) Damage to infrastructure - corroding metals, deteriorating stone buildings and monuments; 2) Aquatic ecosystem disruption - increasing acidity in lakes and streams, harming or killing fish and other aquatic organisms; 3) Forest damage - leaching nutrients from soil, releasing toxic metals like aluminum, damaging leaves and needles, and weakening trees against disease and pests; 4) Soil degradation - reducing beneficial nutrients and increasing harmful substances. Acid rain is a transboundary pollution issue, often affecting regions far from the emission sources, and has led to international agreements to reduce contributing emissions."
Explain the concept of supply and demand in economics.,"Supply and demand is a fundamental economic concept that explains how prices are determined in a market. Supply represents how much of a product sellers are willing to offer at various prices, while demand represents how much of a product buyers are willing to purchase at various prices. Generally, as price increases, supply increases and demand decreases, and vice versa.","I should clarify that the point where supply and demand curves intersect is called the equilibrium point, which determines the market price and quantity. I should also mention factors that can shift these curves, such as changes in income, preferences, production costs, or technology. Finally, I should note that this is a simplified model with assumptions like perfect competition and perfect information.","Supply and demand is the economic model explaining how prices are determined in competitive markets. Supply represents the quantity of a product that sellers are willing to offer at different prices (generally increasing as prices rise), while demand represents the quantity that buyers are willing to purchase at different prices (generally decreasing as prices rise). These relationships are typically visualized as supply and demand curves on a price-quantity graph. The point where these curves intersect is the equilibrium point, establishing the market price and quantity traded. Various factors can shift these curves: demand shifts with changes in consumer income, preferences, or prices of related goods; supply shifts with changes in production costs, technology, or producer expectations. Though simplified, this model provides powerful insights into market behavior, price determination, and how markets respond to external changes."
What is the theory of evolution by natural selection?,"The theory of evolution by natural selection, first proposed by Charles Darwin, explains how species change over time. It states that organisms with traits better suited to their environment are more likely to survive and reproduce, passing those beneficial traits to offspring. Over many generations, this leads to species adapting to their environments.","I should clarify that natural selection acts on existing genetic variation within a population, which arises through random mutations. Individuals don't evolve; populations do, over many generations. I should also mention that this is just one mechanism of evolution; others include genetic drift, gene flow, and sexual selection. The modern synthesis combines Darwin's theory with genetics and other biological sciences.","The theory of evolution by natural selection, first proposed by Charles Darwin and Alfred Russel Wallace, explains how species change over time. The theory rests on several key principles: 1) Organisms within populations show variation in traits; 2) These variations can be inherited through genetic transmission; 3) Organisms produce more offspring than can survive given limited resources; 4) Individuals with traits better suited to their environment have higher survival and reproduction rates (natural selection); 5) Over generations, beneficial traits become more common in the population while less advantageous traits decrease. Evolution occurs at the population level, not in individuals, as genetic variations (arising from mutations) are acted upon by selection pressures. While natural selection is a primary mechanism of evolution, other processes including genetic drift, gene flow, and sexual selection also contribute to evolutionary change. The modern evolutionary synthesis integrates Darwin's theory with genetics, paleontology, and other biological sciences, providing a comprehensive framework for understanding biodiversity."
"What is the difference between a hurricane, cyclone, and typhoon?","Hurricanes, cyclones, and typhoons are all the same weather phenomenon: a rotating storm system with a low-pressure center. The difference is just in what they're called in different parts of the world.","That's correct. Specifically, these storms are called hurricanes in the Atlantic Ocean and Northeast Pacific, typhoons in the Northwest Pacific, and cyclones in the South Pacific and Indian Ocean. I should also mention that they're all tropical cyclones that form over warm ocean waters and can cause severe damage with strong winds, heavy rainfall, storm surges, and flooding.","Hurricanes, cyclones, and typhoons are all the same meteorological phenomenon—strong tropical cyclones with sustained wind speeds of at least 74 mph (119 km/h). The different names simply reflect the region where the storm occurs: hurricanes form in the Atlantic Ocean and Northeast Pacific; typhoons develop in the Northwest Pacific; and cyclones form in the South Pacific and Indian Ocean. All are characterized by a low-pressure center (eye), a closed circulation of strong winds, and thunderstorms that produce heavy rain. They form over warm ocean waters (typically above 26°C/79°F), deriving their energy from water evaporation and condensation. Regardless of name, these powerful storms can cause catastrophic damage through intense winds, torrential rainfall, storm surges, and flooding."
Explain the concept of cognitive biases.,"Cognitive biases are systematic patterns of deviation from norm or rationality in judgment. They are mental shortcuts (heuristics) that can lead to perceptual distortion, inaccurate judgment, illogical interpretation, or irrationality.","I should provide some examples of common cognitive biases to make this more concrete. For instance, confirmation bias (tendency to search for information that confirms one's preexisting beliefs), availability heuristic (judging likelihood based on how easily examples come to mind), anchoring bias (relying too heavily on the first piece of information encountered), and hindsight bias (perceiving events as having been predictable after they've occurred). I should also mention that while biases can lead to errors, they evolved as mental shortcuts to help us make decisions quickly.","Cognitive biases are systematic patterns of deviation from norm or rationality in judgment that occur due to perceptual, memory, social attribution, and reasoning limitations in our cognitive processing. These mental shortcuts (heuristics) help us make decisions quickly but can sometimes lead to irrational or inaccurate conclusions. Common examples include: confirmation bias (seeking information that confirms existing beliefs while ignoring contradictory evidence); availability heuristic (judging probability based on how easily examples come to mind); anchoring bias (over-relying on the first piece of information encountered); hindsight bias (believing events were predictable after they've occurred); and negativity bias (giving more weight to negative experiences than positive ones). Cognitive biases evolved as efficiency mechanisms for our brains to process information quickly in ancestral environments, but in today's complex world, awareness of these biases can help us make more rational decisions and reduce errors in judgment."
How does nuclear fusion differ from nuclear fission?,"Nuclear fusion is the process of combining lighter atomic nuclei to form a heavier nucleus, releasing energy. Nuclear fission is the process of splitting a heavy atomic nucleus into lighter nuclei, also releasing energy. Fusion requires extremely high temperatures and pressures, while fission can occur at room temperature with the right conditions.","I should add that fusion is the process that powers stars like our Sun, combining hydrogen atoms to form helium. Fission is used in current nuclear power plants, typically using uranium-235 or plutonium-239. Fusion produces more energy per mass than fission and produces fewer radioactive byproducts, but it's much harder to achieve and control on Earth. Despite decades of research, we haven't yet achieved commercially viable fusion power, while fission power has been in use since the 1950s.","Nuclear fusion and fission are opposite processes that both release enormous amounts of energy. Fusion combines lighter atomic nuclei (typically hydrogen isotopes) to form heavier elements, releasing energy when the mass of the resulting nucleus is less than the sum of its components. This is the process that powers stars like our Sun. Fusion requires extremely high temperatures (millions of degrees) and pressures to overcome the electrostatic repulsion between positively charged nuclei. In contrast, fission involves splitting heavy unstable nuclei (like uranium-235 or plutonium-239) into lighter elements, releasing energy and often neutrons that can trigger a chain reaction. While fission has been harnessed for both nuclear power plants and weapons since the 1940s, controlled fusion for commercial power generation remains elusive despite decades of research. Fusion offers several theoretical advantages: virtually limitless fuel (from hydrogen in seawater), greater energy output per mass of fuel, and significantly fewer radioactive byproducts compared to fission."
What is the difference between a food chain and a food web?,"A food chain is a linear sequence showing how energy flows from one organism to another in an ecosystem, starting with producers and moving through various consumers. A food web is a more complex interconnection of multiple food chains in an ecosystem, showing all the feeding relationships.",I should clarify that food chains are typically represented as: Producer (plant) → Primary Consumer (herbivore) → Secondary Consumer (carnivore) → Tertiary Consumer (top predator). Food webs are more realistic representations of ecosystems because most organisms consume multiple species and are consumed by multiple species. I should also mention that both food chains and food webs show how energy and nutrients flow through ecosystems.,"A food chain is a linear, simplified model showing a single pathway of energy transfer through an ecosystem, typically starting with a producer (photosynthetic organism) and moving through primary consumers (herbivores), secondary consumers (carnivores that eat herbivores), and sometimes tertiary consumers (carnivores that eat other carnivores). For example: grass → grasshopper → frog → snake → hawk. A food web, by contrast, is a more complex and realistic representation that shows the interconnected feeding relationships among multiple species in an ecosystem. It essentially combines many food chains, recognizing that most organisms eat multiple species and are eaten by multiple species. Food webs better illustrate the redundancy and resilience in ecosystems, as the loss of one species doesn't necessarily break the entire energy flow. Both models demonstrate how energy and nutrients transfer through trophic levels, with approximately 90% of energy lost at each level due to metabolic processes and heat."
Explain how a rainbow forms.,"A rainbow forms when sunlight passes through water droplets in the air, usually after rainfall. The light refracts (bends) as it enters the droplet, then reflects off the back of the droplet, and refracts again as it exits. This separates the white light into its component colors.","I should clarify that this process is called dispersion—different wavelengths (colors) of light bend at slightly different angles when refracted, causing the separation. The resulting rainbow appears as a circular arc with red on the outside and violet on the inside. I should also mention that a secondary rainbow (with colors in reverse order) can sometimes be seen above the primary rainbow, caused by light reflecting twice inside the water droplets.","A rainbow forms when sunlight interacts with water droplets in the atmosphere, typically after rainfall or near waterfalls or sprinklers. The process involves three key optical phenomena: First, refraction occurs as light enters water droplets and bends (changes direction). Second, dispersion happens because different wavelengths of light (colors) bend at slightly different angles, separating white sunlight into its spectrum of colors. Third, internal reflection at the back of the droplet sends the light back toward the observer. As light exits the droplet, it refracts again. The resulting rainbow appears as a circular arc (though we typically see only part of it from the ground) with red on the outside edge and violet on the inside. For a rainbow to be visible, the sun must be behind the observer and relatively low in the sky (less than 42° above the horizon). A secondary rainbow, appearing higher and fainter with colors in reverse order, can sometimes be seen when light reflects twice inside the droplets before exiting."
What is the difference between weather and climate?,"Weather refers to short-term atmospheric conditions like temperature, humidity, precipitation, wind, etc. in a specific place and time. Climate refers to the long-term patterns of weather in a particular area, typically averaged over a period of 30 years or more.","My explanation is accurate. I should add that weather can change rapidly from day to day or even hour to hour, whereas climate changes occur over much longer timeframes. A common saying is: 'Climate is what you expect, weather is what you get.' This helps distinguish between the statistical long-term average (climate) and the specific atmospheric conditions at a given moment (weather).","Weather refers to the short-term atmospheric conditions experienced in a specific place at a specific time—including temperature, humidity, precipitation, cloud cover, wind, and atmospheric pressure. Weather can change rapidly within hours or days. Climate, by contrast, refers to the long-term patterns and averages of weather in a particular region, typically measured over periods of 30 years or more. It describes the general character and statistical trends of weather a region experiences throughout the year and across decades. A helpful distinction is captured in the saying: 'Climate is what you expect, weather is what you get.' For example, a single snowy day is weather, while the statistical likelihood of snow in a region during winter is climate. Climate classifications (like tropical, temperate, or polar) are based on these long-term averages and patterns, not on day-to-day variations."
How does a refrigerator work?,"A refrigerator works by removing heat from inside the fridge and releasing it to the surrounding environment. It uses a refrigerant that circulates through the system, changing from liquid to gas and back, absorbing heat when it evaporates and releasing heat when it condenses.","I should explain the refrigeration cycle in more detail: 1) The compressor compresses the refrigerant gas, raising its temperature. 2) The hot gas flows through condenser coils outside the fridge, releasing heat to the surroundings. 3) As it cools, the refrigerant condenses into a liquid. 4) The liquid passes through an expansion valve, where its pressure drops suddenly, causing it to evaporate and become very cold. 5) The cold refrigerant flows through evaporator coils inside the fridge, absorbing heat from the interior. 6) The cycle repeats as the refrigerant, now a gas again, returns to the compressor.","A refrigerator works by continuously moving heat from its interior to the external environment through a closed system refrigeration cycle. This process relies on a refrigerant that circulates through four main components: 1) Compressor: Draws in the refrigerant as a low-pressure gas and compresses it, raising its temperature and pressure. 2) Condenser coils (typically at the back or bottom of the refrigerator): The hot, high-pressure gas releases heat to the surrounding air and condenses into a liquid. 3) Expansion valve: The high-pressure liquid passes through this valve, which drastically reduces its pressure, causing it to expand and rapidly cool. 4) Evaporator coils (inside the refrigerator): The cold, low-pressure refrigerant absorbs heat from the refrigerator's interior, evaporating back into a gas. The cycle then repeats as the gas returns to the compressor. This continuous process maintains the interior at the desired temperature set on the thermostat, which controls when the compressor runs. By exploiting the physical principle that liquids absorb heat when they evaporate and release heat when they condense, refrigerators efficiently transfer heat against its natural flow direction (from cold to hot)."
What is photosynthesis and why is it important?,"Photosynthesis is the process by which plants, algae, and some bacteria convert light energy into chemical energy. They use carbon dioxide, water, and sunlight to produce glucose (sugar) and oxygen. It's important because it produces oxygen for animals to breathe and is the primary way energy enters food chains.","I should add that the chemical equation for photosynthesis is: 6CO₂ + 6H₂O + light energy → C₆H₁₂O₆ (glucose) + 6O₂. I should also mention that photosynthesis occurs in chloroplasts, which contain chlorophyll (the green pigment that captures light energy). Additionally, photosynthesis is crucial for removing carbon dioxide from the atmosphere, which helps regulate Earth's climate, and it's the basis for all the food we eat, either directly (plants) or indirectly (animals that eat plants).","Photosynthesis is the biochemical process by which plants, algae, and some bacteria convert light energy, usually from the sun, into chemical energy in the form of glucose. The process takes place in chloroplasts (containing the green pigment chlorophyll) and can be summarized by the equation: 6CO₂ + 6H₂O + light energy → C₆H₁₂O₆ + 6O₂. Photosynthesis is fundamentally important for several reasons: 1) It produces oxygen, which most organisms need for respiration; 2) It's the primary way energy enters food chains—all the food we eat derives its energy ultimately from photosynthesis; 3) It removes carbon dioxide from the atmosphere, helping regulate Earth's climate; 4) It created the oxygen-rich atmosphere that allowed complex life to evolve on Earth; 5) It produces the biomass that humans use for food, fiber, medicine, and fuel. Without photosynthesis, Earth's ecosystems as we know them could not exist, making it arguably the most important biochemical process on our planet."
How does the water cycle work?,"The water cycle, or hydrologic cycle, is the continuous movement of water on, above, and below Earth's surface. It involves processes like evaporation, transpiration, condensation, precipitation, and runoff. Water evaporates from oceans, lakes, and rivers, forms clouds, falls as precipitation, and eventually returns to bodies of water.","I should clarify that transpiration is the process by which water evaporates from plant leaves. I should also mention infiltration (water soaking into the ground) and groundwater flow as important components of the cycle. The sun provides the energy that drives the water cycle by causing evaporation. Additionally, I should note that the water cycle helps distribute water around the planet and plays a crucial role in weather and climate patterns.","The water cycle (hydrologic cycle) is the continuous circulation of water throughout Earth's systems, driven primarily by solar energy. The cycle includes these key processes: 1) Evaporation: Water changes from liquid to vapor from oceans, lakes, and rivers as the sun heats it; 2) Transpiration: Plants release water vapor through their leaves; 3) Condensation: Water vapor cools and forms clouds as it rises in the atmosphere; 4) Precipitation: Water falls to Earth's surface as rain, snow, sleet, or hail when droplets become too heavy; 5) Infiltration: Water seeps into the ground, becoming soil moisture and groundwater; 6) Runoff: Water flows over land into streams, rivers, and eventually back to oceans; 7) Groundwater flow: Water moves slowly underground, eventually reaching larger bodies of water. This continuous cycle redistributes water throughout Earth's atmosphere, land, and oceans, regulating temperature, supporting ecosystems, shaping landscapes through erosion and deposition, and providing freshwater resources. The total amount of water on Earth remains relatively constant, though its distribution and form change continuously."
What is the difference between speed and velocity?,"Speed is a scalar quantity that refers to how fast an object is moving, regardless of direction. Velocity is a vector quantity that includes both speed and direction. For example, 60 mph is a speed, while 60 mph north is a velocity.","My explanation is correct. I should add that the formula for speed is distance divided by time, while velocity is displacement divided by time. This is an important distinction because displacement accounts for direction, while distance does not. For example, if you walk 5 km east and then 5 km west, your total distance is 10 km, but your displacement (and therefore average velocity) is zero because you ended up at your starting point.","Speed and velocity both describe how quickly an object moves, but they differ in a fundamental way: Speed is a scalar quantity that refers only to the magnitude (how fast), while velocity is a vector quantity that includes both magnitude and direction. In mathematical terms, speed is calculated as distance traveled divided by time taken (e.g., 60 mph), whereas velocity is displacement divided by time taken (e.g., 60 mph eastward). This distinction becomes clear with an example: If you drive 30 miles north and then 30 miles south, returning to your starting point, your total distance traveled is 60 miles, giving an average speed of 60 miles divided by your travel time. However, your displacement is zero (you ended where you began), making your average velocity zero mph. In physics equations, this distinction is crucial because many physical laws depend on directional changes, not just changes in magnitude."
Explain the process of cellular respiration.,"Cellular respiration is the process by which cells convert glucose and oxygen into energy in the form of ATP (adenosine triphosphate), along with carbon dioxide and water as waste products. It occurs in the mitochondria of cells and is essentially the opposite of photosynthesis.","I should explain the three main stages of cellular respiration: 1) Glycolysis, which occurs in the cytoplasm and breaks down glucose into pyruvate, producing a small amount of ATP; 2) The Krebs cycle (or citric acid cycle), which occurs in the mitochondrial matrix and generates electron carriers (NADH and FADH₂) and a small amount of ATP; 3) The electron transport chain, which occurs in the inner mitochondrial membrane and uses the electron carriers to generate most of the ATP through oxidative phosphorylation. The overall equation is: C₆H₁₂O₆ + 6O₂ → 6CO₂ + 6H₂O + energy (ATP).","Cellular respiration is the metabolic process by which cells convert the chemical energy in glucose and oxygen into ATP (adenosine triphosphate), the cell's usable form of energy, while producing carbon dioxide and water as waste products. The process occurs in three main stages: 1) Glycolysis takes place in the cytoplasm, breaking down glucose (a 6-carbon molecule) into two 3-carbon pyruvate molecules, generating a net gain of 2 ATP and 2 NADH. 2) The Krebs cycle (citric acid cycle) occurs in the mitochondrial matrix, where pyruvate (converted to acetyl-CoA) is broken down completely, producing 2 ATP, 6 NADH, and 2 FADH₂ per glucose molecule. 3) The electron transport chain in the inner mitochondrial membrane uses the NADH and FADH₂ from earlier stages to create a proton gradient that drives ATP synthesis through oxidative phosphorylation, generating approximately 28 ATP. The overall equation is: C₆H₁₂O₆ + 6O₂ → 6CO₂ + 6H₂O + ~32-36 ATP. This process is essentially the reverse of photosynthesis and is fundamental to all aerobic organisms."
What is the law of conservation of energy?,"The law of conservation of energy states that energy cannot be created or destroyed, only transformed from one form to another. The total energy in an isolated system remains constant.","My explanation is correct but could be expanded. I should mention that this is a fundamental principle in physics and applies to all forms of energy (kinetic, potential, thermal, electrical, chemical, nuclear, etc.). I should also clarify that while energy can be converted between different forms, the total amount of energy always remains the same. After Einstein's theory of relativity, this law was extended to include mass-energy equivalence (E=mc²), showing that mass and energy are interchangeable, but their total remains conserved.","The law of conservation of energy states that energy cannot be created or destroyed in an isolated system; it can only be transformed from one form to another or transferred between objects. The total energy of a closed system always remains constant. This fundamental principle applies to all forms of energy—kinetic, potential, thermal, chemical, electrical, nuclear, and others. For example, when a ball falls, its potential energy converts to kinetic energy; when we burn fuel, chemical energy transforms into heat and light; when electricity powers a motor, electrical energy converts to mechanical energy. Following Einstein's theory of relativity, this principle was extended to include mass-energy equivalence (E=mc²), revealing that mass can be converted to energy and vice versa (as in nuclear reactions), but the total amount of mass-energy is always conserved. This principle underlies our understanding of everything from everyday phenomena to the fundamental processes powering stars."
What causes the change of seasons on Earth?,"Seasons change due to the tilt of the Earth's axis relative to its orbit around the sun. When one hemisphere is tilted toward the sun, it experiences summer.",It's important to clarify that it’s not the distance from the sun but the axial tilt that causes the seasons. I should add this distinction.,"The change of seasons is caused by the tilt of Earth's axis (23.5 degrees) as it orbits the sun, not by Earth's distance from the sun."
Who wrote the play 'Romeo and Juliet'?,"The famous tragedy 'Romeo and Juliet' was written by William Shakespeare, a prominent English playwright.",Shakespeare is indeed the correct author. I could add that it was written in the late 16th century for context.,'Romeo and Juliet' was written by William Shakespeare in the late 16th century.
What is the capital city of Japan?,"The capital of Japan is Tokyo, which is the political and economic center of the country.","Tokyo is indeed the capital, and it has been since the Meiji Restoration. Adding that may add value.","The capital city of Japan is Tokyo, which has served as the capital since the Meiji Restoration in 1868."
How many planets are there in the solar system?,There are 8 planets in the solar system after Pluto was reclassified as a dwarf planet.,"Yes, Pluto was reclassified in 2006 by the IAU. I should mention that change explicitly.",There are 8 planets in the solar system. Pluto was reclassified as a dwarf planet by the International Astronomical Union in 2006.
What is the boiling point of water at sea level?,Water boils at 100 degrees Celsius or 212 degrees Fahrenheit at standard atmospheric pressure.,"That's correct, but I should clarify the condition — sea level or 1 atmosphere of pressure.",The boiling point of water at sea level (1 atmosphere pressure) is 100°C (212°F).
What does DNA stand for?,"DNA stands for Deoxyribonucleic Acid, which is the molecule that carries genetic instructions.",Correct. I could add that it’s found in the nucleus of cells.,DNA stands for Deoxyribonucleic Acid. It is the molecule that carries genetic information and is found in the nucleus of cells.
What is photosynthesis?,"Photosynthesis is the process by which green plants convert sunlight, carbon dioxide, and water into glucose and oxygen.",That’s accurate. I might add that chlorophyll in chloroplasts is essential for this process.,"Photosynthesis is the process in which green plants use sunlight, carbon dioxide, and water to produce glucose and oxygen, facilitated by chlorophyll in chloroplasts."
Who painted the Mona Lisa?,"The Mona Lisa was painted by Leonardo da Vinci, a renowned Renaissance artist.",Correct. It might add value to mention it’s housed in the Louvre Museum.,"Leonardo da Vinci painted the Mona Lisa, which is currently housed in the Louvre Museum in Paris."
What is the freezing point of water?,Water freezes at 0°C or 32°F under normal atmospheric pressure.,That’s correct. Adding 'at sea level' might make it more precise.,The freezing point of water at sea level (1 atmosphere pressure) is 0°C (32°F).
Who was the first person to step on the moon?,Neil Armstrong was the first person to walk on the moon during NASA’s Apollo 11 mission.,Correct. It would be good to include the year — 1969.,Neil Armstrong was the first person to step on the moon in 1969 during NASA's Apollo 11 mission.
What is the main function of the heart in the human body?,"The heart pumps blood throughout the body, delivering oxygen and nutrients while removing waste.",That’s accurate. I might note that it’s part of the circulatory system.,"The heart’s main function is to pump blood through the circulatory system, delivering oxygen and nutrients while removing waste products."
What is the currency of the United Kingdom?,The United Kingdom uses the British Pound as its currency.,"Correct. It's also called Pound Sterling, and the symbol is £.","The currency of the United Kingdom is the British Pound Sterling (GBP), symbolized as £."
What gas do humans exhale?,Humans exhale carbon dioxide as a waste product of cellular respiration.,Correct. I could also note that oxygen is absorbed and CO2 is exhaled.,Humans exhale carbon dioxide (CO₂) as a byproduct of cellular respiration.
Which organ is primarily responsible for filtering blood?,The kidneys are responsible for filtering waste and excess substances from the blood.,Correct. The filtered waste is excreted as urine.,"The kidneys are the primary organs responsible for filtering blood and removing waste products, which are excreted as urine."
What is H2O commonly known as?,H2O is the chemical formula for water.,Correct. Might add that it consists of two hydrogen atoms and one oxygen atom.,H2O is commonly known as water. It consists of two hydrogen atoms and one oxygen atom.
What is gravity?,"Gravity is the force that pulls objects toward one another, particularly toward the Earth.",Correct. I could also mention it was formulated by Newton.,"Gravity is the force that attracts objects toward each other. On Earth, it pulls objects toward the center. It was described by Isaac Newton."
What is the primary language spoken in Brazil?,Brazil's primary language is Portuguese due to its colonial history.,Correct. I might note that it’s the only Portuguese-speaking country in South America.,"The primary language spoken in Brazil is Portuguese, making it the only Portuguese-speaking country in South America."
What is a synonym for 'happy'?,"A synonym for happy could be 'joyful', 'cheerful', or 'content'.",Correct. All these are contextually appropriate synonyms.,"Synonyms for 'happy' include joyful, cheerful, and content."
What is the square root of 144?,"The square root of 144 is 12, because 12 × 12 = 144.",Correct. Simple mathematical verification confirms this.,The square root of 144 is 12.
What is the tallest mountain in the world?,Mount Everest is the tallest mountain above sea level.,"Correct. I could add that its height is about 8,848 meters (29,029 feet).","Mount Everest is the tallest mountain in the world above sea level, standing at about 8,848 meters (29,029 feet)."
"If a train travels 60 miles per hour for 3 hours, how far does it travel?","The train's speed is given as 60 miles per hour. To find the total distance traveled, we use the formula: Distance = Speed × Time. Substituting the values: Distance = 60 × 3 = 180 miles.","Rechecking the calculation: 60 mph × 3 hours = 180 miles. The units are consistent, and the multiplication is correct. No errors found.",180 miles.
"You have 8 red balls and 6 blue balls in a bag. If you randomly pick one, what is the probability that it is red?","To find the probability of picking a red ball, we use the formula: Probability = (Favorable outcomes) / (Total outcomes). The total number of balls is 8 + 6 = 14. The number of red balls is 8. So, Probability = 8/14 = 4/7.","Double-checking: The total count is correct, and 8/14 simplifies correctly to 4/7. No miscalculations detected.",4/7.
What is the capital of France?,The capital of France is a well-known fact in geography. The correct answer is Paris.,"Verifying: Paris is indeed the capital of France, confirmed by geographic sources. No errors.",Paris.
"If x + 3 = 10, what is x?","To isolate x, subtract 3 from both sides: x = 10 - 3. Simplifying, x = 7.","Checking: Adding 3 back to 7 gives 10, confirming correctness.",x = 7.
A farmer has chickens and cows. There are 10 heads and 28 legs in total. How many chickens and cows are there?,Let x be the number of chickens and y be the number of cows. We set up two equations: 1) x + y = 10 (since each animal has one head). 2) 2x + 4y = 28 (since chickens have 2 legs and cows have 4). Solving: Substituting y = 10 - x in the second equation: 2x + 4(10 - x) = 28 → 2x + 40 - 4x = 28 → -2x = -12 → x = 6. Then y = 10 - 6 = 4.,"Verifying: 6 chickens × 2 legs = 12, 4 cows × 4 legs = 16. Total legs: 12 + 16 = 28. Head count matches. Solution is correct.",6 chickens and 4 cows.
"If a train travels 60 miles per hour for 3 hours, how far does it travel?","The train's speed is given as 60 miles per hour. To find the total distance traveled, we use the formula: Distance = Speed × Time. Substituting the values: Distance = 60 × 3 = 180 miles.","Rechecking the calculation: 60 mph × 3 hours = 180 miles. The units are consistent, and the multiplication is correct. No errors found.",180 miles.
"You have 8 red balls and 6 blue balls in a bag. If you randomly pick one, what is the probability that it is red?","To find the probability of picking a red ball, we use the formula: Probability = (Favorable outcomes) / (Total outcomes). The total number of balls is 8 + 6 = 14. The number of red balls is 8. So, Probability = 8/14 = 4/7.","Double-checking: The total count is correct, and 8/14 simplifies correctly to 4/7. No miscalculations detected.",4/7.
What is the capital of France?,The capital of France is a well-known fact in geography. The correct answer is Paris.,"Verifying: Paris is indeed the capital of France, confirmed by geographic sources. No errors.",Paris.
"If x + 3 = 10, what is x?","To isolate x, subtract 3 from both sides: x = 10 - 3. Simplifying, x = 7.","Checking: Adding 3 back to 7 gives 10, confirming correctness.",x = 7.
A farmer has chickens and cows. There are 10 heads and 28 legs in total. How many chickens and cows are there?,Let x be the number of chickens and y be the number of cows. We set up two equations: 1) x + y = 10 (since each animal has one head). 2) 2x + 4y = 28 (since chickens have 2 legs and cows have 4). Solving: Substituting y = 10 - x in the second equation: 2x + 4(10 - x) = 28 → 2x + 40 - 4x = 28 → -2x = -12 → x = 6. Then y = 10 - 6 = 4.,"Verifying: 6 chickens × 2 legs = 12, 4 cows × 4 legs = 16. Total legs: 12 + 16 = 28. Head count matches. Solution is correct.",6 chickens and 4 cows.
What causes the northern lights (aurora borealis)?,"The northern lights are caused by charged particles from the sun colliding with gas particles in Earth's atmosphere. These collisions emit light of various colors, creating the auroras. They typically occur near the magnetic poles.","I should clarify that these charged particles are primarily electrons and protons from the solar wind. When they reach Earth, they're directed by our magnetic field toward the poles, which is why auroras are primarily seen at high latitudes. The different colors result from collisions with different gases at different altitudes—green (most common) from oxygen at lower altitudes, red from oxygen at higher altitudes, and blue/purple from nitrogen.","The northern lights (aurora borealis) occur when charged particles (primarily electrons and protons) from the sun collide with gases in Earth's upper atmosphere. These particles, carried by the solar wind, are funneled toward the poles by Earth's magnetic field, which is why auroras are typically observed in high-latitude regions. When these charged particles collide with oxygen and nitrogen atoms in our atmosphere, they excite these gases, causing them to emit light. The colors of the aurora depend on which gas is involved and at what altitude: oxygen produces green light (the most common aurora color) at lower altitudes (about 60-150 km) and red light at higher altitudes (over 150 km), while nitrogen produces blue or purplish-red light. Solar activity directly affects aurora intensity—during periods of strong solar storms or coronal mass ejections, auroras can become more vibrant and visible at lower latitudes than usual."
Why does ice float on water?,"Ice floats on water because it's less dense than liquid water. Most substances are denser in their solid state than their liquid state, but water is an exception.","I should explain why ice is less dense than liquid water. This happens because water molecules form a crystalline lattice structure when frozen, with hydrogen bonds holding the molecules farther apart than in liquid water. This unusual property of water is crucial for life on Earth—if ice were denser than water, it would sink in lakes and oceans, potentially causing them to freeze solid from the bottom up during cold periods, making aquatic life impossible in many regions.","Ice floats on water because it's less dense than liquid water—a rare property as most substances become denser when they solidify. When water freezes at 0°C (32°F), the molecules arrange themselves into a rigid, hexagonal crystalline structure held together by hydrogen bonds. This structure forces the molecules to maintain specific distances and angles from each other, creating an open lattice with more space between molecules than in liquid water, where molecules can pack more closely together. Consequently, ice has about 9% lower density than liquid water. This unusual property has profound implications for life on Earth: when bodies of water freeze, they do so from the top down, creating an insulating layer of ice that prevents the water below from freezing. Without this property, lakes and oceans might freeze solid from the bottom up during cold periods, making aquatic ecosystems as we know them impossible."
How does a touchscreen work?,"Modern touchscreens work using capacitive technology. They have a layer that stores electrical charge, and when a finger (which conducts electricity) touches the screen, it disrupts the electrostatic field, which the device detects as a touch.","I should mention that there are different types of touchscreens. Capacitive touchscreens, which I described correctly, are most common in smartphones and tablets. They work because human fingers are electrically conductive, which is why they don't work with regular gloves. There are also resistive touchscreens (which work by pressure pushing two conductive layers together), which can be used with any object but have lower sensitivity and clarity. I should also note that modern capacitive screens can detect multiple touch points simultaneously (multi-touch), enabling pinch-to-zoom and other gestures.","Modern touchscreens primarily use capacitive technology. These screens have a layer of electrically conductive material (typically indium tin oxide) coated on glass, which holds an electrical charge. When a conductive object like a human finger touches the screen, it alters the local electrostatic field, drawing a tiny amount of current from the touch point. Sensors detect this change in capacitance and determine the touch location. This technology enables multi-touch functionality, allowing devices to track multiple points of contact simultaneously for gestures like pinching or spreading. Capacitive screens offer better clarity and responsiveness than older resistive screens but require a conductive object to work (explaining why they don't respond to regular gloves or styluses). Alternative touchscreen technologies include resistive (which works by pressure pushing two layers together, usable with any object), infrared (which detects interruptions in light beams), and surface acoustic wave (which uses ultrasonic waves on the glass surface)."
What's the difference between a democracy and a republic?,"In a democracy, power rests with the people who make decisions directly or through elected representatives. In a republic, power also rests with citizens who elect representatives, but there's a constitution that limits governmental power and protects individual rights from majority rule.","These terms are often used imprecisely and have overlapping meanings. A more accurate distinction is that democracy refers to who rules (the people, either directly or through representatives), while republic refers to how they rule (through a system where power is held by the people and their elected representatives, with a constitution limiting government power). Most modern nations considered 'democracies' are actually democratic republics, combining elements of both. I should clarify that direct democracy (citizens voting directly on issues) is rare for national governments today, with most democracies being representative democracies.","Democracy and republic are overlapping concepts that are often conflated but have distinct emphases. Democracy refers to a system where power ultimately resides with the citizens, coming from the Greek words 'demos' (people) and 'kratos' (power). Democracies can be direct (citizens vote on legislation themselves) or, more commonly, representative (citizens elect officials to represent their interests). A republic, from Latin 'res publica' (public affair), is a form of government where power is held by citizens and their elected representatives, with a constitution or charter protecting certain rights from majority rule. The key distinction is that democracy emphasizes who holds power (the people), while republic emphasizes how that power is structured (constitutionally limited, representative government). Most modern nations described as democracies are actually democratic republics, combining popular sovereignty with constitutional protections for individual rights and separation of powers. Neither system necessarily implies the other—democratic elements can exist without strong constitutional limits, and republics historically haven't always had broad voting rights."
How does the internet work?,"The internet is a global network of interconnected computers that communicate using standardized protocols, primarily TCP/IP (Transmission Control Protocol/Internet Protocol). It allows data to be broken into packets, sent across various routes, and reassembled at the destination.","I should explain the internet's physical infrastructure too. The internet consists of various physical components: devices (computers, servers, routers, smartphones), transmission media (fiber optic cables, copper cables, wireless signals), and specialized infrastructure (data centers, internet exchange points). When data travels from one device to another, it's broken into packets that may take different routes through various networks before reaching their destination. I should also mention that the Domain Name System (DNS) translates human-readable website names into IP addresses that computers use to identify each other.","The internet works as a vast, global network of interconnected computer networks that communicate using standardized protocols. At its foundation is the TCP/IP protocol suite: IP (Internet Protocol) assigns unique addresses to devices and handles routing packets to their destination, while TCP (Transmission Control Protocol) ensures reliable data delivery by breaking information into packets, managing their transmission, and reassembling them correctly. Physically, the internet consists of billions of connected devices linked through a combination of infrastructure: submarine and underground fiber-optic cables, copper wires, cellular towers, satellites, and local networks. When you access a website, your request passes through multiple routers determining the optimal path to the destination server, often traveling through various networks owned by different entities. The Domain Name System (DNS) acts as the internet's phonebook, translating human-readable domain names (like google.com) into IP addresses computers use for routing. This decentralized design means the internet has no single control point—data can route around damage, and no single entity owns or controls the entire system."
What causes seasons on Earth?,"Seasons are caused by Earth's axial tilt as it orbits the Sun. The tilt means that different parts of Earth receive different amounts of sunlight throughout the year, creating seasonal variations.","I should clarify that Earth's axis is tilted about 23.5 degrees relative to its orbital plane. When the Northern Hemisphere is tilted toward the Sun, it receives more direct sunlight and experiences summer, while the Southern Hemisphere receives less direct sunlight and experiences winter. Six months later, the situation is reversed. I should emphasize that seasons are not caused by Earth's distance from the Sun (a common misconception) but by the angle at which sunlight hits different parts of Earth. In fact, Earth is actually closest to the Sun in early January, during Northern Hemisphere winter.","Seasons on Earth are caused by the planet's axial tilt of approximately 23.5 degrees relative to its orbital plane around the Sun. This tilt remains pointed in the same direction throughout the year (toward Polaris, the North Star), causing different hemispheres to receive varying amounts of sunlight as Earth orbits the Sun. When a hemisphere is tilted toward the Sun, three factors create warmer seasons: 1) Sunlight hits the surface at a more direct angle, concentrating energy in a smaller area; 2) Sunlight passes through less atmosphere, experiencing less scattering and absorption; 3) Daylight hours are longer, allowing more solar heating. Contrary to common belief, seasons are not caused by variations in Earth's distance from the Sun—in fact, Earth is closest to the Sun (perihelion) in early January, during Northern Hemisphere winter. The relatively circular shape of Earth's orbit means distance plays only a minor role in seasonal temperature variations. This axial tilt creates opposite seasons in opposite hemispheres: when it's summer in the Northern Hemisphere, it's winter in the Southern Hemisphere."
How does a vaccine work?,"Vaccines work by introducing a harmless form of a pathogen (or parts of it) to the immune system, training it to recognize and fight the actual disease-causing organism if encountered later.","I should explain that vaccines contain either weakened/killed versions of the pathogen, specific parts like proteins from the pathogen, or genetic instructions for making these proteins (as with mRNA vaccines). These vaccine components can't cause the disease but still trigger the immune system to produce antibodies and memory cells specific to that pathogen. When the actual pathogen invades later, these memory cells recognize it and mount a rapid, strong immune response. I should also mention that this is why vaccines often require multiple doses or boosters—to strengthen the immune memory.","Vaccines work by safely training the immune system to recognize and combat specific pathogens without causing disease. They contain one of several types of components: 1) Weakened (attenuated) live pathogens that can replicate but not cause illness; 2) Inactivated (killed) pathogens that cannot replicate; 3) Specific pathogen components like proteins or sugars (subunit/conjugate vaccines); 4) Toxoids (inactivated toxins) from bacteria; or 5) Genetic instructions (mRNA or DNA) that direct cells to temporarily produce a specific pathogen protein. When introduced to the body, these vaccine components are recognized as foreign by the immune system, triggering two key responses: antibody production by B cells (humoral immunity) and activation of T cells (cell-mediated immunity). Most importantly, vaccines generate immunological memory—specialized B and T memory cells that remain in the body long after the initial response. If the actual pathogen is encountered later, these memory cells recognize it and mount a rapid, powerful defensive response, either preventing infection entirely or significantly reducing its severity. This principle of 'priming' the immune system without causing disease is why vaccination has been one of the most effective public health interventions in history."
Why is the sky blue?,"The sky appears blue because of a phenomenon called Rayleigh scattering. Sunlight contains all colors of the visible spectrum, but when it enters Earth's atmosphere, the air molecules scatter blue light more than other colors because blue light has a shorter wavelength.","My explanation is correct, but I should add that specifically, blue light has a shorter wavelength than red, orange, or yellow light, so it's scattered more by the tiny air molecules in our atmosphere. This scattered blue light comes to us from all parts of the sky. I should also explain why sunsets are reddish: at sunset, sunlight travels through more atmosphere to reach our eyes, so even more blue light is scattered away, leaving primarily the longer-wavelength reds and oranges to reach us directly.","The sky appears blue due to a phenomenon called Rayleigh scattering. Sunlight, which appears white, actually contains all colors of the visible spectrum. When sunlight enters Earth's atmosphere, it collides with air molecules (primarily nitrogen and oxygen) that are much smaller than the wavelengths of visible light. These small particles scatter shorter-wavelength light (blues and violets) much more effectively than longer-wavelength light (reds and oranges)—specifically, the scattering is inversely proportional to the fourth power of the wavelength. While violet light is scattered even more than blue, our eyes are more sensitive to blue light, and some violet light is absorbed by the upper atmosphere, resulting in the characteristic blue sky we see. This same principle explains why sunsets appear reddish-orange: when the Sun is low on the horizon, its light passes through more atmosphere to reach our eyes, causing even more blue light to be scattered away in other directions. This leaves primarily the longer-wavelength reds, oranges, and yellows to travel directly to our eyes, creating the vibrant colors of sunset."
Explain how airplanes generate lift and fly.,"Airplanes generate lift primarily due to the shape of their wings. The curved upper surface and flatter lower surface create lower pressure above the wing and higher pressure below, resulting in an upward force called lift. This is explained by Bernoulli's principle.","My explanation relies too heavily on the popular but oversimplified Bernoulli explanation. A more complete explanation involves both Bernoulli's principle and Newton's laws. As air flows over the wing, it's deflected downward, and by Newton's third law, this downward force on the air creates an equal and opposite upward force on the wing. The angle of attack (the angle between the wing and the oncoming airflow) is crucial for generating lift. At too high an angle, the smooth airflow separates from the wing (stall), reducing lift dramatically. I should also mention that other factors like wing area, air density, and airspeed also affect lift.","Airplanes generate lift through a combination of aerodynamic principles, not just the commonly cited Bernoulli effect. The complete explanation involves: 1) Newton's Third Law: Wings are designed with a positive angle of attack that deflects air downward; the reaction force pushes the aircraft upward. 2) Pressure Differential: The wing's shape and angle cause air to flow faster over the top surface than the bottom, creating lower pressure above and higher pressure below (related to Bernoulli's principle). 3) Air Circulation: A vortex of air circulates around the wing, enhancing the pressure differential. Lift is directly proportional to several factors: air density, wing area, airspeed squared, and the wing's coefficient of lift (determined by its shape and angle of attack). During takeoff, airplanes increase their angle of attack and speed until sufficient lift is generated to overcome gravity. However, exceeding the critical angle of attack disrupts airflow, causing a stall (dramatic loss of lift). Other aircraft components like flaps can temporarily increase lift at lower speeds by effectively changing the wing's shape. Thrust from engines overcomes drag, allowing the aircraft to maintain the forward motion necessary for wings to generate continuous lift."
What happens during a solar eclipse?,"A solar eclipse occurs when the Moon passes between the Earth and the Sun, blocking the Sun's light either partially or totally. During a total solar eclipse, the Moon completely blocks the Sun's disk, revealing the Sun's corona.","I should explain that solar eclipses are only possible during a new moon, when the Moon is between the Earth and Sun. I should also clarify that there are three main types: total (Moon completely covers Sun), partial (Moon covers part of Sun), and annular (Moon appears smaller than Sun, creating a 'ring of fire' effect). Annular eclipses occur when the Moon is at a farther point in its orbit and appears smaller in the sky. I should mention that total solar eclipses are rare at any specific location because the Moon's shadow on Earth is relatively small (about 100 miles wide) and moves quickly across Earth's surface.","A solar eclipse occurs when the Moon passes directly between Earth and the Sun, casting a shadow on Earth's surface. This can only happen during a new moon phase, when the Moon is positioned between Earth and Sun. There are three main types of solar eclipses: 1) Total solar eclipse: The Moon completely covers the Sun's disk, blocking all direct sunlight and briefly turning day into twilight. This reveals the Sun's outer atmosphere (corona), normally invisible due to the Sun's brightness, creating one of nature's most spectacular sights. The path of totality—where a total eclipse is visible—is typically only about 100-150 miles wide. 2) Partial solar eclipse: The Moon covers only a portion of the Sun's disk. 3) Annular solar eclipse: Occurs when the Moon is at a farther point in its elliptical orbit, appearing slightly smaller than the Sun. This creates a 'ring of fire' effect with the Sun's edges visible around the Moon. Total solar eclipses are relatively rare for any specific location on Earth because the Moon's shadow is small and the alignment must be precise. Solar eclipses must be viewed with proper eye protection except during the brief moments of totality, as looking directly at the Sun can cause permanent eye damage."
What causes tides on Earth?,"Tides are caused by the gravitational pull of the Moon and, to a lesser extent, the Sun on Earth's oceans. The side of Earth facing the Moon experiences a high tide because the Moon's gravity pulls the water toward it. The opposite side of Earth also experiences a high tide due to inertial forces.","I should clarify that the correct explanation for the high tide on the far side is the difference in gravitational force. The Moon pulls on everything on Earth, but it pulls slightly stronger on the side facing the Moon and slightly weaker on the far side. Earth itself is pulled more than the water on the far side, effectively leaving that water 'behind' and creating a bulge there too. I should also explain that we experience two high and two low tides each day (in most places) because Earth rotates through these two bulges. Spring tides (higher high tides and lower low tides) occur when the Sun and Moon align during full and new moons, while neap tides (less extreme) occur when they're at right angles during quarter moons.","Tides on Earth are primarily caused by the gravitational interactions between Earth, the Moon, and the Sun, with the Moon exerting about twice the tidal force of the Sun due to its proximity. The basic mechanism involves gravitational gradients—differences in gravitational pull across Earth's diameter. On the side facing the Moon, the Moon's gravity pulls ocean water slightly more strongly than it pulls the Earth as a whole, creating a bulge toward the Moon. On the opposite side, the Moon pulls the solid Earth more strongly than it pulls the water on the far side, effectively leaving that water 'behind' and creating a second bulge away from the Moon. As Earth rotates through these two bulges every day, most coastal areas experience two high tides and two low tides approximately every 24 hours and 50 minutes (the time it takes for the same point on Earth to realign with the Moon). Tidal ranges vary due to factors like ocean basin shape, water depth, and coastal topography. Spring tides (more extreme high and low tides) occur when the Sun and Moon align during new and full moons, combining their gravitational effects. Neap tides (less extreme) occur during quarter moons when the Sun and Moon pull at right angles to each other, partially counteracting their effects."
How does GPS (Global Positioning System) work?,"GPS works by using satellites orbiting Earth that transmit precise time and position information. A GPS receiver calculates its distance from multiple satellites based on how long the signals take to arrive, and then uses this to determine its own position through trilateration.","I should specify that the GPS system consists of about 30 satellites orbiting Earth, and a receiver needs signals from at least 4 satellites (not just 3) to determine its position in three dimensions (latitude, longitude, and altitude) plus accurate time. Each satellite contains an atomic clock for extremely precise timing. I should also mention that the system must account for relativistic effects—the satellites' clocks run slightly faster than Earth-based clocks due to both their speed (special relativity) and weaker gravitational field (general relativity). Without these corrections, GPS positions would drift by about 10 kilometers per day.","GPS (Global Positioning System) works through a constellation of approximately 30 satellites orbiting Earth at an altitude of about 20,000 km. Each satellite continuously broadcasts signals containing its precise position and the exact time from its onboard atomic clock. A GPS receiver on Earth picks up these signals and calculates how long it took each signal to arrive by comparing the broadcast time with the time of reception. Since these signals travel at the speed of light (approximately 300,000 km/s), the receiver can calculate its distance from each satellite. With signals from at least four satellites, the receiver uses trilateration to determine its three-dimensional position (latitude, longitude, and altitude) and correct its internal clock. Remarkably, GPS accounts for both special and general relativistic effects—the satellites' clocks run about 38 microseconds faster per day than Earth-based clocks due to their speed and weaker gravitational field. Without these corrections, location accuracy would drift by about 10 kilometers daily. Modern GPS can achieve accuracy within a few meters for civilian use, while military and specialized systems can be accurate to centimeters. This technology enables navigation, mapping, timing, and countless applications across transportation, agriculture, emergency services, and personal devices."
"What is the difference between a hurricane, typhoon, and cyclone?","Hurricanes, typhoons, and cyclones are all the same type of storm—a rotating tropical storm with a low-pressure center. The difference is just in what they're called in different parts of the world.","That's correct. Specifically, these storms are called hurricanes in the Atlantic Ocean and Northeast Pacific, typhoons in the Northwest Pacific, and cyclones in the South Pacific and Indian Ocean. I should also mention that they're all tropical cyclones characterized by a low-pressure center (eye), thunderstorms, and strong winds that can cause significant damage through intense winds, heavy rainfall, and storm surge flooding. They form over warm ocean waters (usually above 26°C/79°F) and derive their energy from water evaporation and condensation.","Hurricanes, typhoons, and cyclones are all the same meteorological phenomenon—strong tropical cyclones with sustained wind speeds of at least 74 mph (119 km/h). The different names simply reflect where the storm occurs: hurricanes form in the Atlantic Ocean and Northeast Pacific; typhoons develop in the Northwest Pacific (primarily affecting Asia); and tropical cyclones (often simply called cyclones) form in the South Pacific and Indian Ocean. Regardless of name, all share the same characteristics: a well-defined low-pressure center (eye) surrounded by a rotating wall of intense thunderstorms (eyewall), strong winds circulating counterclockwise in the Northern Hemisphere and clockwise in the Southern Hemisphere, and the potential to cause catastrophic damage. These storms form over warm ocean waters (typically exceeding 26°C/79°F), drawing energy from the evaporation of water and subsequent condensation. They can produce destructive winds, torrential rainfall, storm surges (abnormal sea level rise), coastal and inland flooding, and tornadoes. The unified scientific term for all these storms is 'tropical cyclone,' with regional names applied based on formation location rather than any structural difference."
What is cryptocurrency and how does it work?,"Cryptocurrency is a digital or virtual currency that uses cryptography for security and operates on a technology called blockchain, which is a distributed ledger enforced by a network of computers. Bitcoin is the first and most well-known cryptocurrency.","I should explain blockchain more clearly. It's a decentralized, public ledger that records all transactions across a peer-to-peer network. New transactions are grouped into 'blocks' which are cryptographically linked to previous blocks, creating a chain that cannot be easily altered retroactively. I should also mention that cryptocurrencies typically use consensus mechanisms like Proof of Work (PoW) or Proof of Stake (PoS) to validate transactions and create new coins. Unlike traditional currencies issued by governments (fiat money), most cryptocurrencies have a fixed or algorithmically-controlled supply and operate without a central authority like a bank or government.","Cryptocurrency is a digital or virtual currency that uses cryptography for security and operates on decentralized networks based on blockchain technology. Unlike traditional currencies issued by governments (fiat money), cryptocurrencies typically function without a central authority. The foundation of most cryptocurrencies is blockchain—a distributed public ledger that records all transactions across a peer-to-peer network. When someone makes a transaction, it's broadcast to this network of computers (nodes), which validate the transaction using predetermined algorithms. Valid transactions are grouped into 'blocks' which are cryptographically linked to previous blocks, creating an immutable chain of transaction history. Cryptocurrencies use different consensus mechanisms to maintain their security and create new units: Bitcoin uses Proof of Work (PoW), where 'miners' solve complex mathematical puzzles to validate transactions and are rewarded with new coins; others use Proof of Stake (PoS), where validators lock up existing coins as collateral to create new blocks. Most cryptocurrencies have limited supply (Bitcoin will never exceed 21 million coins), which contrasts with fiat currencies that can be printed at will by central banks. This technology enables direct peer-to-peer transfers without intermediaries, potentially offering lower fees, faster international transfers, financial inclusion for the unbanked, and resistance to censorship—though with challenges including price volatility, regulatory uncertainty, and environmental concerns (particularly for PoW systems)."
What is quantum computing and how does it differ from classical computing?,"Quantum computing uses quantum bits or qubits that can exist in multiple states simultaneously due to quantum mechanics, unlike classical bits that can only be either 0 or 1. This allows quantum computers to perform certain calculations much faster than classical computers.","I should explain the key quantum properties that make quantum computing powerful. Qubits can exist in a superposition of states (both 0 and 1 simultaneously), and they can be entangled with each other, meaning the state of one qubit can depend on the state of another regardless of distance. These properties potentially allow quantum computers to solve certain problems exponentially faster than classical computers. I should clarify that quantum computers aren't universally faster—they're dramatically better for specific problems like factoring large numbers (relevant to encryption) and simulating quantum systems, but not necessarily better for everyday computing tasks. I should also mention that practical, large-scale quantum computers are still in development, facing challenges like maintaining quantum coherence.","Quantum computing harnesses principles of quantum mechanics to process information in fundamentally different ways than classical computing. While classical computers use bits that exist in one of two states (0 or 1), quantum computers use quantum bits or 'qubits' that leverage two key quantum properties: 1) Superposition: Qubits can exist in multiple states simultaneously—both 0 and 1 with different probabilities—until measured. 2) Entanglement: Qubits can be correlated such that the state of one qubit instantly influences another, regardless of distance. These properties enable quantum computers to process vast amounts of possibilities simultaneously rather than sequentially. This provides exponential advantages for specific problems: factoring large numbers (threatening current encryption methods), searching unsorted databases, optimizing complex systems, and simulating quantum systems for materials science and drug discovery. However, quantum computers aren't universally superior—they're specialized tools rather than replacements for classical computers. They require extremely controlled environments (near absolute zero temperatures) to maintain quantum coherence and prevent decoherence (loss of quantum states through environmental interaction). Current quantum computers remain limited in qubit count and stability, with companies like IBM, Google, and specialized startups working to overcome these challenges. Rather than replacing classical computing, quantum computing will likely complement it for specific applications where its unique abilities provide dramatic advantages."
Explain how noise-canceling headphones work.,"Noise-canceling headphones work by using microphones to detect external noise, then generating sound waves that are the exact opposite (180 degrees out of phase) of that noise. When these opposite sound waves meet the original noise, they cancel each other out through destructive interference.","My explanation is correct but could be more detailed. I should clarify that there are two types of noise cancellation: passive and active. Passive noise cancellation simply uses physical barriers like padding to block sound waves. Active noise cancellation (which I described) uses electronics to create anti-noise. I should also mention that active noise cancellation works best for constant, low-frequency sounds like airplane engines or air conditioners, but is less effective for sudden or high-frequency sounds like voices or alarms. The system also includes feedback mechanisms to continuously adjust the anti-noise as the environment changes.","Noise-canceling headphones combine two methods to reduce unwanted sound: passive and active noise cancellation. Passive noise cancellation uses physical materials like foam padding and over-ear designs to create a seal that blocks high-frequency sound waves (like voices or higher-pitched noises). Active noise cancellation (ANC) handles lower-frequency sounds (like airplane engines or air conditioners) through a sophisticated electronic process: 1) Tiny microphones on the headphones detect incoming ambient noise before it reaches your ear; 2) An integrated processor analyzes these sound waves in real-time; 3) The processor generates an inverse sound wave (the exact opposite amplitude but same frequency—180 degrees out of phase) to the detected noise; 4) When these opposing sound waves meet, they experience destructive interference, effectively canceling each other out before reaching your ear. This process occurs continuously, with feedback systems adjusting to changing noise environments. ANC works most effectively on consistent, low-frequency sounds but struggles with sudden, irregular, or high-frequency noises. More advanced models use multiple microphones and sophisticated algorithms to improve cancellation across a wider range of frequencies and adapt to dynamic sound environments. The combination of both passive and active methods provides comprehensive noise reduction across the frequency spectrum."
What's the difference between correlation and causation?,"Correlation means that two variables tend to change together (either in the same direction or opposite directions), while causation means that one variable directly causes the change in the other variable. Correlation does not necessarily imply causation.","I should explain this with examples to make it clearer. For example, ice cream sales and drowning deaths are correlated (both increase in summer months), but one doesn't cause the other—they're both influenced by a third factor (warm weather). I should also mention that establishing causation typically requires controlled experiments or more sophisticated research designs that can rule out alternative explanations. Causation implies correlation, but correlation doesn't necessarily imply causation. Mistaking correlation for causation is a common logical fallacy.","Correlation and causation represent fundamentally different relationships between variables. Correlation describes a statistical relationship where two or more variables tend to change together—either in the same direction (positive correlation) or opposite directions (negative correlation). For example, there's a positive correlation between height and weight in humans. Causation, however, specifically means that changes in one variable directly bring about changes in another variable—a cause-and-effect relationship. The crucial distinction is that correlation alone never proves causation. For example, ice cream sales and drowning deaths correlate strongly (both increase in summer), but neither causes the other; both increase because of a third factor (warmer weather). Common ways that correlations can exist without causation include: reverse causality (A doesn't cause B; B causes A), third variables (factor C causes both A and B), coincidence (random chance created the pattern), or sampling issues. Establishing causation typically requires controlled experiments that manipulate only the suspected causal variable, natural experiments that approximate controlled conditions, or advanced statistical methods that help rule out alternative explanations. The phrase 'correlation does not imply causation' reminds us to avoid assuming that because two things occur together, one must cause the other—a common fallacy in interpreting data."
Who was the leader of Germany during World War II?,"Historical records confirm that Adolf Hitler was the central figure in Germany during the war, serving as both Chancellor and Führer.",It is important to mention both titles to ensure clarity regarding his role.,"Adolf Hitler led Germany during World War II, serving as both Chancellor and Führer."
What is the formula for Newton's second law of motion?,Newton's second law states that force equals mass times acceleration. I should also confirm that the units and variables are correctly identified.,"Double-checking that F is force in newtons, m is mass in kilograms, and a is acceleration in meters per second squared.","Newton's second law is expressed as F = ma, where F is measured in newtons, m in kilograms, and a in meters per second squared."
What is the law of demand in economics?,"The law of demand explains that, all else equal, as the price of a good or service increases, the quantity demanded decreases. Exceptions such as Giffen goods might arise.",I should mention exceptions while ensuring the core idea is clearly conveyed.,"The law of demand states that as the price of a good or service increases, the quantity demanded typically decreases, although there are exceptions such as Giffen goods."
Explain why the sky appears blue on a clear day.,"Rayleigh scattering causes shorter blue wavelengths to be scattered more than the longer wavelengths, making the sky appear blue.","I verified that the explanation clearly connects scattering with the observed color, without overcomplicating the answer.",The sky appears blue because the Earth's atmosphere scatters shorter (blue) wavelengths of sunlight more effectively than longer wavelengths.
Provide reasons why recycling is important in modern society.,"Recycling helps reduce waste, conserve natural resources, save energy, and decrease pollution. A well-rounded answer should list these key benefits.","I ensured that the answer covers environmental, economic, and conservation benefits.","Recycling is important because it reduces waste, conserves raw resources, saves energy, and helps decrease pollution."
What are the primary colors in the subtractive color model used in printing?,"In printing, the subtractive color model uses cyan, magenta, and yellow as the primary colors. Although black is often added in the CMYK model, it is not considered a primary color.",I included the detail about black to differentiate between the basic subtractive model and the CMYK model.,"The primary colors in the subtractive color model for printing are cyan, magenta, and yellow. In the CMYK model, black is added for depth."
How did the invention of the internet change global communication?,"The internet revolutionized communication by enabling instantaneous global connectivity, transforming media, business, and cultural exchanges.",I revisited the answer to ensure that it captures the broad impact on various sectors.,"The internet transformed global communication by making it faster and more accessible, thereby reshaping media, commerce, and cultural interaction around the world."
Describe the water cycle and its significance to Earth's ecosystems.,"The water cycle consists of evaporation, condensation, precipitation, and collection. This cycle is fundamental to distributing water, sustaining life, and affecting weather patterns.",I checked that the answer is scientifically accurate and underlines its ecological importance.,"The water cycle is the continuous process of evaporation, condensation, precipitation, and collection, essential for distributing water and sustaining life on Earth."
What factors contributed to the fall of the Roman Empire?,"The decline of the Roman Empire was multifaceted, stemming from political instability, economic troubles, military setbacks, and external invasions.",I ensured that the answer addresses multiple interconnected causes rather than a single simplification.,"The Roman Empire fell due to a combination of factors, including internal political corruption, economic decline, military defeats, and invasions by barbarian tribes."
What is the capital city of France?,"France’s political, cultural, and historical influence centers around its capital. I need to be sure to state the correct and well-known capital.",The answer seems straightforward; I verify that Paris is indeed the universally recognized capital.,Paris is the capital city of France.
What is the longest river in the world?,"The two primary contenders for the longest river are the Nile and the Amazon. I must consider how length is measured, and while the Nile is classically acknowledged, recent debates sometimes favor the Amazon.","I need to provide context, so the answer reflects the debate, ensuring clarity.","Traditionally, the Nile is considered the longest river in the world, though some studies suggest the Amazon may be longer depending on the measurement criteria."
Which planet is known as the Red Planet?,Mars has a reddish appearance due to iron oxide on its surface. It is commonly known as the Red Planet.,I confirmed that Mars is the unique answer for this question.,Mars is known as the Red Planet.
What are the main components of an ecosystem?,"An ecosystem is made up of biotic (living organisms) and abiotic (non-living elements like water, soil, and air) components that interact with one another.",I double-checked that both living and non-living components are mentioned for a full answer.,"The main components of an ecosystem are biotic factors (plants, animals, microorganisms) and abiotic factors (water, soil, air, sunlight)."
Who wrote 'Romeo and Juliet'?,"The play is a classic work of literature by William Shakespeare, a celebrated playwright of the Elizabethan era.",I confirmed that no other author is commonly associated with this well-known play.,William Shakespeare wrote 'Romeo and Juliet.'
Which invention greatly influenced the Industrial Revolution?,The steam engine is widely recognized as a key invention that drove the Industrial Revolution by powering machinery and transportation.,I ensured that the answer highlights the transformative nature of the steam engine.,The steam engine was a pivotal invention that greatly influenced the Industrial Revolution.
What stages are in the life cycle of a butterfly?,"A butterfly’s life cycle includes four stages: egg, larva (caterpillar), pupa (chrysalis), and adult.",I confirmed that each stage is correctly named and in proper order.,"The life cycle of a butterfly consists of the egg, larva (caterpillar), pupa (chrysalis), and adult stages."
How do vaccines work?,"Vaccines stimulate the immune system to produce antibodies by imitating an infection, helping the body to recognize and fight the disease in future infections.",I verified that the answer explains the process without unnecessary technical details.,"Vaccines work by exposing the immune system to a harmless form or component of a pathogen, prompting it to create antibodies and memory cells for faster response in future exposures."
Define gravity.,Gravity is the force by which a planet or other body draws objects toward its center. It is fundamental to physics and explains why objects fall to Earth.,I double-checked that the definition is simple and accurate for general understanding.,"Gravity is the force that attracts objects with mass toward one another, most notably causing objects to fall toward the Earth's center."
What is biodiversity and why is it important?,"Biodiversity refers to the variety of life on Earth. It is important because it ensures ecosystem resilience, supports food chains, and enhances environmental stability.",I made sure to cover both the definition and its significance.,"Biodiversity is the variety of living organisms in an ecosystem, and it is crucial because it supports ecosystem resilience, food security, and overall environmental health."
Who painted the Mona Lisa?,"The Mona Lisa is a famous portrait painted during the Renaissance period, and its creator is well documented as Leonardo da Vinci.",I verified that Leonardo da Vinci is universally recognized as the painter of this artwork.,Leonardo da Vinci painted the Mona Lisa.
What is the boiling point of water in Celsius?,"Under standard atmospheric pressure, water boils at 100 degrees Celsius. I need to ensure that this value is precise and well recognized.",I confirmed that no additional context is needed for standard conditions.,Water boils at 100 degrees Celsius under standard atmospheric pressure.
Explain the process of photosynthesis.,"Photosynthesis is the process by which plants convert sunlight, water, and carbon dioxide into glucose and oxygen. Detailing the steps helps reinforce the concept.",I ensured that all key inputs and outputs are included without oversimplifying.,"Photosynthesis is the process where plants use sunlight, water, and carbon dioxide to produce glucose (energy) and release oxygen as a byproduct."
What causes the seasons on Earth?,"Seasons are caused by the tilt of the Earth's axis relative to its orbital plane around the sun, not by the distance from the sun.",I double-check that this explanation distinguishes the axial tilt from distance changes.,"The changing seasons are due to the tilt of the Earth's axis, which causes varying angles of sunlight throughout the year."
What is the significance of the Magna Carta?,"The Magna Carta is a seminal document in the history of constitutional law, establishing principles of limited government and certain individual rights.",I confirmed the importance of mentioning its lasting impact on legal systems.,The Magna Carta is significant because it laid the foundation for modern constitutional law and the concept of limited government by establishing certain rights for citizens.
Name the three states of matter.,"The classical states of matter are solid, liquid, and gas. I must ensure the answer is succinct and covers the basics.",Double-checking that no additional states (such as plasma) are expected in a general knowledge context.,"The three classical states of matter are solid, liquid, and gas."
What are renewable energy sources?,"Renewable energy comes from sources that naturally replenish, such as solar, wind, hydro, geothermal, and biomass.",I made sure to include several examples for breadth of understanding.,"Renewable energy sources include solar, wind, hydroelectric, geothermal, and biomass energy."
What is globalization?,"Globalization is the process of increased interconnectedness among countries, economically, culturally, and politically, largely driven by advancements in technology and trade.",I ensured the explanation covers multiple facets of globalization.,"Globalization is the process by which businesses, cultures, and governments become interconnected and interdependent through trade, communication, and technology."
How does the stock market work?,"The stock market is a platform where shares of publicly held companies are bought and sold, and prices fluctuate based on supply, demand, and investor sentiment.",I confirmed that the explanation is clear and captures the basic mechanics without technical overload.,"The stock market facilitates the buying and selling of company shares, with prices determined by supply and demand as well as investor sentiments."
What is the significance of the Silk Road?,"The Silk Road was an ancient network of trade routes that connected the East and West, facilitating cultural, economic, and technological exchanges.",I reviewed that the answer emphasizes its role in history beyond just trade.,"The Silk Road was significant for fostering cultural exchange, trade, and the spread of technologies between the Eastern and Western civilizations."
Who was Mahatma Gandhi?,Mahatma Gandhi was a leader known for his non-violent resistance in the struggle for Indian independence from British rule.,I ensured his philosophy and historical role are clearly noted.,Mahatma Gandhi was an Indian leader who championed non-violent resistance to help India gain independence from British rule.
What are the major components of a computer?,"A computer typically includes hardware components like the processor, memory, storage, and peripheral devices, along with software that directs its operations.",I verified that both the hardware and software aspects are acknowledged in the answer.,"The major components of a computer include the central processing unit (CPU), memory (RAM), storage (hard drive or SSD), input/output devices, and the operating system software."
What is climate change?,"Climate change refers to long-term shifts in temperatures, weather patterns, and other climatic conditions, largely driven by human activities such as greenhouse gas emissions.",I checked that the answer links human influence with the observed changes in climate.,"Climate change is the long-term alteration of temperature and typical weather patterns, primarily caused by human activities releasing greenhouse gases into the atmosphere."
Explain the process of erosion.,"Erosion is the process by which natural forces like wind, water, or ice wear away rocks and soil. It shapes the landscape over time.",I made sure that the explanation is accessible and captures the gradual nature of the process.,"Erosion is the natural process of wearing away soil and rock by wind, water, or ice, which gradually shapes the Earth's surface."
What is a black hole?,"A black hole is a region in space with a gravitational pull so strong that nothing, not even light, can escape from it.",I ensured this definition is concise and covers the key characteristic of black holes.,"A black hole is a region in space where gravity is so intense that nothing, not even light, can escape its pull."
Who discovered penicillin?,"Penicillin, the first antibiotic, was discovered by Alexander Fleming, which revolutionized medicine.",I confirmed that the discovery’s attribution is unambiguous.,Alexander Fleming discovered penicillin.
What is the primary function of the heart?,"The heart functions as a pump that circulates blood throughout the body, delivering oxygen and nutrients and removing waste.",I reviewed that the answer clearly states the biological role of the heart.,The primary function of the heart is to pump blood throughout the body.
Define democracy.,"Democracy is a form of government in which power is vested in the people, typically through elected representatives, ensuring citizen participation in decision-making.",I verified that the definition is both clear and covers key aspects of participation and representation.,Democracy is a system of government in which the citizens exercise power by voting and electing representatives.
What is quantum physics?,"Quantum physics is the branch of physics that deals with phenomena at micro scales, such as atoms and subatomic particles, where classical physics does not fully apply.",I ensured that the answer mentions the microscopic scale to distinguish it from classical physics.,Quantum physics is the study of the behavior of matter and energy at the atomic and subatomic levels.
What is the function of the United Nations?,"The United Nations works to promote international cooperation, maintain peace and security, and address global issues such as human rights and sustainable development.",I double-checked that the answer covers both political and humanitarian goals of the organization.,"The United Nations fosters international peace, security, social and economic development, and cooperation between nations."
What are the benefits of learning multiple languages?,"Learning multiple languages enhances cognitive skills, cultural understanding, career opportunities, and communication.",I confirmed that several diverse benefits are mentioned.,"Learning multiple languages can improve cognitive flexibility, cultural empathy, employment opportunities, and overall communication skills."
How do renewable energy sources help the environment?,"Renewable energy sources reduce carbon emissions, lower air pollution, and decrease dependency on fossil fuels, thereby mitigating climate change.",I ensured that both environmental and sustainability aspects are conveyed clearly.,"Renewable energy helps the environment by reducing greenhouse gas emissions, lowering air pollution, and decreasing reliance on non-renewable fossil fuels."
Who is known as the father of computers?,Charles Babbage is widely recognized as the father of computers due to his conceptual designs of computing machines in the 19th century.,I made sure that the attribution is correct and clearly acknowledged.,Charles Babbage is known as the father of computers.
What is the function of DNA?,"DNA carries genetic instructions essential for the development, functioning, and reproduction of all living organisms.",I ensured that the answer explains the basic role of DNA without excessive technical details.,"DNA contains the genetic blueprint for the development, functioning, and reproduction of living organisms."
How does deforestation affect biodiversity?,"Deforestation destroys habitats, which reduces biodiversity, disrupts ecosystems, and endangers many species.",I double-checked that the impact on ecosystems and species is adequately mentioned.,"Deforestation leads to habitat loss, which in turn reduces biodiversity and destabilizes ecosystems."
Name the seven continents.,"The seven continents are widely recognized as Africa, Antarctica, Asia, Europe, North America, Oceania (or Australia), and South America.",I verified that the list is complete and in a generally accepted format.,"The seven continents are Africa, Antarctica, Asia, Europe, North America, Oceania, and South America."
What is the function of the judiciary?,"The judiciary interprets laws, ensures justice, and checks the other branches of government. I must emphasize its role in upholding the rule of law.",I made sure that separation of powers is implied in the explanation.,"The judiciary interprets and applies laws, ensuring justice and maintaining the balance of power within a government."
What is the impact of social media on society?,"Social media has transformed communication by connecting people instantly, but it also poses challenges like misinformation and privacy issues.",I confirmed that the answer includes both positive and negative aspects for balance.,"Social media has enhanced global communication and information sharing but also raised concerns about misinformation, privacy, and social polarization."
Explain the greenhouse effect.,"The greenhouse effect occurs when atmospheric gases trap heat from the sun, warming the planet. This natural process is intensified by human activities.",I ensured that the explanation captures both the natural phenomenon and human impact.,"The greenhouse effect is the trapping of heat by gases in the Earth's atmosphere, and while it is a natural process, human activities have amplified its intensity."
Who is Marie Curie and what is she famous for?,"Marie Curie was a pioneering physicist and chemist known for her research in radioactivity, making her the first woman to win a Nobel Prize.",I double-checked that her accomplishments and legacy are clearly stated.,Marie Curie was a groundbreaking scientist known for her work in radioactivity and was the first woman to win a Nobel Prize.
What is the significance of the Olympic Games?,"The Olympic Games promote international unity, sportsmanship, and cultural exchange, reflecting both athletic excellence and global cooperation.",I verified that the answer highlights both the competitive and unifying aspects.,"The Olympic Games are significant for fostering international unity, sportsmanship, and cultural exchange through athletic competition."
Define inflation.,"Inflation is the rate at which the general price level of goods and services rises, resulting in a decrease in purchasing power.",I ensured that the answer defines inflation in a simple yet complete way.,"Inflation is the increase in prices over time, which reduces the purchasing power of money."
What is the role of photosynthesis in the carbon cycle?,"Photosynthesis absorbs carbon dioxide from the atmosphere and converts it into organic compounds, which is crucial for regulating atmospheric CO2 levels.",I confirmed that the answer connects photosynthesis directly with the carbon cycle.,Photosynthesis plays a critical role in the carbon cycle by capturing carbon dioxide from the atmosphere and converting it into organic matter.
How does the human brain work?,"The human brain functions through complex networks of neurons that communicate via electrical and chemical signals, enabling thought, memory, and action.",I verified that the answer provides a high-level overview appropriate for general knowledge.,"The human brain works by using networks of neurons to process information through electrical and chemical signals, which underlie our thoughts, memories, and actions."
What is the importance of the Earth's ozone layer?,The ozone layer protects living organisms by absorbing most of the sun's harmful ultraviolet radiation.,I made sure that the protection aspect is clearly linked to its ecological significance.,"The Earth's ozone layer is crucial because it absorbs harmful ultraviolet radiation, protecting life on our planet."
What does GDP stand for?,"GDP stands for Gross Domestic Product, which measures the total economic output of a country.","Having confirmed that the explanation is straightforward, I ensure both the definition and its relevance are included.",GDP stands for Gross Domestic Product and represents the total monetary value of all goods and services produced within a country over a specific period.
What is the significance of the Declaration of Independence?,"The Declaration of Independence marks the formal assertion of independence by the American colonies from Britain, establishing foundational principles of freedom and democracy.",I ensured that the answer covers both the historical context and its ideological impact.,The Declaration of Independence is significant as it established the American colonies as independent states and laid the groundwork for modern democratic principles.
How does the water cycle contribute to weather patterns?,"The water cycle, through evaporation, condensation, and precipitation, is a primary driver of weather patterns and climate variability.",I double-checked that the connection between the water cycle and weather is clear.,"The water cycle drives weather patterns by regulating evaporation, condensation, and precipitation processes that influence local and global climates."
Define the big bang theory.,"The big bang theory is the prevailing cosmological model explaining the origin of the universe as an expansion from a very hot, dense state.",I confirmed that the answer is concise and captures the core idea without extraneous details.,"The big bang theory is the leading explanation for the origin of the universe, proposing that it expanded from an extremely hot and dense initial state."
How do magnets work?,"Magnets produce a magnetic field through the alignment of electrons in materials, which allows them to attract or repel other magnetic materials.",I made sure further explanation of electron alignment is enough for a general audience.,"Magnets work by generating a magnetic field due to the alignment of electrons, enabling them to attract or repel other magnetic materials."
What is the impact of technology on modern education?,"Technology has transformed education by enabling access to digital resources, online learning platforms, and interactive teaching methods that personalize learning experiences.",I ensured that the answer addresses both the opportunities and changes in educational accessibility.,"Technology impacts modern education by enhancing access to resources, facilitating online learning, and enabling more personalized and interactive teaching and learning experiences."
What is a solar eclipse?,"A solar eclipse occurs when the Moon passes between the Earth and the Sun, partially or completely blocking the Sun’s light.",I confirmed that the explanation clearly captures the alignment necessary for a solar eclipse.,"A solar eclipse happens when the Moon comes between the Earth and the Sun, temporarily blocking all or part of the Sun’s light."
Name the largest ocean on Earth.,"The Pacific Ocean is the largest ocean on Earth by area, covering more than one-third of the Earth's surface.",I verified that the answer is unambiguous with respect to ocean classification.,The Pacific Ocean is the largest ocean on Earth.
Explain the importance of mental health.,"Mental health is crucial because it affects emotional, psychological, and social well-being, influencing how people think, feel, and act.",I ensured that the answer connects mental health to overall quality of life.,"Mental health is important because it impacts our emotional, psychological, and social well-being, affecting every aspect of day-to-day living."
Who wrote '1984'?,"George Orwell is known for writing '1984', a novel that explores themes of totalitarianism and surveillance.",I confirmed that no other author is commonly associated with this classic dystopian novel.,George Orwell wrote '1984.'
What are the benefits of a balanced diet?,"A balanced diet provides essential nutrients, supports overall health, boosts energy levels, and reduces the risk of chronic diseases.","I made sure the answer is comprehensive, listing multiple health benefits.","A balanced diet supplies the body with essential nutrients, helps maintain weight, boosts energy, and lowers the risk of various health issues."
How does the internet affect privacy?,"The internet enables vast information sharing, which can compromise personal privacy if data is misused or inadequately protected.",I confirmed that the explanation addresses the balance between connectivity and potential risks.,"While the internet has enhanced communication and access to information, it also raises significant privacy concerns due to data security issues and unauthorized use of personal information."
What is the significance of vaccination programs?,"Vaccination programs help prevent the spread of infectious diseases, save lives, and contribute to public health by promoting herd immunity.",I ensured that both individual and community benefits are mentioned.,"Vaccination programs are significant because they prevent outbreaks of disease, protect vulnerable populations, and promote overall public health."
What are the key aspects of sustainable development?,"Sustainable development involves balancing economic growth, environmental protection, and social progress to meet current needs without compromising future generations.",I confirmed the answer highlights the three pillars of sustainability.,"Sustainable development is based on balancing economic, environmental, and social factors to ensure long-term prosperity and a healthy planet."
What is genetic engineering?,"Genetic engineering is the manipulation of an organism's genome using biotechnology, which can be used for medical, agricultural, or industrial purposes.",I ensured the answer covers the basic definition along with examples of its applications.,"Genetic engineering involves directly modifying the genetic material of an organism to achieve desired traits or outcomes, and is used in fields like medicine and agriculture."
Explain the role of oceans in climate regulation.,"Oceans absorb vast amounts of solar radiation and carbon dioxide, and they help distribute heat around the globe, moderating the climate.",I made sure the answer connects the ocean’s functions to overall climate stabilization.,"Oceans regulate the climate by absorbing heat and carbon dioxide, and by redistributing thermal energy across the planet through currents."
What is the importance of art in society?,"Art reflects cultural values, inspires creativity, provokes thought, and can influence social change, making it a vital part of society.",I ensured that the answer covers both aesthetic and social functions of art.,"Art is important in society for its ability to inspire, provoke thought, and reflect cultural values, thereby enriching human experiences and promoting social change."
How did the Cold War impact global politics?,"The Cold War created global divisions through ideological conflicts, arms races, and proxy wars, significantly shaping international relations in the latter half of the 20th century.",I verified that the answer captures the broad impact on international politics.,"The Cold War influenced global politics by dividing nations into opposing blocs, driving military competition, and prompting political alliances that shaped international relationships for decades."
Define cyber security.,"Cyber security involves protecting computer systems, networks, and data from digital attacks, damage, or unauthorized access.",I confirmed the answer is concise and encompasses the central idea.,"Cyber security is the practice of safeguarding computers, networks, and data from cyber attacks and unauthorized access."
What is the process of metamorphosis?,"Metamorphosis is a biological process where an organism undergoes a significant change in form and structure during its life cycle, as seen in butterflies and amphibians.",I ensured that the explanation is understandable and provides an example to aid clarity.,"Metamorphosis is the biological process during which an organism transforms its body structure significantly, such as a caterpillar turning into a butterfly."
What are the causes of air pollution?,"Air pollution is caused by emissions from vehicles, industries, burning fossil fuels, and other human activities, as well as natural events like wildfires.",I double-checked that the main sources of air pollution are included.,"Air pollution is primarily caused by industrial emissions, vehicle exhaust, and the burning of fossil fuels; natural factors like wildfires can also contribute."
Who was Leonardo da Vinci?,"Leonardo da Vinci was a Renaissance polymath known for his contributions to art, science, and engineering, with famous works like the Mona Lisa and The Last Supper.",I ensured that the answer is concise and highlights his multifaceted legacy.,"Leonardo da Vinci was a Renaissance genius renowned for his art, scientific observations, and engineering designs."
What is the role of ethics in business?,"Ethics in business involves principles and standards that guide behavior, helping to build trust, ensure fairness, and promote long-term sustainability.",I verified that the answer connects ethical practices with positive business outcomes.,"Business ethics involve applying moral principles to decision-making and operations, fostering trust and long-term success."
Explain the process of erosion in nature.,"Erosion is the gradual wearing away of soil and rock by natural forces such as water, wind, and ice, shaping landscapes over time.",I ensured that the answer is accessible and clearly links natural forces to landscape change.,"Erosion is the process where nature, via wind, water, or ice, slowly wears away rocks and soil, ultimately shaping the landscape."
What is the significance of water conservation?,"Water conservation is critical for sustaining life, protecting ecosystems, and ensuring water availability for future generations in the face of global demand.",I confirmed that the answer covers environmental and human benefits.,"Water conservation is significant because it ensures sustainable water supplies, protects ecosystems, and supports the needs of growing populations."
What is the function of the respiratory system?,"The respiratory system facilitates gas exchange between the body and the environment, providing oxygen to tissues and removing carbon dioxide.",I verified that the answer highlights the essential exchange process.,"The respiratory system enables the inhalation of oxygen and the exhalation of carbon dioxide, supporting cellular respiration."
Why do we use calendars?,"Calendars provide a structured way to organize time, schedule events, and plan activities by marking days, weeks, and months.",I ensured that the answer is simple and captures the practical usage of calendars.,"Calendars are used to organize time, schedule events, and plan daily, weekly, monthly, and yearly activities."
How did the Renaissance influence modern art?,"The Renaissance reintroduced classical techniques and humanistic themes, profoundly shaping artistic styles, techniques, and the value placed on individual creativity.",I confirmed that the answer connects historical developments with modern artistic values.,"The Renaissance influenced modern art by reviving classical techniques, emphasizing realism and humanism, which continue to shape contemporary artistic expression."
What are the primary functions of the liver?,"The liver is vital for detoxifying chemicals, metabolizing drugs, producing bile for digestion, and storing nutrients.",I ensured that the answer encompasses the variety of functions that the liver performs.,"The liver detoxifies harmful substances, metabolizes nutrients and drugs, produces bile for digestion, and stores energy for the body."
What is the impact of the internet on commerce?,"The internet has revolutionized commerce by enabling e-commerce, digital transactions, and global market access, while also introducing challenges in security and customer trust.",I confirmed that the answer highlights both transformation and challenges.,"The internet has transformed commerce by facilitating online shopping, digital payments, and global market expansion, though it also raises new challenges in cybersecurity and trust."
Describe the process of natural selection.,"Natural selection is the process where organisms better adapted to their environment survive and reproduce, passing on advantageous traits to future generations.",I double-checked that the explanation clarifies survival and reproduction as the core of natural selection.,"Natural selection is the evolutionary process where organisms better suited to their environment tend to survive and reproduce, leading to the gradual adaptation of species."
What are the major world religions?,"The major world religions include Christianity, Islam, Hinduism, Buddhism, and Judaism, among others, each with unique beliefs and cultural practices.","I ensured that the answer includes a representative, if not exhaustive, list.","Major world religions include Christianity, Islam, Hinduism, Buddhism, and Judaism, along with several others."
How does deforestation lead to climate change?,"Deforestation reduces the number of trees that absorb carbon dioxide, thereby increasing the amount of greenhouse gases in the atmosphere and contributing to global warming.","I made sure the connection between trees, CO2 absorption, and climate change is clearly articulated.","Deforestation decreases the Earth's capacity to absorb CO2, which in turn increases greenhouse gas levels and contributes to climate change."
What is artificial intelligence?,"Artificial intelligence involves creating computer systems that can perform tasks that typically require human intelligence, such as understanding language, recognizing images, and solving problems.",I verified that the answer provides a general but clear definition.,"Artificial intelligence is the development of computer systems that can perform tasks that normally require human intelligence, including learning and problem-solving."
Who is Isaac Newton?,"Isaac Newton was a key figure in the scientific revolution, known for his work on gravity, motion, and calculus.",I checked that the answer summarizes his contributions succinctly.,"Isaac Newton was an influential scientist known for formulating the laws of motion and universal gravitation, and for his contributions to calculus."
What is the significance of the human rights movement?,"The human rights movement has advocated for the protection and promotion of basic rights and freedoms for all individuals, influencing laws and social policies around the world.",I ensured that the answer captures both historical and ongoing impacts.,"The human rights movement is significant for establishing and promoting the idea that every person deserves equal rights and freedoms, which has shaped global legal and social standards."
How does the immune system work?,The immune system protects the body from infections and diseases by detecting and eliminating pathogens through specialized cells and responses.,I confirmed that the answer highlights the key role of immune cells without overcomplicating the concept.,"The immune system consists of specialized cells and proteins that work together to identify and destroy harmful pathogens, keeping the body healthy."
What are the ecological benefits of bees?,"Bees play a crucial role in pollinating plants, which supports biodiversity, food production, and ecosystem health.",I made sure to emphasize both ecological and agricultural aspects.,"Bees are vital for pollinating plants, which supports both biodiversity and food production, making them essential to ecosystem health."
Explain the theory of relativity.,"Einstein's theory of relativity includes the special and general theories, fundamentally altering our understanding of time, space, and gravity.",I ensured that the answer provides a high-level overview suitable for general knowledge.,"The theory of relativity, developed by Einstein, revolutionized physics by introducing concepts that time and space are relative and interconnected, particularly in the presence of gravity."
What is blockchain technology?,"Blockchain is a decentralized digital ledger that securely records transactions across numerous computers, making altering data nearly impossible.",I verified that the answer covers both its decentralized nature and security benefits.,"Blockchain technology is a secure, decentralized digital ledger system used to record transactions across a network of computers, making data tampering extremely difficult."
What are the effects of overpopulation?,"Overpopulation can lead to resource depletion, increased pollution, strain on infrastructure, and potential environmental degradation.",I ensured that the answer mentions several societal and environmental challenges.,"Overpopulation can result in resource scarcity, increased waste and pollution, stress on infrastructure, and greater environmental degradation."
How do economies benefit from trade?,"Trade allows countries to specialize in what they do best, increase efficiency, access a greater variety of goods, and ultimately boost economic growth.",I confirmed the answer covers the benefits of specialization and increased market access.,"Economies benefit from trade by exploiting comparative advantages, increasing efficiency, and allowing access to a broader range of goods and services."
What is the significance of space exploration?,"Space exploration advances scientific knowledge, spurs technological innovation, and may provide solutions to resource shortages on Earth.","I ensured that the answer includes scientific, technological, and long-term exploratory aspects.","Space exploration is significant because it drives scientific discovery, fosters innovation, and may offer new resources and insights for the future."
Explain how wind energy is harnessed.,Wind energy is captured using wind turbines that convert kinetic energy from the wind into electrical energy.,I double-checked that the answer clearly connects the natural phenomenon with the technology used.,Wind energy is harnessed when wind turbines convert the kinetic energy of wind into electrical energy.
What is the impact of fast fashion on the environment?,"Fast fashion contributes to environmental degradation through increased waste, excessive water use, and pollution from textile production.",I confirmed the answer highlights key environmental concerns.,"Fast fashion negatively impacts the environment by generating large amounts of waste, consuming excessive resources, and polluting water and air during production."
Who developed the theory of evolution?,"Charles Darwin is famously known for developing the theory of evolution by natural selection, outlining how species change over time.",I ensured that the answer correctly attributes evolution theory in a concise manner.,Charles Darwin developed the theory of evolution by natural selection.
What is the importance of water purification?,"Water purification ensures the removal of contaminants and pathogens, making water safe for consumption and preventing disease outbreaks.",I verified that the answer captures both the health benefits and the rationale behind purification.,"Water purification is important because it removes harmful contaminants, making water safe to drink and reducing the risk of waterborne diseases."
How does the circulatory system maintain body function?,"The circulatory system transports oxygen, nutrients, and hormones to cells, while removing waste products, which is essential for maintaining bodily functions.",I ensured that the answer succinctly covers the main roles of the circulatory system.,"The circulatory system maintains body function by transporting oxygen, nutrients, and hormones to cells and removing waste products."
What is the significance of the Nobel Prize?,"The Nobel Prize recognizes outstanding contributions in various fields, thereby inspiring progress, innovation, and excellence worldwide.",I confirmed that the answer includes both recognition and inspirational aspects.,"The Nobel Prize is significant because it honors outstanding contributions to humanity in fields such as science, literature, and peace, inspiring future innovations."
What are the primary reasons for global warming?,"Global warming is mainly driven by increased greenhouse gas emissions from human activities such as burning fossil fuels, deforestation, and industrial processes.",I double-checked that the explanation succinctly lists the primary human activities leading to global warming.,"Global warming is primarily caused by the emission of greenhouse gases from burning fossil fuels, deforestation, and various industrial activities."
What is the function of the government in society?,"The government establishes laws, maintains order, provides essential services, and protects the rights and welfare of its citizens.",I ensured the answer includes the multiple roles of government in a modern society.,"Government functions include establishing laws, maintaining public order, delivering essential services, and safeguarding the rights of its citizens."
How do economies combat unemployment?,"Economies combat unemployment through policies such as job creation, education and training programs, and fiscal or monetary stimulus measures to boost growth.",I verified that the answer provides a balanced view of policy approaches.,"Economies reduce unemployment by implementing job creation initiatives, enhancing education and skills training, and using fiscal or monetary policies to stimulate growth."
What is the impact of renewable energy policies?,"Renewable energy policies help reduce dependence on fossil fuels, lower greenhouse gas emissions, and promote sustainable economic growth.",I ensured that both environmental and economic impacts are mentioned.,"Renewable energy policies stimulate the use of sustainable energy, reduce carbon emissions, and contribute to long-term economic growth."
Explain the concept of supply and demand.,Supply and demand is an economic model that explains how prices and quantities of goods are determined in a market based on the availability of the product and consumer desire.,I confirmed the answer covers both the supply and the demand sides succinctly.,The concept of supply and demand describes how the price and availability of goods are determined by the quantity available (supply) and consumer desire (demand).
What is the role of museums in culture?,"Museums preserve historical artifacts, educate the public, and help maintain cultural heritage, contributing to a society’s collective memory.",I ensured that the answer captures both educational and cultural preservation aspects.,"Museums play a critical role in preserving cultural heritage, educating the public, and fostering an appreciation for history and art."
What is the significance of the first moon landing?,"The first moon landing in 1969 marked a monumental achievement in space exploration, representing technological prowess and inspiring global unity in a historic achievement.",I verified that the answer reflects both the technological and inspirational impacts.,The first moon landing was a groundbreaking achievement in space exploration that showcased human ingenuity and inspired generations around the world.
Describe the biodiversity in tropical rainforests.,"Tropical rainforests are known for their rich biodiversity, hosting a vast number of plant, animal, and insect species, which are vital for ecological balance.",I ensured that the answer reflects the diversity and ecological importance correctly.,"Tropical rainforests contain an incredibly rich variety of species and ecosystems, playing a crucial role in maintaining global biodiversity."
Who was Nelson Mandela?,Nelson Mandela was a pivotal figure in the fight against apartheid in South Africa and became a global symbol for peace and reconciliation.,I confirmed that the answer includes both his struggle and his legacy.,Nelson Mandela was a prominent anti-apartheid leader who became South Africa’s president and a global icon for peace and justice.
What are the benefits of regular exercise?,"Regular exercise promotes better physical and mental health, improves cardiovascular function, and helps manage weight.",I ensured that the answer covers both physical and mental benefits clearly.,"Regular exercise benefits overall health by improving cardiovascular fitness, enhancing mood, managing weight, and reducing the risk of chronic diseases."
How do satellites assist in weather prediction?,"Satellites provide vital data on cloud cover, temperature, and moisture levels over large areas, which is used to forecast weather conditions more accurately.",I verified that the role of data collection and analysis is clearly mentioned.,"Satellites capture real-time images and data about Earth's atmosphere, which meteorologists use to predict weather patterns and track storms."
What is the principle behind hydroelectric power?,Hydroelectric power harnesses energy from flowing or falling water to drive turbines and generate electricity.,I ensured that the answer connects water movement to energy generation.,"Hydroelectric power is generated by using the energy of flowing or falling water to spin turbines, which then produce electricity."
What are the stages of human development?,"Human development typically progresses through prenatal, infancy, childhood, adolescence, adulthood, and old age, reflecting physical and psychological growth.",I confirmed that a broad overview of life stages is provided.,"Human development includes the stages of prenatal growth, infancy, childhood, adolescence, adulthood, and old age."
What is the importance of maintaining historical archives?,"Historical archives preserve documents, records, and artifacts that are critical for understanding our past, informing future decisions, and preserving cultural identity.",I ensured that the answer highlights the value of both historical insight and cultural continuity.,"Historical archives are important for preserving our collective heritage, supporting research, and ensuring that history is recorded for future generations."
How does the internet support global education?,"The internet offers access to vast amounts of information, online courses, and interactive learning platforms, making education more accessible worldwide.",I confirmed that the answer connects increased access to education with technology.,"The internet supports global education by providing easily accessible online resources, courses, and interactive educational tools that benefit learners around the world."
Explain the impact of urbanization on communities.,"Urbanization can lead to economic growth and improved infrastructure but may also result in overcrowding, increased pollution, and social challenges in communities.",I ensured the answer reflects both the positive and negative aspects of urban growth.,"Urbanization has driven economic development and infrastructural improvements, but it also presents challenges such as overcrowding, environmental pollution, and social inequality."
What are the functions of the human skeleton?,"The human skeleton provides structure, support, and protection for internal organs, and also facilitates movement by serving as an attachment point for muscles.",I confirmed that the answer includes the roles of both protection and movement.,"The human skeleton gives structural support, protects vital organs, and provides a framework for muscle attachment to enable movement."
What is the significance of cultural heritage?,"Cultural heritage includes traditions, monuments, and artifacts passed down through generations, fostering identity and continuity in communities.",I made sure that the answer links cultural heritage to identity and continuity.,"Cultural heritage is significant because it connects communities to their history and traditions, enriching cultural identity and continuity."
Describe the function of mitochondria in a cell.,"Mitochondria are known as the powerhouses of the cell because they produce ATP, which is used as energy for cellular processes.",I confirmed that the answer clearly states the energy production role of mitochondria.,"Mitochondria generate energy for cells through the production of ATP, making them essential for cellular function."
What is the role of the media in society?,"The media informs the public, shapes opinions, and acts as a watchdog for accountability in government and business.",I ensured that both informative and critical roles of the media are included.,"The media plays a vital role in society by providing news, shaping public opinion, and holding institutions accountable."
Why is scientific research important?,"Scientific research underpins technological advances, informs public policy, and deepens understanding of the natural world.",I confirmed that the answer captures both the innovation and knowledge aspects of research.,"Scientific research is crucial for driving technological progress, shaping informed public policies, and expanding our understanding of the universe."
Explain the process of sedimentary rock formation.,"Sedimentary rocks form from the deposition, compaction, and cementation of sediments, often in layers over long periods.",I ensured that the answer accurately outlines the key steps in the process.,"Sedimentary rocks form through the gradual deposition of material, which is then compacted and cemented together over time."
What is the impact of automation on employment?,Automation can increase efficiency and reduce labor costs but may also lead to job displacement and the need for workforce retraining.,I double-checked that the answer reflects both the economic benefits and social challenges associated with automation.,"Automation boosts productivity and can lower costs, but it also poses challenges such as job displacement and the need for new skills and retraining."
How do vaccines contribute to public health?,"Vaccines prevent the spread of infectious diseases by stimulating the immune response, which reduces disease incidence and provides herd immunity.",I verified that the answer clearly connects the role of vaccines to community health benefits.,"Vaccines protect communities by preventing the spread of infectious diseases and establishing herd immunity, thereby enhancing public health."
What is the function of the cell nucleus?,"The nucleus houses the cell's genetic material (DNA) and coordinates activities such as growth, metabolism, and reproduction.",I confirmed that the answer emphasizes the authoritative role of the nucleus in cellular processes.,"The cell nucleus stores the genetic material and regulates gene expression and cell activities, effectively controlling the cell's functions."
How has literature influenced modern society?,"Literature reflects societal values, sparks debate, and can influence social change by challenging norms and inspiring new ideas.",I ensured that the answer captures both the reflective and transformative roles of literature.,"Literature influences society by mirroring cultural values, inspiring critical thought, and driving social and political change."
What are the benefits of meditation?,"Meditation has been shown to reduce stress, improve concentration, and enhance overall mental health through mindfulness practices.",I confirmed that the answer focuses on both mental and physical well-being.,"Meditation offers benefits such as reduced stress, improved focus, and better mental health through practices that promote mindfulness."
What is the significance of international trade agreements?,"International trade agreements lower trade barriers, promote economic cooperation, and foster global economic stability.",I made sure the answer outlines both the economic and cooperative benefits.,"International trade agreements are significant because they reduce tariffs, increase market access, and promote economic cooperation between nations."
Explain how electricity is generated in a power plant.,"Most power plants use turbines, driven by steam, water, or wind, to turn generators that convert mechanical energy to electrical energy.",I ensured that the answer connects the energy conversion process clearly.,Electricity in a power plant is typically generated by using turbines that convert mechanical energy into electrical energy via generators.
What is the role of ethics in scientific research?,"Ethics in research ensures the integrity, validity, and social responsibility of scientific studies, protecting both participants and the credibility of science.",I confirmed that the answer emphasizes accountability and trust in science.,"Ethics in scientific research are essential for ensuring the safety of participants, maintaining data integrity, and fostering public trust in scientific findings."
What are the causes of soil erosion?,"Soil erosion is caused by factors such as deforestation, overgrazing, and improper agricultural practices, all of which remove the vegetative cover that protects soil.",I verified that the answer lists the main human-induced causes in a succinct manner.,"Soil erosion is primarily driven by deforestation, overgrazing, and unsustainable agricultural practices that strip away protective vegetation."
How does climate change affect agriculture?,"Climate change alters rainfall patterns, increases the frequency of extreme weather events, and shifts growing seasons, all of which can disrupt agricultural productivity.",I ensured that the answer connects climate change with tangible impacts on farming.,"Climate change affects agriculture by altering precipitation patterns, increasing the risk of droughts and floods, and shifting growing seasons, which can reduce crop yields."
Define renewable resources.,"Renewable resources are natural resources that can be replenished naturally over time, such as sunlight, wind, and biomass.",I confirmed that the answer is clear and concise for a general audience.,"Renewable resources are naturally replenishing resources that include sunlight, wind, water, and biomass."
What is the importance of reading and literacy?,"Reading and literacy enable personal empowerment, broaden knowledge, and foster communication and critical thinking skills.",I ensured that the answer underscores both educational and empowerment aspects.,"Reading and literacy are crucial for gaining knowledge, enhancing communication skills, and promoting critical thinking and personal empowerment."
Who began the Protestant Reformation?,"Martin Luther is credited with initiating the Protestant Reformation when he published his Ninety-Five Theses, challenging the Catholic Church.",I confirmed that the answer correctly attributes the movement to Martin Luther.,Martin Luther is considered the initiator of the Protestant Reformation.
What is the impact of tourism on local economies?,"Tourism can boost local economies through increased spending, job creation, and infrastructure development, though it may also lead to cultural and environmental challenges.",I ensured the answer outlines both the positive economic impact and potential downsides.,"Tourism stimulates local economies by creating jobs and generating revenue, but it can also result in environmental strain and cultural disruption if not managed sustainably."
What are the benefits of learning history?,"Learning history helps individuals understand past events, avoid repeating mistakes, and gain insight into cultural and societal evolution.",I confirmed that the answer explains both the educational and precautionary benefits.,"Studying history provides valuable insights into past successes and failures, enriching our understanding of cultural evolution and helping to inform better future decisions."
What is the function of chlorophyll in plants?,"Chlorophyll is the pigment that allows plants to absorb light energy for photosynthesis, giving them their green color.",I verified that the answer connects the pigment's role to energy capture accurately.,"Chlorophyll enables plants to capture light energy required for photosynthesis, which is fundamental for plant growth and oxygen production."
How does recycling conserve resources?,"Recycling reuses materials, reduces the need for raw resources, decreases energy use, and minimizes waste in landfills.",I made sure that the answer stresses both resource conservation and environmental benefits.,"Recycling conserves resources by repurposing materials, reducing energy consumption, and minimizing waste, thereby lessening the impact on natural resources."
What is the role of international organizations in global health?,"International organizations coordinate responses to health crises, establish standards, and provide support to improve health outcomes worldwide.",I confirmed that the answer mentions both coordination and support roles.,"International organizations help global health by coordinating disease control, setting health standards, and providing vital resources and support to underserved communities."
Explain the historical significance of the Berlin Wall.,The Berlin Wall symbolized the division between East and West during the Cold War and its fall marked the end of an era of political separation in Europe.,I checked that the answer captures both the symbolic and historical importance of the Berlin Wall.,The Berlin Wall was a powerful symbol of Cold War division; its fall signified the end of ideological barriers in Europe and paved the way for reunification.
How do electric vehicles help reduce pollution?,"Electric vehicles produce zero tailpipe emissions and, when powered by renewable energy, significantly reduce overall greenhouse gas emissions compared to conventional vehicles.",I ensured that the answer connects electric vehicles’ benefits to both local air quality and global emissions.,"Electric vehicles help reduce pollution by eliminating tailpipe emissions and, when charged with renewable energy, lowering overall greenhouse gas emissions."
What is the importance of water stewardship?,"Water stewardship involves responsible use and protection of water resources, ensuring sustainable supply and quality for human and ecological health.",I confirmed that the answer clearly states both the environmental and societal importance.,"Water stewardship is important because it promotes the sustainable management and protection of water resources, ensuring availability for both people and ecosystems."
Who discovered gravity?,"While gravity has been observed throughout history, Isaac Newton is famously credited with formulating the laws of gravity after studying falling objects and planetary motion.",I ensured that the historical context is briefly mentioned to avoid confusion with modern discoveries.,Isaac Newton is famously credited with discovering and formulating the laws of gravity.
What are the teachings of Stoicism?,"Stoicism teaches the development of self-control and fortitude as a means to overcome destructive emotions, emphasizing rationality and acceptance of what cannot be changed.",I made sure that the answer succinctly captures the core principles of Stoicism.,"Stoicism is a philosophy that advises mastering one’s emotions and focusing on what is within one's control, accepting the natural order of things with rationality."
What is the significance of the World Wide Web?,"The World Wide Web revolutionized the way information is shared and accessed, facilitating global communication, commerce, and collaboration.",I ensured that the answer captures its transformative role in society.,"The World Wide Web is significant as it opened up global access to information, transformed communication, and enabled the digital economy."
Describe the process of fermentation.,"Fermentation is a metabolic process in which microorganisms convert sugars into acids, gases, or alcohol, commonly used in food production.",I checked that the answer covers both the biological process and its practical applications.,"Fermentation is the process by which microbes break down sugars anaerobically, producing products like alcohol, acids, or gases, often used in food and beverage production."
What is the role of a constitution in government?,"A constitution provides the fundamental framework for a government, establishing laws, rights, and the structure of political institutions.",I confirmed that the answer clearly states its foundational role without extra details.,"A constitution is the supreme law of a country, outlining the structure of government, the distribution of power, and the rights of citizens."
Explain the benefits of community service.,"Community service enhances social connections, provides valuable support to local areas, and fosters empathy and civic responsibility.","I ensured that the answer mentions personal, social, and community benefits.","Community service builds strong relationships, supports local communities, and cultivates a sense of responsibility and empathy among participants."
What is the impact of air travel on the environment?,"Air travel contributes to greenhouse gas emissions and environmental degradation, though it also facilitates global connectivity and economic activity.",I checked that the answer reflects both the environmental costs and the benefits of air travel.,"Air travel significantly contributes to CO2 emissions and environmental impacts, even while it enables global communication and commerce."
What are the symptoms of dehydration?,"Dehydration symptoms can include thirst, dry mouth, fatigue, dizziness, and reduced urine output; severe cases may present with confusion and rapid heartbeat.",I confirmed that the answer adequately covers both mild and severe symptoms.,"Symptoms of dehydration include intense thirst, dry mouth, fatigue, dizziness, and reduced urine output, among other signs."
How does recycling reduce greenhouse gases?,"Recycling reduces the need for producing new materials, which often requires energy derived from fossil fuels, thereby lowering greenhouse gas emissions.",I ensured that the connection between energy savings and reduced emissions is clear.,"By reusing materials, recycling reduces the energy required for new production processes, which in turn lowers greenhouse gas emissions."
What is the significance of biodiversity hotspots?,"Biodiversity hotspots are regions with high levels of species richness and endemism that are under threat, making them priorities for conservation.",I confirmed that the answer clearly explains both high biodiversity and conservation urgency.,"Biodiversity hotspots are important because they house a large number of unique species under immediate threat, making their conservation crucial for preserving global biodiversity."
Explain the role of the teacher in modern education.,"Teachers not only impart knowledge but also guide critical thinking, creativity, and problem-solving skills in a rapidly changing technological environment.",I ensured the answer highlights both the traditional and evolving roles of educators.,"In modern education, teachers serve as facilitators who provide knowledge, encourage critical thinking, and help students navigate an increasingly complex world."
What is the function of the human pancreas?,The pancreas plays a key role in digestion by producing enzymes and also regulates blood sugar through the secretion of insulin.,I confirmed that the answer succinctly addresses both digestive and regulatory roles.,The human pancreas functions in digestion by producing enzymes and in blood sugar regulation by releasing insulin.
What are the dangers of plastic pollution?,"Plastic pollution harms marine life, contaminates ecosystems, and poses health risks to humans, as plastics break down into microplastics over time.",I verified that the answer ties both environmental and health aspects together.,"Plastic pollution endangers wildlife, contaminates ecosystems, and poses potential health risks to humans as plastics degrade into microplastics."
Describe how tidal waves are formed.,"Tidal waves, more properly called tsunamis, are usually caused by underwater earthquakes or volcanic eruptions that displace large volumes of water.",I made sure the answer distinguishes tsunamis from regular tides.,Tidal waves (tsunamis) are formed when underwater disturbances like earthquakes or volcanic eruptions cause massive displacements of water.
What is the importance of energy efficiency?,"Energy efficiency reduces wasted energy, lowers greenhouse gas emissions, and diminishes energy costs, contributing to environmental and economic benefits.",I ensured that the answer links energy efficiency to both cost savings and environmental protection.,"Energy efficiency is important because it reduces energy waste, lowers costs, and minimizes environmental impacts by decreasing greenhouse gas emissions."
How did the invention of the printing press impact education?,"The printing press democratized access to information by making books more affordable and widely available, which in turn spurred educational and cultural developments.",I confirmed that the answer underscores the transformative effect on accessibility regarding education.,"The printing press revolutionized education by vastly improving access to written materials, thereby fostering literacy and the spread of knowledge."
What is the role of public transportation in cities?,"Public transportation reduces traffic congestion, lowers pollution, and enhances mobility, contributing to more sustainable and organized urban living.",I ensured that both environmental and social benefits are mentioned.,"Public transportation helps reduce traffic, cut down on emissions, and provides accessible mobility, making cities more sustainable and livable."
Explain the economic principle of comparative advantage.,"Comparative advantage explains that entities should specialize in producing goods for which they have the lowest opportunity cost, thus maximizing efficiency in trade.",I ensured the answer is concise and captures the core economic concept.,"Comparative advantage is the principle that countries should produce goods in which they are most efficient relative to others, thereby benefiting from trade."
What are the components of effective leadership?,"Effective leadership typically involves clear communication, vision, empathy, decisiveness, and the ability to inspire and motivate others.",I confirmed that this answer lists both personal and interpersonal qualities of a leader.,"Effective leadership is characterized by qualities such as clear communication, vision, empathy, decisiveness, and the ability to inspire and motivate a team."
What is the significance of endangered species protection?,"Protecting endangered species helps preserve biodiversity, maintain ecological balance, and ensure the survival of species that contribute to ecosystem health.",I made sure the answer links species protection to ecosystem stability.,"Endangered species protection is crucial for preserving biodiversity, maintaining ecological balance, and ensuring the health and stability of ecosystems."
How does technology influence modern agriculture?,"Technology has optimized agricultural practices through precision farming, improved crop yields, and efficient resource management, transforming traditional farming methods.",I ensured that the answer connects new technologies with their effects on productivity.,"Modern agriculture is greatly influenced by technology through the use of precision farming, automation, and data analytics, which increase efficiency and crop yields."
What is the function of the kidneys?,"The kidneys filter blood to remove waste products and excess fluids, help maintain electrolyte balance, and regulate blood pressure.",I verified that the answer describes the multiple functions of the kidneys clearly.,"The kidneys filter waste products from the blood, regulate fluids and electrolytes, and help control blood pressure."
What is the impact of digital media on youth?,Digital media provides educational opportunities and connectivity but can also lead to issues like reduced attention spans and exposure to inappropriate content.,I ensured that the answer presents a balanced perspective.,"Digital media offers youth enhanced access to information and connectivity, yet it can also contribute to distractions and exposure to harmful content if not regulated."
Explain the importance of cybersecurity in the digital age.,"Cybersecurity protects sensitive information, maintains privacy, and safeguards infrastructure from digital threats, which is essential as reliance on technology increases.",I confirmed that the answer captures the critical role cybersecurity plays in modern society.,"Cybersecurity is vital for protecting personal data, ensuring privacy, and safeguarding critical systems from cyber attacks in our increasingly digital world."
What are the main causes of deforestation?,"Deforestation is primarily caused by agricultural expansion, logging, mining, and infrastructure development, all of which remove forest cover.",I ensured that the answer includes the primary human activities behind deforestation.,"The main causes of deforestation include large-scale agriculture, commercial logging, mining operations, and urban expansion."
Who is the author of 'Pride and Prejudice'?,"Jane Austen is the famous novelist who wrote 'Pride and Prejudice', a key work in English literature.",I verified that the answer is straightforward and accurate.,Jane Austen is the author of 'Pride and Prejudice.'
How does the human digestive system function?,"The digestive system processes food through mechanical and chemical means, breaking it down into nutrients that the body can absorb and use.",I confirmed that the answer clearly outlines the overall function of the digestive system.,"The human digestive system breaks down food into nutrients through mechanical and chemical processes, which are then absorbed and utilized by the body."
What are the benefits of renewable energy?,"Renewable energy is beneficial because it is sustainable, reduces greenhouse gas emissions, minimizes air pollution, and decreases dependence on finite fossil fuels.",I ensured that the answer highlights both environmental and resource advantages.,"Renewable energy offers sustainability, lowers greenhouse gas emissions, reduces pollution, and provides an endless supply compared to fossil fuels."
What is the significance of the French Revolution?,"The French Revolution heralded a new era of democratic ideals, challenged monarchic rule, and led to significant social and political changes in France and beyond.",I confirmed that the answer ties historical importance with long-lasting influences.,"The French Revolution is significant for advancing ideas of liberty, equality, and fraternity, and reshaping the political landscape of modern nations."
Explain the concept of sustainable agriculture.,"Sustainable agriculture aims to meet current food needs without compromising future resources through practices that are environmentally friendly, economically viable, and socially responsible.","I verified that the answer covers all three pillars—environmental, economic, and social.","Sustainable agriculture is centered on farming methods that are ecologically sound, economically feasible, and socially responsible, ensuring that food production can be maintained for future generations."
What is the role of architecture in society?,"Architecture shapes physical spaces, influences cultural identity, and plays a key role in creating functional, aesthetically pleasing, and sustainable environments.",I ensured that the answer connects both the functional and cultural aspects of architecture.,"Architecture influences society by creating spaces that are functional, aesthetically pleasing, and reflective of cultural values, thereby improving quality of life."
What are the advantages of electric power over fossil fuels?,"Electric power, especially from renewable sources, produces little to no emissions, reduces environmental pollution, and lessens dependence on non-renewable resources compared to fossil fuels.",I made sure that the benefits of electric power are clearly contrasted with the downsides of fossil fuels.,"Electric power, particularly from renewable sources, offers the advantage of lower emissions, reduced environmental pollution, and a sustainable supply compared to fossil fuels."
How do community gardens benefit urban spaces?,"Community gardens provide local access to fresh produce, enhance urban green space, foster social interaction, and contribute to environmental sustainability.",I confirmed that the answer includes both community and environmental benefits.,"Community gardens benefit urban areas by promoting local food production, enhancing green space, building community ties, and fostering sustainable practices."
What is the importance of maintaining wildlife reserves?,"Wildlife reserves protect natural habitats, preserve biodiversity, and provide opportunities for scientific research and tourism, all of which support environmental stability.",I ensured the answer connects conservation with broader ecological and economic benefits.,"Maintaining wildlife reserves is crucial for protecting natural habitats, preserving biodiversity, and supporting both scientific research and eco-tourism."
Who invented the telephone?,"Alexander Graham Bell is generally credited with inventing the telephone, a breakthrough that revolutionized long-distance communication.",I verified that the answer is straightforward and historically accurate.,Alexander Graham Bell is credited with the invention of the telephone.
Describe the importance of cultural diversity.,"Cultural diversity enriches societies by introducing a variety of perspectives, traditions, and ideas, leading to innovation, empathy, and mutual understanding.",I made sure the answer emphasizes both the social and creative advantages of diversity.,"Cultural diversity is important because it fosters creativity, promotes mutual understanding, and enhances social and economic dynamism."
What is the function of the human immune system?,The immune system defends the body against infections and diseases by identifying and eliminating harmful pathogens.,I confirmed that the answer is direct and explains the key role of immune defense.,The immune system protects the body by identifying and fighting off pathogens such as bacteria and viruses.
How does the process of recycling reduce waste?,"Recycling transforms waste materials into new products, reducing the volume of waste sent to landfills and lowering the demand for new raw materials.",I ensured that the answer clearly connects recycling with reduced environmental burden.,"Recycling reduces waste by converting used materials into new products, minimizing landfill accumulation and conserving natural resources."
Explain the benefits of urban green spaces.,"Urban green spaces improve air quality, offer recreational areas, help mitigate urban heat island effects, and provide aesthetic and health benefits to city dwellers.",I confirmed that the answer outlines multiple benefits spanning environmental and health aspects.,"Urban green spaces are beneficial as they enhance air quality, offer recreational and social areas, reduce urban heat, and improve overall well-being."
What is the significance of ancient Egyptian civilization?,"Ancient Egyptian civilization is significant for its architectural achievements, cultural contributions, and advancements in writing, art, and governance that have influenced subsequent cultures.",I ensured that the answer touches on the various legacies of ancient Egypt.,"Ancient Egyptian civilization is notable for its monumental architecture, innovative art and writing systems, and lasting contributions to governance and culture."
Describe the role of enzymes in digestion.,"Enzymes are biological catalysts that break down food into smaller molecules, facilitating nutrient absorption and digestion.",I confirmed that the answer clearly connects enzymes to their digestive functions.,Enzymes play a key role in digestion by accelerating the breakdown of food into absorbable nutrients.
Who was the first person to circumnavigate the globe?,"Ferdinand Magellan's expedition (though he did not survive the entire journey) is credited with the first circumnavigation of the globe, proving the world was round.",I ensured that the answer acknowledges the historical expedition with the necessary context.,"Ferdinand Magellan initiated the first circumnavigation of the globe, although he did not complete the voyage himself."
What is the importance of cybersecurity?,"Cybersecurity protects sensitive data, maintains the integrity of information systems, and prevents unauthorized access in an increasingly digital world.","I confirmed that this answer, while brief, is accurate and relevant.",Cybersecurity is essential for safeguarding personal data and maintaining the smooth functioning of digital systems against cyber threats.
How does the process of osmosis work in cells?,"Osmosis is the movement of water across a semipermeable membrane from a region of lower solute concentration to a region of higher solute concentration, balancing concentrations on both sides of the membrane.",I verified that the answer is scientifically precise but also accessible to a general audience.,Osmosis is the passive movement of water molecules through a semipermeable membrane from an area of low solute concentration to an area of high solute concentration.
What are the benefits of space exploration?,"Space exploration drives technological innovation, expands scientific knowledge, inspires future generations, and can open up opportunities for resource discovery beyond Earth.",I ensured that the answer highlights both scientific and inspirational benefits.,"Space exploration expands our scientific understanding, drives technological advancements, inspires innovation, and may provide new resources or insights into our universe."
Explain how indoor air pollution impacts health.,"Indoor air pollution, caused by emissions from household products, cooking, and poor ventilation, can lead to respiratory issues, allergies, and other health problems.",I confirmed that the answer outlines both the sources and the health impacts concisely.,"Indoor air pollution can cause a range of health issues, including respiratory problems and allergies, due to the accumulation of contaminants like volatile organic compounds and particulate matter in enclosed spaces."
What is the role of central banks in the economy?,"Central banks manage a nation's monetary policy, control inflation, regulate interest rates, and ensure financial stability within the economy.",I ensured that the answer covers the main responsibilities of central banks.,"Central banks regulate the economy by formulating monetary policy, controlling inflation, managing interest rates, and ensuring overall financial stability."
What is the significance of the Rosetta Stone?,"The Rosetta Stone provided the key to deciphering Egyptian hieroglyphs, unlocking the understanding of ancient Egyptian civilization.",I confirmed that the answer clearly connects the artifact to its impact on historical understanding.,"The Rosetta Stone is significant because it enabled scholars to decode Egyptian hieroglyphs, opening up vast knowledge of ancient Egyptian history and culture."
How does the process of condensation contribute to the water cycle?,"Condensation is the process by which water vapor in the air cools and turns into liquid droplets, forming clouds and contributing to precipitation.",I ensured that the answer ties the process back to its role in the water cycle.,"Condensation converts water vapor into liquid form, forming clouds and eventually leading to precipitation—a key component of the water cycle."
What are the principles of the scientific method?,"The scientific method involves observation, hypothesis formulation, experimentation, data analysis, and reaching conclusions, ensuring a systematic approach to discovering truths about the natural world.",I confirmed that each step is included in a brief outline.,"The scientific method is based on observation, hypothesis formation, experimentation, analysis, and conclusion, providing a structured approach to inquiry."
Explain the importance of recycling electronic waste.,"Recycling electronic waste prevents toxic substances from polluting the environment, conserves rare materials, and reduces the overall ecological footprint of our digital devices.",I ensured the answer addresses both environmental and resource recovery aspects.,"Recycling electronic waste is critical because it prevents the release of hazardous substances into the environment and recovers valuable materials, reducing the demand for new resources."
What is the function of ribosomes in a cell?,Ribosomes are the cellular structures responsible for protein synthesis by translating genetic information into amino acid chains.,I confirmed that the answer succinctly states the primary role of ribosomes.,"Ribosomes are essential for protein synthesis, translating mRNA into polypeptide chains that form proteins."
How do bees contribute to the ecosystem?,"Bees are key pollinators that help fertilize plants, contributing to food production, biodiversity, and the overall health of ecosystems.",I ensured that the answer connects both agricultural and ecological roles of bees.,"Bees play a crucial role in pollinating plants, which supports food production, maintains plant diversity, and sustains a balanced ecosystem."
What is the capital of Japan?,Japan’s capital is widely known to be Tokyo. I must double-check to ensure there is no modern change or nuance needed.,Tokyo has been the capital for centuries and is recognized as such in global sources.,Tokyo is the capital of Japan.
Which continent is the Sahara Desert located in?,The Sahara Desert lies in Africa. I need to confirm that it spans across several North African countries.,Mentioning its location in Africa with additional context is helpful but not strictly required.,The Sahara Desert is located in Africa.
What is the deepest ocean trench in the world?,I recall that the Mariana Trench is the deepest. It is located in the Pacific Ocean.,"It might be valuable to include its approximate depth, though not necessary for a concise answer.",The Mariana Trench is the deepest ocean trench in the world.
Which country has the largest population?,"The most recent data shows that China has the largest population, though India is close behind.","While there is ongoing debate with recent trends, China remains the standard answer for this question.",China is the country with the largest population.
What is the highest waterfall in the world?,"Angel Falls in Venezuela is commonly recognized as the highest waterfall, and I must recall that it is a natural wonder.","Providing the location adds clarity, so I maintain that detail in the answer.",Angel Falls in Venezuela is the highest waterfall in the world.
What is the longest river in South America?,"The Amazon River is generally recognized as the longest river in South America, though some measurements vary slightly.",It's good to mention that debates exist but the standard answer is the Amazon.,The Amazon River is the longest river in South America.
What is the largest island in the world?,"Greenland is recognized as the world's largest island, even though it is an autonomous territory within the Kingdom of Denmark.",I need not include political status since the fact is widely accepted.,Greenland is the world's largest island.
Which country is known as the Land of the Rising Sun?,Japan is referred to as the Land of the Rising Sun due to its eastern location relative to the Asian continent.,No additional nuance is required since the nickname is common knowledge.,Japan is known as the Land of the Rising Sun.
What is the largest lake in Africa?,"Lake Victoria is considered the largest lake in Africa by surface area, though there are debates about volume with Lake Tanganyika.",Stating which measure—surface area—avoids ambiguity.,Lake Victoria is the largest lake in Africa by surface area.
What mountain range separates Europe and Asia?,The Ural Mountains form the conventional boundary between Europe and Asia.,Clarifying that this is a conventional boundary makes the answer more precise.,The Ural Mountains separate Europe and Asia.
Who was the first President of the United States?,George Washington is well-known as the first President. I must consider if any nuances about founding fathers are needed.,No further details are required here for clarity.,George Washington was the first President of the United States.
What event sparked the beginning of World War I?,The assassination of Archduke Franz Ferdinand is widely recognized as the event that triggered World War I.,It is wise to mention that the event set in motion broader political conflicts.,The assassination of Archduke Franz Ferdinand sparked the beginning of World War I.
Who was Cleopatra?,Cleopatra was the last active ruler of the Ptolemaic Kingdom of Egypt and a notable historical figure.,Noting her role as a leader adds context without overwhelming detail.,Cleopatra was the last active ruler of the Ptolemaic Kingdom of Egypt.
What triggered the fall of the Roman Empire?,Scholars point to a combination of internal decay and external invasions as factors in the fall of the Roman Empire.,"While many factors are involved, a summary that acknowledges multiple causes is best.",The fall of the Roman Empire was triggered by a combination of internal decay and external pressures such as invasions.
Who was the leader of the Soviet Union during World War II?,Joseph Stalin led the Soviet Union during World War II. It is important to mention his authoritarian rule.,"Additional context about his leadership style can be added if needed, but the basic answer suffices.",Joseph Stalin was the leader of the Soviet Union during World War II.
Which civilization built Machu Picchu?,The Inca civilization is credited with building Machu Picchu in the Andes.,I should include that it is a pre-Columbian site to further confirm its origins.,Machu Picchu was built by the Inca civilization.
What was the main cause of the French Revolution?,"Economic disparity, heavy taxation, and social inequality were primary causes that led to the French Revolution.",Emphasizing multiple factors gives a more comprehensive answer.,"The French Revolution was primarily caused by economic inequality, heavy taxation, and social injustice."
Who discovered America?,"Christopher Columbus is credited in traditional history with the European discovery of America in 1492, though native peoples lived there long before.",Noting the indigenous context is important for a balanced answer.,"Christopher Columbus is traditionally credited with the discovery of America, although indigenous peoples existed long before his arrival."
When did the Berlin Wall fall?,"The Berlin Wall fell in 1989, which marked the beginning of a new era in European history.","The year is the key detail, so brevity is ideal.",The Berlin Wall fell in 1989.
Which war was fought between the North and South regions in the US?,The American Civil War was fought between the northern and southern states over issues including slavery and states' rights.,Providing context about the causes adds to the explanation.,The American Civil War was fought between the North and South regions of the United States.
What was the significance of the Magna Carta?,The Magna Carta was a seminal document that limited the power of the monarch and laid the groundwork for modern constitutional principles.,It’s important to emphasize its long-term impact on law and government.,The Magna Carta was significant for establishing the principle that the monarchy's power was not absolute and paving the way for constitutional government.
Who was Genghis Khan?,"Genghis Khan founded the Mongol Empire, which became the largest contiguous empire in history.",Highlighting his role as both a founder and conqueror strengthens the answer.,Genghis Khan was the founder of the Mongol Empire and one of history’s greatest conquerors.
What was the primary cause of the American Civil War?,Slavery and the associated economic and social differences were the central issues that led to the American Civil War.,"While there were other factors, slavery is the widely accepted primary cause.",The primary cause of the American Civil War was the institution of slavery and the conflicts it engendered.
Which empire was known for its Gladiators?,The Roman Empire is famously associated with gladiatorial games as a form of public entertainment.,Adding brief context about Roman culture reinforces the answer.,The Roman Empire is known for its gladiators.
Who was Mahatma Gandhi?,Mahatma Gandhi was an Indian political leader known for his non-violent resistance in the struggle for Indian independence.,Emphasizing his philosophy of nonviolence helps clarify his legacy.,"Mahatma Gandhi was the leader of the Indian independence movement, renowned for his non-violent resistance."
"What significant event happened on July 20, 1969?","On this date, Apollo 11 landed on the Moon, marking a major milestone in space exploration.",Including the mission name reinforces recognition without extra clutter.,"Apollo 11 landed on the Moon on July 20, 1969."
Who was Nelson Mandela?,Nelson Mandela was a South African anti-apartheid leader and the first Black president of South Africa.,His dual role as a freedom fighter and statesman is essential to understanding his impact.,Nelson Mandela was a prominent anti-apartheid leader and served as the first Black president of South Africa.
What led to the fall of Constantinople in 1453?,The fall of Constantinople was primarily due to the military siege by the Ottoman Turks.,Mentioning both the siege and the strategic implications adds depth to the answer.,The fall of Constantinople in 1453 was primarily caused by the military siege led by the Ottoman Turks.
What is the formula for water?,"Water is composed of two hydrogen atoms and one oxygen atom, giving it the formula H2O.","Ensuring the subscript notation is clear is important, but here the concise answer works well.",The chemical formula for water is H2O.
What is the theory of relativity?,"Einstein’s theory of relativity comprises both special and general relativity, explaining the relationship between space, time, and gravity.",A brief summary is sufficient without delving too deep into complex derivations.,"The theory of relativity, developed by Einstein, describes the relationship between space, time, and gravity through special and general relativity."
What is photosynthesis?,"Photosynthesis is the process by which green plants convert sunlight, water, and carbon dioxide into glucose and oxygen.",Including the key ingredients and products makes the explanation clear.,"Photosynthesis is the process in which green plants convert sunlight, water, and carbon dioxide into glucose and oxygen."
What causes the seasons on Earth?,The tilt of the Earth’s axis relative to its orbit around the sun causes seasonal changes.,Clarifying that it’s the axial tilt rather than the distance from the sun is crucial.,The seasons on Earth are caused by the tilt of the Earth's axis as it orbits the sun.
How does gravity work?,"Gravity is a force of attraction between objects with mass. According to Einstein, it can be described as the curvature of spacetime.",Mentioning both Newton's and Einstein’s views gives a well-rounded response.,"Gravity is the force of attraction between masses, which can also be understood as the curvature of spacetime."
What is the role of genes in heredity?,Genes are segments of DNA that carry the information necessary for determining traits and passing them from parent to offspring.,This explanation suffices to present the basic idea without unnecessary complexity.,"Genes are segments of DNA responsible for heredity, carrying the information that determines traits in living organisms."
What is an atom?,"An atom is the basic unit of matter, made up of protons, neutrons, and electrons.",This definition is simple and correct for general knowledge purposes.,"An atom is the smallest unit of ordinary matter, consisting of protons, neutrons, and electrons."
What distinguishes renewable from non-renewable energy?,"Renewable energy is derived from sources that naturally replenish, such as sunlight and wind, whereas non-renewable energy comes from finite resources like fossil fuels.",The explanation is clear and distinguishes the two clearly.,"Renewable energy comes from sources that naturally replenish, while non-renewable energy comes from limited resources that can eventually deplete."
What is DNA?,DNA is the molecule that carries genetic information in living organisms. It is composed of nucleotides forming a double helix structure.,Including the double helix structure reinforces common knowledge about DNA.,"DNA, or deoxyribonucleic acid, is the molecule that carries genetic information and has a double helix structure."
What is the speed of light?,The speed of light in a vacuum is commonly approximated as 3 × 10^8 meters per second.,Stating it in scientific notation makes the answer precise.,The speed of light in a vacuum is approximately 3 × 10^8 m/s.
What is the periodic table?,The periodic table organizes chemical elements by increasing atomic number and groups elements with similar properties together.,This explanation is concise while still capturing the key organizational aspects.,"The periodic table is a systematic arrangement of chemical elements in order of increasing atomic number, grouping those with similar properties."
How do vaccines work?,"Vaccines stimulate the immune system by introducing a harmless component of a pathogen, which trains the body to fight the real pathogen if encountered.",The explanation correctly highlights the concept of immune memory.,"Vaccines work by introducing a harmless part of a pathogen, which stimulates the immune system to develop memory and defend against the actual disease."
What is the law of conservation of mass?,The law of conservation of mass states that matter is neither created nor destroyed in a closed system.,This fundamental principle in chemistry is expressed clearly.,"The law of conservation of mass states that in a closed system, matter is neither created nor destroyed."
What is quantum mechanics?,"Quantum mechanics is the branch of physics that studies the behavior of particles at microscopic scales, where the classical laws of physics no longer fully apply.",Mentioning the scale at which quantum effects appear provides useful context.,Quantum mechanics is the branch of physics that deals with the behavior of matter and energy at atomic and subatomic scales.
Describe the process of evaporation.,"Evaporation is the process by which a liquid turns into a gas, typically when molecules at the surface gain enough energy to break free.",Including the concept of energy helps clarify the process for learners.,Evaporation is the process in which molecules at the surface of a liquid gain enough energy to become a gas.
What is evolution by natural selection?,Evolution by natural selection is the process where organisms better adapted to their environment tend to survive and produce more offspring.,This summary is aligned with Darwin’s theory and is precise enough.,Evolution by natural selection is the process in which organisms that are better adapted to their environment are more likely to survive and reproduce.
What is the role of mitochondria in cells?,"Mitochondria are known as the powerhouses of the cell because they produce ATP, the cell's primary energy currency.",This is a clear explanation linking structure and function.,Mitochondria produce ATP and are often referred to as the powerhouses of the cell.
How do magnets work?,"Magnets work because of the alignment of magnetic domains, creating a magnetic field that exerts force on certain materials.",A basic scientific explanation is sufficient for general understanding.,"Magnets work through the alignment of magnetic domains, which produces a magnetic field that can attract or repel other magnetic materials."
What is osmosis?,Osmosis is the movement of water molecules through a semi-permeable membrane from an area of lower solute concentration to one of higher solute concentration.,The explanation is complete as it defines both the process and its directionality.,Osmosis is the movement of water through a semi-permeable membrane from an area of low solute concentration to an area of high solute concentration.
How do earthquakes occur?,"Earthquakes occur due to the sudden release of energy in the Earth's crust, often related to tectonic plate movements.",Noting tectonic movements provides essential context for the process.,"Earthquakes occur when energy stored in the Earth's crust is suddenly released, typically due to tectonic plate movements."
What is inflation?,"Inflation refers to the general increase in prices over time, which results in the decreased purchasing power of money.",This definition covers the economic principle in a concise manner.,"Inflation is the sustained rise in the general price level of goods and services, reducing the purchasing power of money."
What is the law of supply and demand?,"The law of supply and demand states that, all else being equal, an increase in a product’s price leads to a decrease in its demand and an increase in its supply.",Adding the context 'all else being equal' ensures the answer is correctly qualified.,"The law of supply and demand explains that as the price of a product increases, the demand decreases while the supply increases, assuming all other factors remain constant."
What is GDP?,"GDP, or Gross Domestic Product, measures the total value of all goods and services produced within a country over a specific time period.",This explanation is straightforward and covers the basic concept.,GDP is the total market value of all goods and services produced within a country over a given period.
What is fiscal policy?,Fiscal policy refers to government spending and taxation decisions used to influence the economy.,This succinct answer highlights the two main tools of fiscal policy.,Fiscal policy is the use of government spending and taxation to influence the economy.
What is the role of the central bank?,"A central bank manages a country’s currency, money supply, and interest rates, and may oversee financial stability.",Including its regulatory role adds depth to the explanation.,"The central bank is responsible for managing the nation’s currency, regulating the money supply, setting interest rates, and ensuring financial stability."
What is a recession?,A recession is a period of economic decline typically defined by a decrease in GDP and other economic activities lasting for several months.,The definition should clearly indicate that it is a decline in economic activity.,"A recession is a period of significant economic decline across the economy for an extended period, usually indicated by falling GDP."
What is monetary policy?,Monetary policy is the process by which a government or central bank controls the money supply and interest rates to influence economic activity.,"Differentiating it from fiscal policy is important, and this answer does so.",Monetary policy involves managing the money supply and interest rates to control economic growth and inflation.
What is the purpose of trade tariffs?,Trade tariffs are taxes imposed on imported goods to protect domestic industries and generate revenue for the government.,This answer captures both protective and revenue-generating aspects.,Trade tariffs are taxes on imported goods intended to protect domestic industries and generate government revenue.
What is economic globalization?,"Economic globalization refers to the increasing interdependence and integration of national economies through trade, investment, and technology.",The explanation succinctly captures the concept.,"Economic globalization is the process by which national economies become increasingly integrated and interdependent through trade, investment, and technology."
What defines a free market economy?,A free market economy is one in which prices and production are determined by unrestricted competition between privately owned businesses.,This description outlines the core principle of minimal government intervention.,"A free market economy is defined by private ownership and minimal government intervention, where supply and demand guide prices and production."
Who wrote 'Romeo and Juliet'?,William Shakespeare is universally acknowledged as the playwright of 'Romeo and Juliet'.,This answer is solid as it states the fact without extraneous details.,William Shakespeare wrote 'Romeo and Juliet'.
What is the significance of 'Moby Dick'?,"Moby Dick is a classic novel by Herman Melville, revered for its rich themes and exploration of the human condition.",The answer should note both its literary importance and thematic depth.,"'Moby Dick', written by Herman Melville, is significant for its exploration of themes such as obsession and the struggle between man and nature."
Who is the author of '1984'?,George Orwell is known for writing the dystopian novel '1984'.,No additional detail is necessary for this well-known fact.,George Orwell is the author of '1984'.
What defines modernist literature?,"Modernist literature is characterized by a break from traditional forms and techniques, often emphasizing stream-of-consciousness and fragmented narratives.",This answer captures the essence of modernist experimentation.,"Modernist literature is defined by its experimentation with narrative form, fragmentation, and a departure from traditional storytelling techniques."
What is a sonnet?,"A sonnet is a 14-line poem, often written in iambic pentameter, and traditionally dealing with themes such as love.",The focus on structure and meter is essential for a correct definition.,"A sonnet is a 14-line poem typically written in iambic pentameter, often exploring themes of love."
Who wrote 'Pride and Prejudice'?,"Jane Austen is the author of 'Pride and Prejudice', a novel celebrated for its wit and social commentary.",Including the author's name and a characteristic of the work reinforces the answer.,Jane Austen wrote 'Pride and Prejudice'.
What is the theme of 'To Kill a Mockingbird'?,"'To Kill a Mockingbird' explores themes of racial injustice, moral growth, and the loss of innocence in a small town.",Mentioning multiple themes ensures a comprehensive view of the novel.,"The primary themes of 'To Kill a Mockingbird' include racial injustice, moral development, and the loss of innocence."
What is the epic of 'The Odyssey' about?,The Odyssey is an epic poem attributed to Homer that recounts the adventures and homecoming struggles of the hero Odysseus.,The answer should note the hero’s journey and the trials faced along the way.,"The Odyssey describes the long, adventurous journey of Odysseus as he attempts to return home after the Trojan War."
Who is considered the father of detective fiction?,Edgar Allan Poe is often regarded as the father of detective fiction due to his early writings in the genre.,This answer succinctly states his contribution without needing further explanation.,Edgar Allan Poe is considered the father of detective fiction.
What is magic realism in literature?,"Magic realism is a literary style where magical elements are introduced into otherwise realistic settings, treated as a normal part of everyday life.",This definition is direct and accurately covers the central idea.,Magic realism is a genre where magical elements are narrated in a realistic context as if they are ordinary.
Who painted the Mona Lisa?,"Leonardo da Vinci is credited with painting the Mona Lisa, one of the most famous paintings in the world.",The answer is straightforward and the name is universally recognized.,Leonardo da Vinci painted the Mona Lisa.
What is the significance of the Sistine Chapel ceiling?,"The Sistine Chapel ceiling, painted by Michelangelo, is celebrated for its artistic mastery and depiction of biblical scenes.",Referencing both the artist and the subject matter provides a complete answer.,"The Sistine Chapel ceiling is significant for its artistic brilliance and its biblical depictions, painted by Michelangelo."
What defines Baroque art?,"Baroque art is characterized by dramatic lighting, rich detail, and dynamic movement which evoke emotion and grandeur.",This explanation succinctly captures the stylistic traits of Baroque art.,"Baroque art is defined by its dramatic, detailed, and dynamic style."
Who sculpted David?,"Michelangelo is renowned for sculpting the statue of David, a masterpiece of Renaissance art.",The answer precisely identifies the artist and his celebrated work.,Michelangelo sculpted David.
What is the origin of ballet?,"Ballet originated in the courts of 15th-century Italy and later developed in France, evolving into a formalized dance form.",Noting both the origin and subsequent evolution is important for a rounded answer.,Ballet originated in 15th-century Italy and developed further in France as a formalized dance art.
What is abstract art?,"Abstract art uses shapes, colors, and forms to create a composition independent of visual references in the world.",The explanation is clear and does not overcomplicate the definition.,"Abstract art is a style that emphasizes shapes, colors, and forms rather than realistic depictions."
What is impressionism?,"Impressionism is an art movement focused on capturing light and its changing qualities, often with quick brush strokes and vibrant color.",This answer provides both the defining technique and the overall aesthetic.,Impressionism is an art movement that captures the fleeting effects of light and color using loose brush strokes.
Who wrote the opera 'Carmen'?,"'Carmen' is an opera composed by Georges Bizet, known for its passionate music and dramatic story.",Combining the composer and the work’s significance makes this a complete answer.,Georges Bizet composed the opera 'Carmen'.
What is the significance of the Renaissance?,"The Renaissance was a period of revived interest in art, culture, and learning, marking the transition from the Middle Ages to modernity.",This summary captures the cultural and historical significance succinctly.,"The Renaissance was a transformative period that renewed interest in the arts, culture, and learning, bridging the Middle Ages and modern times."
What is graffiti art?,"Graffiti art involves using public spaces to create visual art, often with spray paint, and is a form of contemporary expression.",This explanation covers both the medium and its cultural aspect.,"Graffiti art is a form of street art created in public spaces, mainly using spray paint or markers."
Who is known as the King of Pop?,Michael Jackson earned the title 'King of Pop' due to his groundbreaking contributions to music and dance.,The answer is straightforward and well-known globally.,Michael Jackson is known as the King of Pop.
What is a cultural festival?,"A cultural festival is an event celebrating the traditions, arts, and customs of a particular community or group.",This definition captures the essence without overcomplication.,"A cultural festival celebrates the traditions, arts, and customs of a community or group."
What is the impact of social media on culture?,"Social media has transformed how people communicate, share ideas, and consume cultural content, leading to a more interconnected global culture.",Acknowledging both communication and consumption is important here.,Social media has significantly impacted culture by changing communication patterns and enabling rapid sharing of ideas and cultural content worldwide.
What is the meaning of street art?,Street art is visual art created in public spaces and is often used to make social or political statements.,This explanation links art with its often activist or expressive function.,Street art is a form of public visual expression that often carries social or political messages.
How does architecture reflect culture?,"Architecture often mirrors the values, history, and technological advances of a culture and serves as a physical expression of cultural identity.",This answer emphasizes both aesthetic and functional aspects.,"Architecture reflects culture by embodying a community's values, history, and technological identity."
Who holds the record for most goals in soccer?,"There are several record holders depending on the criteria (international, club, etc.), but names like Pelé and Cristiano Ronaldo are often mentioned.","Since records vary, I should specify that this may depend on the context.","Records vary by competition, but Cristiano Ronaldo is often cited as one of the top goal scorers in soccer history."
What is the significance of the Olympic Games?,"The Olympic Games bring together nations in a celebration of sports, promoting peace, excellence, and cultural exchange.",Emphasizing the cultural and political dimensions enhances the answer.,"The Olympic Games are significant for promoting international unity, sporting excellence, and cultural exchange."
Who has won the most Grand Slam titles in tennis?,"Players such as Serena Williams and Roger Federer are often in discussions for the most Grand Slam titles, though the record depends on the category.",The answer should indicate that it can vary by gender and era.,"Records vary, but among male players, Roger Federer is widely celebrated, while Serena Williams is one of the top in the women's category."
What sport is known as 'the king of sports'?,Soccer (football) is often referred to as 'the king of sports' due to its global popularity.,This nickname is common in many parts of the world and is widely accepted.,"Soccer, also known as football in many countries, is often called 'the king of sports.'"
What are the basic rules of basketball?,"Basketball is played with two teams aiming to score by shooting a ball through a hoop, with rules covering dribbling, fouls, and time limits.",A simple listing of fundamental rules is appropriate here.,"Basketball involves two teams trying to score points by shooting the ball through a hoop, with rules governing dribbling, fouls, and game duration."
Who won the FIFA World Cup in 2018?,"France won the 2018 FIFA World Cup, a fact well-documented in sports history.",This is a factual recall with no further elaboration needed.,France won the 2018 FIFA World Cup.
What defines a triathlon?,"A triathlon is a multi-sport event involving swimming, cycling, and running in immediate succession.",Listing the three sports makes the answer complete.,"A triathlon is an event that combines swimming, cycling, and running."
What are the origins of cricket?,Cricket originated in England and evolved over centuries into the popular sport known globally today.,The answer provides the origin and evolution concisely.,Cricket originated in England and has evolved into an internationally popular sport.
Who is considered the greatest boxer of all time?,"Many consider Muhammad Ali as one of the greatest boxers due to his skill, charisma, and social impact.","Acknowledging that opinions vary is helpful, but the conventional answer is Muhammad Ali.",Muhammad Ali is widely regarded as one of the greatest boxers of all time.
What is a hat-trick in soccer?,A hat-trick in soccer occurs when a player scores three goals in a single game.,This definition is both simple and accurate.,A hat-trick is when a soccer player scores three goals in one match.
What is artificial intelligence?,Artificial intelligence (AI) is the branch of computer science that aims to create systems capable of performing tasks that require human-like intelligence.,"Including examples or applications might enrich the answer, but brevity is key here.",Artificial intelligence is the development of computer systems that can perform tasks that typically require human intelligence.
How does the internet work?,The internet is a global network of interconnected computers that communicate using standardized protocols to transfer data.,This explanation covers the basics of connectivity and data transfer.,The internet is a worldwide network of computers that communicate using standardized protocols to exchange data.
What is blockchain technology?,"Blockchain is a decentralized, distributed ledger technology that records transactions across multiple computers securely.",The answer should note both security and decentralization.,"Blockchain technology provides a secure, decentralized ledger that records transactions transparently across a network."
What is quantum computing?,Quantum computing harnesses the principles of quantum mechanics to perform computations much faster than classical computers for certain tasks.,Mentioning its advantage in specific tasks reinforces its significance.,"Quantum computing uses quantum-mechanical phenomena to process information, potentially performing certain computations exponentially faster than classical computers."
What are renewable energy technologies?,"Renewable energy technologies include solar, wind, hydroelectric, geothermal, and biomass energy systems that harness natural processes.",Listing examples makes the definition concrete.,"Renewable energy technologies are systems like solar panels, wind turbines, and hydroelectric plants that utilize naturally replenishing resources."
What is the significance of Moore's Law?,"Moore's Law observes that the number of transistors on a microchip doubles approximately every two years, which has driven exponential growth in computing power.",This explanation provides both the fact and its significance.,Moore's Law is significant because it predicts the exponential increase in computing power due to the doubling of transistors on microchips roughly every two years.
How do cryptocurrencies work?,"Cryptocurrencies use blockchain technology to enable secure, decentralized digital transactions without the need for traditional banks.",This answer highlights both the technology and its application.,"Cryptocurrencies operate on blockchain technology to allow secure, decentralized digital transactions."
What is virtual reality?,"Virtual reality (VR) immerses users in computer-generated environments using specialized equipment, replicating real or imagined worlds.","The focus is on immersion, which is key for VR understanding.",Virtual reality is a technology that immerses users in a simulated environment using headsets and sensors.
What advances led to the smartphone era?,"Advances in miniaturization, battery technology, and mobile computing led to the widespread adoption of smartphones.",Including key technological improvements explains the evolution clearly.,"The smartphone era was enabled by advances in microelectronics, battery technology, and mobile computing."
What is cloud computing?,Cloud computing allows data storage and computing services to be accessed over the internet rather than on local servers.,This explanation is succinct and covers the primary concept.,"Cloud computing involves delivering computing services, including storage and processing, over the internet."
What defines an operating system?,An operating system is system software that manages computer hardware and software resources and provides common services for computer programs.,This encapsulates the core functions of an OS succinctly.,An operating system is software that manages hardware and software resources and provides a platform for applications to run.
How does 5G technology differ from 4G?,"5G offers faster speeds, lower latency, and more connected devices compared to 4G, enabling new applications and more reliable connections.",This answer highlights the key improvements without unnecessary complexity.,"5G technology provides faster data speeds, reduced latency, and higher capacity than 4G."
What is cyber security?,"Cyber security involves protecting systems, networks, and programs from digital attacks or unauthorized access.",The answer clearly defines the concept and its importance.,"Cyber security is the practice of protecting computers, networks, and data from digital attacks."
What is the Internet of Things (IoT)?,"The Internet of Things refers to the network of physical devices interconnected through the internet, enabling them to collect and exchange data.",Highlighting connectivity and data exchange captures the core idea.,The Internet of Things (IoT) is a network of interconnected devices that communicate and exchange data over the internet.
What is user interface design?,User interface (UI) design focuses on creating interfaces in software or devices with a focus on look and usability.,The answer provides the key aspect of design without delving too deeply into technical details.,User interface design is the process of designing software interfaces with a focus on aesthetics and usability.
How do you create a budget?,"Creating a budget involves listing income, tracking expenses, and planning for savings, ensuring spending does not exceed income.",Providing clear steps helps clarify the process.,"To create a budget, list your income, track your expenses, and plan your spending to ensure you save money and do not overspend."
What are some effective time management strategies?,"Effective time management can include methods like prioritizing tasks, using calendars, and avoiding multitasking.",The answer should be practical and concise.,"Effective time management strategies include prioritizing tasks, using calendars or planners, and focusing on one task at a time."
How do you prepare a balanced meal?,"A balanced meal includes a variety of food groups such as proteins, carbohydrates, fruits, vegetables, and healthy fats.",This answer provides a simple guideline for nutrition.,"A balanced meal is prepared by combining proteins, carbohydrates, vegetables, fruits, and healthy fats in appropriate portions."
What are the steps to resolve a computer error?,"Resolving a computer error usually involves identifying the error message, searching for a solution, and applying troubleshooting steps such as restarting the system.",A step-by-step approach ensures clarity.,"To resolve a computer error, check the error message, research possible fixes, and follow troubleshooting steps like restarting or reinstalling software."
How do you plan a weekly schedule?,"Planning a weekly schedule involves listing all tasks and commitments, assigning them to specific time slots, and balancing work with personal time.",Emphasizing structure and balance makes the answer practical.,"Plan a weekly schedule by listing your commitments, assigning them time slots, and ensuring there is balance between work, rest, and personal activities."
What is the best way to start a small garden?,"Starting a small garden involves selecting a suitable location, preparing the soil, choosing appropriate plants, and creating a watering schedule.",The focus on practical steps makes the answer actionable.,"To start a small garden, choose a sunny location, prepare the soil, select plants suited to your climate, and set up a regular watering schedule."
How do you troubleshoot a smartphone that won’t charge?,"Troubleshooting a smartphone charging issue can include checking the cable and charger, cleaning the charging port, and trying another power source.","This answer outlines clear, sequential steps.","To troubleshoot a smartphone that isn’t charging, verify the cable and charger, clean the charging port, and try using a different power source."
How can you improve your sleep quality?,"Improving sleep quality can involve establishing a regular sleep schedule, limiting screen time before bed, and creating a comfortable sleep environment.",A focus on healthy habits provides practical advice.,"To improve sleep quality, maintain a consistent sleep schedule, reduce screen exposure before bed, and ensure your sleep environment is quiet and comfortable."
What are some eco-friendly living tips?,"Eco-friendly living tips include recycling, reducing energy consumption, using sustainable products, and minimizing waste.",These recommendations are both actionable and diverse.,"Eco-friendly living can be achieved by recycling, conserving energy, choosing sustainable products, and reducing waste."
How do you organize a cluttered workspace?,"Organizing a cluttered workspace involves sorting items, cleaning the area, and implementing storage solutions to maintain order.",Clear steps make the solution practical.,"To organize a cluttered workspace, declutter by sorting items, clean thoroughly, and use storage solutions to keep things tidy."
How do you manage personal finances?,"Managing personal finances involves tracking income and expenses, setting financial goals, budgeting, and saving regularly.",A comprehensive yet succinct approach is provided.,"Effective personal finance management includes budgeting, tracking income/expenses, setting financial goals, and saving money consistently."
What is a healthy exercise routine?,"A healthy exercise routine might include a mix of cardio, strength training, and flexibility exercises performed regularly.",This balanced approach covers multiple aspects of fitness.,"A healthy exercise routine typically includes cardio, strength training, and flexibility exercises performed on a regular basis."
How do you make a cup of coffee the right way?,"Making a good cup of coffee often involves using fresh beans, proper water temperature, and the correct brewing time.",This answer provides basic steps without overcomplicating the process.,"A quality cup of coffee is made by using freshly ground beans, water at about 195°F-205°F, and an appropriate brewing time."
How do you change a flat tire?,"Changing a flat tire involves safely lifting the vehicle, removing the lug nuts, replacing the tire, and securing the lug nuts.",The explanation includes all the critical safety and procedural steps.,"To change a flat tire, use a jack to lift the car, remove the lug nuts, replace the flat tire with a spare, and then tighten the lug nuts securely."
What are the steps for basic first aid?,"Basic first aid includes assessing the situation, calling for help, and administering appropriate care such as CPR or treating wounds.",This answer outlines steps without going into detailed technical procedures.,"Basic first aid steps involve assessing the situation, calling emergency services if needed, and administering care such as CPR or treating injuries as appropriate."
How do you plan a road trip?,"Planning a road trip involves mapping your route, scheduling stops, preparing your vehicle, and packing essentials.",The answer is practical and covers all basic considerations.,"To plan a road trip, map your route, plan stops for food and rest, ensure your vehicle is in good condition, and pack necessary items."
How do you cook a simple pasta dish?,"A simple pasta dish can be made by boiling pasta, preparing a sauce with tomatoes, garlic, and herbs, then mixing them together.",This answer gives enough basic steps without being overly prescriptive.,"To cook a simple pasta dish, boil your pasta until al dente, prepare a tomato-based sauce with garlic and herbs, and combine them before serving."
What are the best practices for home cleaning?,"Best practices for home cleaning include regular dusting, vacuuming, organizing clutter, and disinfecting frequently touched surfaces.",This answer is succinct and covers essential cleaning routines.,"Home cleaning best practices include regular dusting, vacuuming, organizing spaces, and disinfecting high-touch surfaces."
How do you build a resume?,"Building a resume involves listing personal details, work experience, education, and skills in a clear, concise format.",The steps provided capture the basic structure of a resume.,"To build a resume, include your contact details, work history, education, and key skills in a well-organized and concise format."
How do you prepare for a job interview?,"Preparing for a job interview involves researching the company, practicing common questions, and dressing professionally.","The answer is practical, covering both preparation and presentation aspects.","Prepare for a job interview by researching the company, practicing your responses to common questions, and dressing appropriately."
How should one study for a standardized test?,"Studying for a standardized test involves creating a study schedule, using practice tests, and reviewing key concepts regularly.",This structured approach is essential for effective preparation.,"Study for a standardized test by developing a schedule, taking practice exams, and reviewing important topics consistently."
What are effective note-taking strategies?,"Effective note-taking strategies include methods like the Cornell system, using bullet points, and summarizing information in your own words.",This answer offers a variety of techniques to suit different learners.,"Effective strategies include the Cornell method, bullet point lists, and paraphrasing content in your own words."
How do you prepare for a math exam?,"Preparing for a math exam involves practicing problem-solving, reviewing formulas, and working through sample problems.",This detailed yet succinct answer addresses the key components needed.,"To prepare for a math exam, practice solving problems, review key formulas, and work through examples and past questions."
What is active learning?,"Active learning is an approach where students engage with the material, participate in discussions, and solve problems rather than passively listening.",This explanation encapsulates the difference from traditional learning methods.,"Active learning involves engaging with content through discussions, problem-solving, and hands-on activities rather than passively receiving information."
How can one improve public speaking skills?,"Improving public speaking skills requires practice, seeking feedback, and studying effective speakers.",This answer is compact yet covers the core strategies.,"To improve public speaking, practice regularly, seek constructive feedback, and study the techniques of accomplished speakers."
What role does revision play in learning?,"Revision reinforces previously learned material, helping to solidify knowledge and improve recall.",The answer is simple but effectively communicates the importance of review.,"Revision is essential as it reinforces and solidifies learned material, enhancing memory retention and understanding."
How do you conduct efficient research online?,"Efficient online research involves using proper keywords, evaluating source credibility, and organizing findings.",This answer addresses both the search process and the evaluation of information.,"Conduct efficient online research by using specific keywords, verifying credible sources, and organizing your findings systematically."
What are some memory improvement techniques?,"Memory techniques include spaced repetition, mnemonic devices, and active recall practices.",This answer succinctly offers a few proven strategies.,"Improving memory can be achieved through techniques like spaced repetition, mnemonic devices, and active recall."
How do you manage study time for multiple subjects?,"Managing study time involves creating a balanced schedule, prioritizing subjects, and taking regular breaks.",This answer provides a systematic approach without overcomplication.,"Manage study time effectively by scheduling dedicated sessions for each subject, prioritizing based on difficulty, and incorporating regular breaks."
What is blended learning?,Blended learning combines traditional in-person teaching with online educational materials and interactive activities.,This answer nicely encapsulates the hybrid nature of modern education.,Blended learning is an educational approach that merges face-to-face classroom methods with online digital media.
What is a SWOT analysis?,"A SWOT analysis is a strategic planning tool that examines Strengths, Weaknesses, Opportunities, and Threats.",Listing all four aspects ensures clarity.,"A SWOT analysis evaluates a situation by identifying its strengths, weaknesses, opportunities, and threats."
What is the importance of market research?,"Market research provides insights into consumer behavior, industry trends, and competitor analysis, informing business strategy.",Noting its role in strategic planning reinforces its significance.,Market research is important because it informs business decisions by providing insights into consumer preferences and competitive dynamics.
How does supply chain management work?,"Supply chain management coordinates the flow of goods, information, and finances from raw materials to finished products.",This answer captures the complex process in a concise manner.,"Supply chain management involves coordinating processes across production, distribution, and logistics to deliver products efficiently."
What is a business model canvas?,A business model canvas is a strategic management template used for developing new or documenting existing business models.,The explanation clearly defines the tool and its purpose.,"The business model canvas is a visual template that outlines key aspects of a business's value proposition, customers, and finances."
How do startups secure funding?,"Startups secure funding through avenues such as venture capital, angel investors, crowdfunding, or bank loans.",Listing multiple funding sources gives a thorough answer.,"Startups obtain funding via venture capital, angel investments, crowdfunding campaigns, or traditional loans."
What is corporate social responsibility?,"Corporate social responsibility (CSR) refers to a company's commitment to ethical practices, environmental sustainability, and community engagement.",This answer succinctly summarizes the core pillars of CSR.,Corporate social responsibility is a business model where companies integrate social and environmental concerns into their operations.
What are the principles of effective leadership?,"Effective leadership often involves clear communication, empathy, decision-making skills, and the ability to inspire others.",The answer covers multiple interpersonal and strategic skills without excess detail.,"Effective leadership is characterized by clear communication, empathy, strong decision-making, and the ability to inspire and motivate others."
What is strategic planning?,Strategic planning involves setting long-term goals and determining the best course of action to achieve them while considering available resources and external factors.,This comprehensive explanation captures the essence of the planning process.,Strategic planning is the process of defining long-term goals and outlining the steps and resources needed to achieve them.
How do mergers and acquisitions work?,Mergers and acquisitions involve the consolidation of companies or assets through various financial transactions to create a larger entity.,The final answer encapsulates the general purpose and mechanism without delving into financial jargon.,"Mergers and acquisitions are processes where companies consolidate through financial transactions to form a larger, more competitive entity."
What defines successful customer service?,"Successful customer service means meeting or exceeding customer expectations through prompt, courteous, and effective problem solving.",This answer addresses both the qualitative and actionable aspects of customer service.,"Successful customer service is defined by timely, courteous, and effective support that satisfies customer needs."
What is the significance of Earth Day?,"Earth Day is celebrated to raise environmental awareness, promote conservation, and encourage sustainable practices worldwide.",Describing its aims clarifies why the event is celebrated.,"Earth Day is significant because it focuses on environmental protection, conservation, and the promotion of sustainability globally."
Which festival is celebrated as the Festival of Lights?,"Diwali, the Hindu festival of lights, is celebrated by millions of people across India and other parts of the world.",The answer is straightforward and includes geographic context.,Diwali is celebrated as the Festival of Lights.
What is the origin of Halloween?,"Halloween originated from ancient Celtic harvest festivals, particularly the Gaelic festival Samhain.",This historical context provides depth to the explanation.,Halloween has its origins in the ancient Celtic festival of Samhain.
What does Oktoberfest celebrate?,"Oktoberfest is a traditional German festival that celebrates beer, food, and Bavarian culture.",Including cultural elements reinforces the answer.,"Oktoberfest is a festival that celebrates Bavarian culture, especially its beer and traditional cuisine."
What are the traditions of Diwali?,"Diwali traditions include lighting lamps, exchanging gifts, feasting, and celebrating the victory of light over darkness.",This answer effectively summarizes diverse practices.,"Diwali traditions include lighting diyas (lamps), exchanging gifts, enjoying festive meals, and celebrating the triumph of light over darkness."
What is the cultural significance of the Chinese New Year?,"Chinese New Year marks the beginning of the lunar new year and is celebrated with family reunions, feasts, and cultural customs.",This answer encapsulates both the timing and cultural importance.,"Chinese New Year is culturally significant as it marks the start of the lunar year and is celebrated with family gatherings, traditional customs, and festive activities."
What is Bastille Day?,"Bastille Day is France’s national day, commemorating the storming of the Bastille prison and the birth of the French Republic.",Including historical context enhances clarity.,"Bastille Day, celebrated on July 14, marks the storming of the Bastille and is a symbol of the French Revolution and national unity."
What is the importance of Cinco de Mayo?,Cinco de Mayo commemorates the Mexican victory over French forces at the Battle of Puebla and celebrates Mexican heritage.,This answer connects historical and cultural elements appropriately.,Cinco de Mayo is important for commemorating the Mexican victory at the Battle of Puebla and celebrating Mexican culture.
What is the cultural impact of Carnival in Brazil?,"Carnival in Brazil is a massive cultural event known for its elaborate parades, music, and dance, showcasing vibrant Brazilian traditions.",This summary effectively captures the spirit and scale of the event.,"Carnival in Brazil has a significant cultural impact by uniting people in festive parades, music, and dance, reflecting Brazil’s rich traditions."
What traditions are associated with Thanksgiving?,Thanksgiving traditions include sharing a meal with family and giving thanks for the harvest and blessings of the past year.,The answer captures the core sentiments of the holiday.,"Thanksgiving is associated with gathering for a meal, expressing gratitude, and enjoying traditional dishes such as turkey and stuffing."
What is climate change?,"Climate change refers to long-term shifts in temperatures and weather patterns, primarily due to human activities like burning fossil fuels.",Linking human activity directly to the changes provides a precise answer.,"Climate change is the long-term alteration of temperature and weather patterns, largely due to human activities that increase greenhouse gas emissions."
What is the greenhouse effect?,"The greenhouse effect is a process where certain gases trap heat in the Earth's atmosphere, warming the planet.",This simple explanation effectively describes the mechanism behind global warming.,"The greenhouse effect is the trapping of heat in the Earth's atmosphere by greenhouse gases, contributing to global warming."
How do solar panels work?,Solar panels convert sunlight into electricity using photovoltaic cells that generate an electric current.,The explanation is concise and accurately explains the process.,Solar panels work by converting sunlight into electricity through the use of photovoltaic cells.
What is CRISPR technology?,"CRISPR is a gene-editing technology that allows for precise, efficient, and cost-effective modifications of DNA.",This answer captures both the technical and transformative aspects of CRISPR.,CRISPR is a groundbreaking gene-editing technology that enables scientists to alter DNA sequences with high precision.
What role do mitochondria play in metabolism?,"Mitochondria are responsible for producing ATP through cellular respiration, a key part of metabolism.",Reiterating their role as energy producers underscores their importance.,"Mitochondria generate ATP through cellular respiration, playing a critical role in cellular metabolism."
What is the significance of the Large Hadron Collider?,The Large Hadron Collider is a particle accelerator that helps scientists study fundamental particles and the origins of the universe.,This answer effectively highlights its role in advancing physics research.,The Large Hadron Collider is significant for its role in advancing our understanding of fundamental particles and the basic constituents of matter.
What is dark matter?,"Dark matter is a form of matter that does not emit light or energy, yet it is believed to make up most of the universe's mass.",The answer is concise while capturing the mysterious nature of dark matter.,Dark matter is an invisible substance that does not emit light but is thought to account for the majority of the universe's mass.
How do wind turbines generate power?,Wind turbines convert the kinetic energy from wind into electrical power using rotating blades and a generator.,The explanation connects the basic mechanical process in a clear manner.,"Wind turbines generate power by using wind to turn blades, which then drive a generator to produce electricity."
What is genetic engineering?,Genetic engineering involves directly manipulating an organism's DNA to alter its characteristics for desired outcomes.,This explanation is clear and covers the basic concept of modification.,Genetic engineering is the direct manipulation of an organism's genes using biotechnology to achieve desired traits.
What is the function of the human brain's prefrontal cortex?,"The prefrontal cortex is involved in decision-making, problem-solving, and regulating social behavior.",This concise answer covers several key cognitive functions.,"The prefrontal cortex is responsible for complex cognitive behavior, decision-making, and moderating social conduct."
What is the largest country in Africa by area?,Algeria is known as the largest country in Africa by area.,This fact is widely recognized without additional context.,Algeria is the largest country in Africa by area.
Which city is known as the Eternal City?,Rome is famously called the Eternal City due to its ancient history and enduring influence.,No further explanation is needed for this well-known nickname.,Rome is known as the Eternal City.
What is the primary language spoken in Brazil?,"Portuguese is the primary language spoken in Brazil, a result of colonial history.",This answer is straightforward and factual.,Portuguese is the primary language spoken in Brazil.
Which desert is located in northern China and Mongolia?,The Gobi Desert spans parts of northern China and southern Mongolia.,The geographic range is clearly defined.,The Gobi Desert is located in northern China and Mongolia.
What is the highest peak in North America?,"Denali, formerly known as Mount McKinley, is the highest peak in North America.",Including both names provides historical context.,Denali is the highest peak in North America.
Which river flows through Paris?,"The Seine River runs through Paris, a fact well established in geography.",This is a straightforward geographic fact with no variations.,The Seine River flows through Paris.
What is the largest bay in the world?,"The Bay of Bengal is considered by some measures as the largest bay, though definitions vary.",Noting that definitions can vary makes the answer cautious.,The Bay of Bengal is often recognized as one of the largest bays in the world.
Which country is an archipelago in Southeast Asia?,"Indonesia is an archipelagic country in Southeast Asia, consisting of thousands of islands.",This answer includes both the fact and a little context about its geography.,Indonesia is an archipelago located in Southeast Asia.
What is the distance from the Earth to the Moon?,"The average distance is about 384,400 kilometers.",The answer provides an average value that is widely accepted.,"The average distance from the Earth to the Moon is approximately 384,400 kilometers."
What is the largest coral reef system?,"The Great Barrier Reef is the largest coral reef system in the world, located off the coast of Australia.",This well-known fact is succinctly stated.,The Great Barrier Reef is the largest coral reef system in the world.
Who was Winston Churchill?,Winston Churchill was the Prime Minister of the United Kingdom during World War II and is celebrated for his leadership.,This answer appropriately captures his historical significance.,Winston Churchill was the British Prime Minister during World War II and is renowned for his leadership.
What was the Cold War?,The Cold War was a period of geopolitical tension between the United States and the Soviet Union after World War II.,This concise explanation covers the basic nature of the conflict.,The Cold War was a prolonged period of political and military tension between the United States and the Soviet Union.
What was the significance of the Industrial Revolution?,"The Industrial Revolution marked a major turning point with advances in manufacturing, technology, and transportation that transformed societies.",This answer captures both the transformative and long-lasting impact of the Industrial Revolution.,"The Industrial Revolution was significant because it transformed economies, industries, and societies through technological innovations and mass production."
Who was Martin Luther King Jr.?,Martin Luther King Jr. was a civil rights leader known for his nonviolent activism in the United States.,The answer succinctly encapsulates his role and philosophy.,"Martin Luther King Jr. was a prominent leader in the U.S. civil rights movement, advocating nonviolence and equality."
What initiated the Russian Revolution?,"The Russian Revolution was initiated by widespread discontent with the Tsarist regime, exacerbated by World War I and economic hardships.",This answer appropriately summarizes multiple causes without overloading details.,"The Russian Revolution was initiated by political upheaval and economic hardships, worsened by the strain of World War I."
What is constitutional government?,A constitutional government operates under a set of fundamental laws or a constitution that limits governmental powers and protects citizens' rights.,This explanation strongly links legal foundations with the concept of governance.,"Constitutional government is a form of governance under which power is limited by a constitution, ensuring citizens' rights and the rule of law."
What was the purpose of the United Nations?,"The United Nations was established to promote international cooperation, peace, and security following World War II.",This answer covers the mission and origin clearly.,The United Nations was created to foster international cooperation and maintain peace and security around the world.
What was the impact of the printing press on European society?,"The printing press revolutionized information dissemination, literacy, and the spread of ideas in Europe.",Highlighting its far-reaching effects makes the answer comprehensive.,The printing press had a profound impact on European society by dramatically increasing access to knowledge and fostering literacy and cultural exchange.
Who was Simon Bolivar?,Simon Bolivar was a military and political leader who played a key role in Latin America's struggle for independence from Spanish rule.,This answer connects his roles as both a military leader and a liberator.,Simon Bolivar was a revolutionary leader who was instrumental in securing independence for several Latin American countries from Spanish rule.
What led to the end of apartheid in South Africa?,"The end of apartheid in South Africa was brought about by a combination of internal resistance, international pressure, and negotiations that led to democratic reforms.","This explanation is balanced, acknowledging various contributing factors.","Apartheid in South Africa ended due to sustained internal resistance, international sanctions, and dialogue that paved the way for democratic change."
How do online learning platforms work?,"Online learning platforms deliver educational content digitally, allowing students to access courses, submit assignments, and interact with instructors remotely.",This answer encapsulates both the functionality and benefits of e-learning.,"Online learning platforms provide digital access to courses, enabling remote learning through videos, readings, assessments, and interactive tools."
What is the role of coding in modern education?,"Coding teaches problem-solving, logical thinking, and creativity, and is increasingly important in a technology-driven world.",This explanation covers the educational and practical implications of learning to code.,"Coding plays a crucial role in modern education by developing logical thinking, problem-solving skills, and creativity, preparing students for a digital future."
How has technology influenced language learning?,"Technology has facilitated access to language resources, enabled interactive learning, and connected learners globally through tools like apps and online courses.",The answer covers multiple dimensions of the impact.,"Technology has enhanced language learning through interactive apps, online courses, and global communication platforms, making language study more accessible and engaging."
What are MOOCs and their impact on education?,"MOOCs (Massive Open Online Courses) provide free or low-cost access to academic courses online, broadening educational opportunities globally.",This answer highlights both the accessibility and transformative power of MOOCs.,"MOOCs are online courses open to unlimited participation, significantly expanding access to education worldwide."
What is gamification in learning?,Gamification incorporates game design elements into educational activities to increase engagement and motivation.,This definition is both concise and directly relates to learning strategies.,"Gamification in learning involves applying game mechanics, such as rewards and challenges, to enhance motivation and engagement in educational contexts."
How can artificial intelligence enhance personalized education?,"AI can analyze student performance and adapt learning materials to address individual strengths and weaknesses, providing a personalized learning experience.",The answer links AI's analytical capability with its impact on personalized learning.,Artificial intelligence enhances personalized education by tailoring learning materials and pace according to each student's needs.
What is the significance of open educational resources?,Open educational resources (OER) are freely accessible materials that promote equitable access to quality education and foster knowledge sharing.,This answer explains both the accessibility and collaborative aspects of OER.,"Open educational resources are FREE, openly licensed teaching and learning materials that expand access to education and encourage collaboration."
How has remote learning changed student engagement?,"Remote learning has changed student engagement by offering flexibility, leveraging digital tools, and requiring self-discipline, which can alter traditional classroom dynamics.",This answer addresses both the benefits and challenges of remote learning.,"Remote learning has transformed student engagement by providing greater flexibility and digital interactivity, though it also demands enhanced self-motivation."
What strategies improve online classroom interactions?,"Improving online classroom interactions can involve live sessions, breakout groups, interactive polls, and regular feedback from instructors.",This answer provides specific strategies to enhance engagement and interaction.,"Strategies to improve online classroom interactions include using live video sessions, breakout discussions, interactive polls, and frequent instructor feedback."
How does virtual tutoring work?,"Virtual tutoring connects students with tutors online via video calls, interactive whiteboards, and digital resources to facilitate personalized learning.",This answer emphasizes the digital tools that support virtual tutoring.,Virtual tutoring utilizes video conferencing and interactive digital tools to offer personalized teaching and support remotely.
What is venture capital and how does it support startups?,"Venture capital is funding provided by investors to startups with high growth potential, offering both financial support and mentorship in exchange for equity.",This answer concisely summarizes the dual aspect of venture capital support.,"Venture capital funds startups with high growth potential, providing capital and strategic guidance in return for equity."
What are the challenges of managing a global supply chain?,"Managing a global supply chain involves navigating geographic distances, cultural differences, regulatory environments, and complex logistics.",Highlighting multiple challenges provides a comprehensive answer.,"Managing a global supply chain is challenging due to factors like geographic dispersion, cultural and regulatory differences, and intricate logistics coordination."
Explain the concept of moral hazard in economics and provide an example.,Moral hazard refers to a situation where a party takes more risks because they don't bear the full consequences of those risks. This typically happens when one party is insulated from risk and has more information than the party bearing the consequences.,"I should provide a clear example to illustrate this concept. Insurance is a classic example, but I could also mention financial bailouts or principal-agent problems. I should emphasize that the key issue is the change in behavior due to risk protection.","Moral hazard occurs when someone takes greater risks because they're protected from the consequences, creating inefficient outcomes. A classic example is when someone with comprehensive car insurance drives more recklessly than they would without coverage. Another example is how banks took excessive risks before the 2008 financial crisis, partly because they expected government bailouts. Moral hazard is problematic because it distorts incentives and can lead to resource misallocation in an economy."
Write a function in Python that determines if a string is a palindrome.,"A palindrome is a string that reads the same backward as forward. To check if a string is a palindrome, I'll compare the first character with the last, the second with the second-to-last, and so on. If any comparison fails, it's not a palindrome.","My approach works, but there's a simpler way to implement this in Python. I can just reverse the string and compare it with the original. I should also handle edge cases like empty strings, case sensitivity, and non-alphanumeric characters.","```python
def is_palindrome(s):
    # Convert to lowercase and remove non-alphanumeric characters
    s = ''.join(c for c in s.lower() if c.isalnum())
    # Compare string with its reverse
    return s == s[::-1]

# Example usage
print(is_palindrome(""A man, a plan, a canal: Panama""))  # True
print(is_palindrome(""race a car""))  # False
```"
What are the key differences between mitosis and meiosis in cell division?,"Mitosis and meiosis are both types of cell division, but they serve different purposes. Mitosis produces two identical daughter cells and is used for growth and repair, while meiosis produces four genetically diverse haploid cells and is used for sexual reproduction.","I should also mention the specific stages of each process and highlight key differences in chromosome number, genetic diversity, and crossing over. I should clarify that mitosis results in diploid cells while meiosis results in haploid cells, which is crucial for understanding their different roles.","Mitosis and meiosis differ in several key ways: 1) Purpose: Mitosis is for growth, repair, and asexual reproduction, while meiosis is exclusively for sexual reproduction; 2) Number of divisions: Mitosis involves one division, producing two daughter cells, while meiosis involves two divisions, producing four cells; 3) Genetic composition: Mitosis produces genetically identical diploid cells (2n), while meiosis produces genetically diverse haploid cells (n); 4) Crossing over: Only meiosis involves crossing over and recombination, which increases genetic diversity; 5) Chromosome pairing: In meiosis, homologous chromosomes pair up (synapsis) and exchange genetic material, which doesn't occur in mitosis."
Analyze how climate change might affect global food security in the next 30 years.,"Climate change will likely affect food security through changes in temperature, precipitation patterns, and extreme weather events. This could impact crop yields, livestock productivity, and food distribution systems.","I should consider regional variations in climate impacts, adaptation strategies, and socioeconomic factors that influence vulnerability. I should also address both negative and potential positive effects in some regions, as well as the interconnected nature of the global food system.","Climate change will significantly impact global food security over the next 30 years through several mechanisms. Rising temperatures will reduce yields of major crops like wheat, rice, and maize in tropical and temperate regions, with estimates suggesting 3-7% yield reduction per degree Celsius of warming. Changing precipitation patterns will increase drought frequency in some regions (particularly sub-Saharan Africa and parts of Asia) while causing flooding in others. Extreme weather events will disrupt food production and supply chains, while rising CO2 levels may reduce the nutritional content of some crops. These impacts will be unevenly distributed, with developing countries near the equator facing the greatest challenges due to their geographic location and limited adaptation resources. Adaptation strategies including drought-resistant crop varieties, improved water management, and diversified food systems will be essential, but require significant investment and policy support."
Describe the architectural differences between Gothic and Baroque styles.,"Gothic and Baroque are distinct architectural styles from different periods. Gothic architecture emerged in the 12th century and is characterized by pointed arches, ribbed vaults, flying buttresses, and an emphasis on height and light. Baroque architecture emerged in the 17th century and features dramatic elements, curves, rich decoration, and theatrical effects.","I should also mention the historical context of each style, their geographical spread, and provide some notable examples of buildings in each style. I should clarify that Gothic was primarily ecclesiastical while Baroque was used for both religious and secular buildings.","Gothic and Baroque architecture represent different historical periods and aesthetic philosophies. Gothic (12th-16th century) emphasizes verticality and light with key features including pointed arches, ribbed vaults, flying buttresses, large stained glass windows, and an overall skeletal stone structure that creates soaring interiors. Notable examples include Notre-Dame Cathedral and Chartres Cathedral. Baroque (17th-18th century) emerged as a response to the Reformation, emphasizing drama and grandeur through curved forms, complex oval spaces, trompe l'oeil effects, rich color, dramatic light contrasts, and lavish ornamentation. St. Peter's Basilica in Rome and Palace of Versailles exemplify this style. While Gothic primarily served religious purposes and expressed transcendence, Baroque served both church and state, expressing power and emotional appeal."
Explain how blockchain technology works and its potential applications beyond cryptocurrency.,"Blockchain is a distributed ledger technology that records transactions across multiple computers in a way that ensures the records cannot be altered retroactively. It uses cryptographic hashing, consensus mechanisms, and decentralization to achieve security and transparency.","I should clarify the different types of blockchains (public, private, consortium) and explain how smart contracts work. I should provide specific examples of non-cryptocurrency applications across different industries rather than just general categories.","Blockchain technology works as a distributed, tamper-resistant ledger where data is stored in blocks that are cryptographically linked in a chain. Each block contains transaction data, a timestamp, and a unique identifier (hash) of the previous block, creating an immutable record. The system achieves security through consensus mechanisms (like Proof of Work or Proof of Stake) and decentralization across many computers (nodes). Beyond cryptocurrency, blockchain has numerous applications: in supply chain management (Walmart uses it to trace food from farm to store); in healthcare (for secure medical record sharing while maintaining privacy); in voting systems (providing transparent, verifiable elections); in intellectual property protection (establishing clear ownership timestamps); and in smart contracts that automatically execute when conditions are met (as in decentralized finance applications and real estate transactions)."
Describe the process of making sourdough bread from scratch.,"Making sourdough bread involves creating a starter culture, preparing the dough with flour, water, and salt, allowing it to ferment, shaping it, and baking it. The starter contains wild yeast and lactobacilli bacteria that ferment the dough and give sourdough its distinctive flavor.","I should break this down into more detailed steps and include specific measurements and timing. I should also mention the importance of temperature, hydration levels, and the development of gluten structure. I should explain how to tell when each stage is complete and what to look for.","Making sourdough bread from scratch begins with creating a starter: mix equal parts flour and water, then let it ferment at room temperature, feeding it daily with fresh flour and water for about 5-7 days until it becomes bubbly and has a tangy aroma.,"
Identify the grammatical errors in the following sentence: 'She don’t like to eats apple.',"First, 'don’t' is incorrect because the subject 'She' is singular; it should be 'doesn’t'. Second, 'eats' is incorrect because the verb should be in its base form after 'to', so it should be 'eat'.",I verified that 'doesn’t' is correct for third-person singular and 'eat' follows the infinitive rule after 'to'.,'She doesn’t like to eat apples.'
Explain why the sky appears blue during the day but red during sunset.,"The sky appears blue because of Rayleigh scattering, where shorter (blue) wavelengths scatter more than longer (red) wavelengths. During sunset, sunlight travels through more atmosphere, scattering away blue light and allowing red and orange hues to dominate.",I confirmed that Rayleigh scattering is responsible for the blue sky and that the increased atmosphere at sunset filters out shorter wavelengths.,"The sky is blue due to Rayleigh scattering, which scatters shorter wavelengths more. At sunset, the thicker atmosphere scatters blue light away, leaving red and orange hues."
Convert 123°F to Celsius.,"Using the formula C = (F - 32) × 5/9, I first subtract 32 from 123 to get 91. Then, multiplying by 5/9 gives approximately 50.56.","I checked my calculations: (123 - 32) = 91, then 91 × 5/9 = 50.56°C. This is correct.",123°F is approximately 50.56°C.
Write a short email declining a job offer politely.,"The email should be professional, express gratitude, and clearly decline the offer while maintaining a positive relationship.",I confirmed that my email expresses appreciation and maintains professionalism without unnecessary details.,"Dear [Hiring Manager],

Thank you for offering me the [Job Title] position at [Company Name]. After careful consideration, I have decided to decline the offer at this time. I sincerely appreciate the opportunity and enjoyed learning more about your team.

I hope our paths cross again in the future. Wishing you and your team continued success.

Best regards, 
[Your Name]"
"Find the next number in the sequence: 2, 6, 12, 20, 30, ?","The pattern follows n² + n: (1² + 1 = 2), (2² + 2 = 6), (3² + 3 = 12), (4² + 4 = 20), (5² + 5 = 30). The next term is (6² + 6) = 42.","Verifying my pattern, I confirmed that each number follows n² + n.",The next number in the sequence is 42.
How would you explain the concept of recursion to a beginner?,Recursion is a method where a function calls itself to solve a smaller instance of the same problem until it reaches a base case.,"To make it clearer, I should use an example like calculating factorials: factorial(n) = n × factorial(n-1), with base case factorial(1) = 1.","Recursion is when a function calls itself to break down a problem into smaller parts. For example, factorial(n) = n × factorial(n-1), with factorial(1) = 1 as the base case."
Write a Python function to check if a string is a palindrome.,A palindrome is a word or phrase that reads the same forward and backward. The function should compare the string with its reverse.,"I should ensure my function handles different cases, including spaces and capitalization.","```python
  def is_palindrome(s):
      s = s.lower().replace(' ', '')
      return s == s[::-1]
```"
Why does ice float on water?,"Water expands when it freezes due to hydrogen bonding, making ice less dense than liquid water, so it floats.",I verified that density is the key factor and that water is one of the few substances that expands when frozen.,Ice floats because it is less dense than liquid water due to hydrogen bonding causing expansion when freezing.
What are the main differences between mitosis and meiosis?,"Mitosis results in two identical diploid cells, used for growth and repair. Meiosis results in four genetically unique haploid cells, used in sexual reproduction.","To clarify, mitosis maintains chromosome count, while meiosis halves it, introducing genetic diversity.",Mitosis creates two identical diploid cells for growth and repair. Meiosis creates four genetically unique haploid cells for reproduction.
"Translate 'Hello, how are you?' into Spanish.","The correct translation of 'Hello' is 'Hola', and 'how are you?' translates to '¿Cómo estás?' in informal speech or '¿Cómo está usted?' formally.","I verified that both informal and formal versions exist in Spanish, ensuring correctness.","'Hola, ¿cómo estás?' (informal) or 'Hola, ¿cómo está usted?' (formal)."
What causes tides in the ocean?,"Tides are caused primarily by the gravitational pull of the moon and, to a lesser extent, the sun. The moon’s gravity pulls on Earth’s oceans, causing bulges that result in high and low tides.","I verified that the moon is the primary driver and the sun contributes as well, forming spring and neap tides depending on alignment.","Tides are mainly caused by the gravitational pull of the moon and, to a lesser extent, the sun."
Who wrote the play 'Romeo and Juliet'?,‘Romeo and Juliet’ is a well-known tragedy written during the Elizabethan era. The author is William Shakespeare.,"I confirmed that Shakespeare is indeed the playwright, and it was one of his early works.",William Shakespeare wrote 'Romeo and Juliet'.
What are the three states of matter?,"The three classical states of matter are solid, liquid, and gas. These are based on molecular arrangement and energy levels.","Although plasma and Bose-Einstein condensate exist, the classical states are solid, liquid, and gas.","The three classical states of matter are solid, liquid, and gas."
What is the boiling point of water at sea level?,"Water boils at 100°C (212°F) at sea level, due to atmospheric pressure being standard at 1 atm.","Boiling point varies with altitude, but at sea level, it’s consistently 100°C.",100°C (212°F) is the boiling point of water at sea level.
Write a short paragraph explaining gravity to a 10-year-old.,"The explanation should be simple and relatable, like using dropping objects or planets.",I made sure the language is age-appropriate and illustrative.,"Gravity is a force that pulls things toward each other. It's what makes apples fall from trees and keeps us on the ground. The Earth’s gravity pulls everything toward it, even you!"
Who painted the Mona Lisa?,"The Mona Lisa is a famous Renaissance painting by Leonardo da Vinci, housed in the Louvre.",Confirmed the artist and location are accurate.,The Mona Lisa was painted by Leonardo da Vinci.
What is photosynthesis?,"Photosynthesis is the process by which plants convert sunlight, carbon dioxide, and water into glucose and oxygen using chlorophyll.",The chemical equation and the role of chlorophyll are central to the explanation.,"Photosynthesis is the process plants use to make food using sunlight, carbon dioxide, and water."
Describe the main function of the human heart.,"The heart pumps blood through the circulatory system, supplying oxygen and nutrients and removing waste.",Ensured that both oxygen delivery and waste removal are covered.,"The heart pumps blood throughout the body, delivering oxygen and nutrients and removing waste."
Explain the concept of supply and demand.,"Supply and demand describe the relationship between the availability of goods and consumer desire, influencing prices.","Clarified that higher demand and lower supply raise prices, and vice versa.",Supply and demand determine price based on availability and consumer interest.
What is the Pythagorean theorem?,"It relates the sides of a right triangle: a² + b² = c², where c is the hypotenuse.",Confirmed that it applies only to right-angled triangles.,The Pythagorean theorem states a² + b² = c² in a right triangle.
How do vaccines work?,Vaccines introduce a harmless version of a pathogen to train the immune system to recognize and fight the real one.,Clarified that this builds immunity by creating memory cells.,"Vaccines train your immune system by exposing it to a harmless version of a pathogen, helping prevent illness."
What is the purpose of the United Nations?,"The UN promotes global peace, cooperation, and development, and addresses international issues like health, environment, and human rights.",Ensured a broad but accurate summary of UN roles.,"The UN works to maintain global peace, promote cooperation, and address humanitarian and development challenges."
Name the three primary colors of light.,"In additive color theory, the primary colors are red, green, and blue.","Confirmed that this applies to light (RGB), not pigments (RYB).","Red, green, and blue are the primary colors of light."
What is an ecosystem?,An ecosystem is a community of living organisms and their physical environment interacting together.,Clarified that it includes both biotic and abiotic components.,An ecosystem is a system where living organisms interact with each other and their environment.
What is the chemical symbol for gold?,"Gold’s symbol is Au, from the Latin word 'Aurum'.",Confirmed that Au is the correct symbol and its Latin origin.,The chemical symbol for gold is Au.
Who developed the theory of relativity?,Albert Einstein proposed both special and general relativity.,Confirmed that Einstein introduced both theories.,Albert Einstein developed the theory of relativity.
What does DNA stand for?,"DNA stands for Deoxyribonucleic Acid, the molecule that carries genetic information.",Confirmed spelling and purpose of DNA.,DNA stands for Deoxyribonucleic Acid.
What is the difference between weather and climate?,Weather refers to short-term atmospheric conditions; climate is the average weather over long periods.,Clarified time scale difference clearly.,Weather is short-term; climate is the long-term average of weather.
Explain the water cycle.,"The water cycle includes evaporation, condensation, precipitation, and collection. Water moves through these stages continuously.",Made sure to include all four basic steps.,"The water cycle includes evaporation, condensation, precipitation, and collection, moving water through the environment."
What is the largest desert in the world?,"I recall that the Sahara is commonly mentioned as a large desert, but when thinking about desert definitions (hot vs. cold), I remember that Antarctica qualifies as a desert due to its minimal precipitation. Thus, I need to specify both points.","While the Sahara is the largest hot desert, the technical definition of a desert is based on low precipitation, making Antarctica (a cold desert) the largest given its area.","Antarctica is the largest desert by area (a cold desert), while the Sahara is the largest hot desert."
Who was the leader of Germany during World War II?,"The history of World War II clearly identifies Adolf Hitler as the leader of Nazi Germany. I want to make sure to include his official roles delivered during the period, which primarily were Chancellor and Führer.","Adding the official titles gives a clearer picture of his power, so mentioning both roles is appropriate.","Adolf Hitler was the leader of Germany during World War II, serving as Chancellor and later as Führer."
What is the formula for Newton's second law of motion?,"Newton’s second law is one of the fundamental principles in physics. The standard formula is F = ma where F represents force, m represents mass, and a represents acceleration.","It’s helpful to also keep in mind the SI units: newtons for force, kilograms for mass, and meters per second squared for acceleration. However, the formula is universally represented as F = ma.","Newton's second law of motion is expressed as F = ma, where F is the force, m is the mass, and a is the acceleration."
What is the law of demand in economics?,"The law of demand is a basic economic principle stating that, ceteris paribus, an increase in the price of a good tends to reduce the quantity demanded. I need to be careful to acknowledge that there are exceptions.","It is important to mention exceptions such as Giffen goods, though they are rare, so this adds nuance and accuracy.","The law of demand states that as the price of a good or service increases, the quantity demanded decreases, ceteris paribus, with some exceptions such as Giffen goods."
What is the process of photosynthesis in plants?,"Photosynthesis is the process that converts light energy into chemical energy. I want to detail the roles of chlorophyll, carbon dioxide, and water in creating glucose and oxygen.",Including the chemical equation can be helpful but might overwhelm some users. The detailed steps give clarity without relying solely on the equation.,"Photosynthesis is the process by which plants convert light energy into chemical energy, using chlorophyll to absorb light, while carbon dioxide and water are transformed into glucose and oxygen."
Explain the significance of the Rosetta Stone.,The Rosetta Stone is a granodiorite stele discovered in 1799 that provided the key to deciphering Egyptian hieroglyphs. Detailing its historical context and linguistic value is important.,I should mention that its multilingual inscriptions were crucial for understanding not just hieroglyphs but also the cultural context of ancient Egypt.,"The Rosetta Stone is significant because its inscriptions in three scripts allowed scholars to decipher Egyptian hieroglyphs, greatly enhancing our understanding of ancient Egyptian language and culture."
How do vaccines work to protect against diseases?,"Vaccines stimulate the immune system by introducing an antigen that mimics a pathogen, prompting the body to produce antibodies without causing the disease. It is important to distinguish between different types of vaccines.",I must ensure that the explanation is clear and includes both the immune system’s response and the idea of creating immunological memory.,"Vaccines work by introducing an antigen that resembles a pathogen, which stimulates the immune system to produce antibodies and create immunological memory, enabling the body to fight off future infections more effectively."
What factors contributed to the fall of the Roman Empire?,"The fall of the Roman Empire was caused by multiple factors including economic troubles, military overstretch, internal strife, and invasions by barbarian tribes. It is important to cover both internal and external issues.",Including a balanced view that recognizes both the internal weaknesses and external pressures provides a comprehensive answer.,"The fall of the Roman Empire was the result of a combination of factors: economic and administrative troubles, military overstretch and internal corruption, and the pressure of invasions by various barbarian tribes."
What is the importance of the discovery of penicillin?,"Penicillin, discovered by Alexander Fleming, marked a breakthrough in medical science as the first widely used antibiotic. Detailing its impact on treating bacterial infections and saving millions of lives is essential.","I need to highlight not only the discovery itself but also the subsequent developments that turned it into a practical, widespread treatment.","The discovery of penicillin revolutionized medicine by introducing the first widely used antibiotic, which has since saved millions of lives by effectively treating bacterial infections and inspiring the development of other antibiotics."
How do renewable energy sources help in reducing climate change?,"Renewable energy sources such as solar, wind, and hydroelectric power emit little to no greenhouse gases compared to fossil fuels. I need to explain both the environmental and economic implications.",It is important to not only mention the reduction in emissions but also the positive impact on sustainable development and long-term energy security.,"Renewable energy sources reduce climate change by producing little to no greenhouse gas emissions, thereby decreasing the overall carbon footprint. They also promote sustainable development and help secure long-term energy resources."
What is the largest desert in the world?,"The largest desert in the world is the Sahara Desert. However, I need to confirm if it's a cold desert or hot desert. I also need to make sure it's not the polar desert.","I remember that while the Sahara Desert is the largest hot desert, the largest desert by area is actually Antarctica, which is a cold desert.","The largest desert by area is Antarctica (cold desert), but the Sahara is the largest hot desert."
Who was the leader of Germany during World War II?,"The leader of Germany during World War II was Adolf Hitler. I need to ensure that I specify his role, as he was the dictator.",Adolf Hitler served as Chancellor of Germany and later as the Führer. I should include these details for accuracy.,"Adolf Hitler was the leader of Germany during World War II, serving as Chancellor and later as Führer."
What is the formula for Newton's second law of motion?,"Newton's second law is F = ma, where F is force, m is mass, and a is acceleration.","The formula F = ma is correct, but I should verify that force is measured in newtons, mass in kilograms, and acceleration in meters per second squared.","The formula for Newton's second law of motion is F = ma, where F is force (newtons), m is mass (kg), and a is acceleration (m/s²)."
What is the law of demand in economics?,"The law of demand states that, all else being equal, as the price of a good or service increases, the quantity demanded decreases.","I should clarify that this holds true under typical market conditions and that exceptions exist, like in the case of Giffen goods.","The law of demand states that as the price of a good or service increases, the quantity demanded decreases, all else being equal. Exceptions include Giffen goods."
How do you boil an egg perfectly?,"Boiling an egg depends on the desired consistency. Soft-boiled takes 6 minutes, medium about 8, and hard-boiled 10–12. Starting in boiling water and timing precisely helps.","I should clarify whether the eggs are added to boiling water or cold water and then brought to a boil, as this affects timing.","Place eggs in boiling water: 6 mins for soft, 8 for medium, 10–12 for hard-boiled. Adjust based on size and altitude."
Who wrote '1984'?,1984 is a dystopian novel known for its themes of surveillance and authoritarianism. It was written by George Orwell.,Ensure there's no confusion with Orwell's other works like 'Animal Farm'.,'1984' was written by George Orwell.
What is the purpose of a firewall in computer networks?,A firewall monitors and filters incoming and outgoing network traffic based on security rules. It protects systems from unauthorized access.,"Clarify that firewalls can be hardware or software-based, and describe packet filtering or application-level filtering.",A firewall is a security system (hardware/software) that filters traffic and prevents unauthorized access to or from a network.
Explain how seasons occur on Earth.,Seasons occur due to Earth's tilt (23.5 degrees) and its orbit around the Sun. Different hemispheres receive varying sunlight over the year.,"Ensure I differentiate between Earth's orbit shape and tilt — it's the tilt that causes seasons, not distance.","Seasons are caused by Earth's axial tilt and orbit, which change how much sunlight each hemisphere gets throughout the year."
What is Pi and why is it important?,"Pi (π ≈ 3.14159) is the ratio of a circle's circumference to its diameter. It’s crucial in geometry, trigonometry, and engineering.",I should note that Pi is an irrational number and used in all circular and wave-related computations.,"Pi (π) is the ratio of a circle's circumference to its diameter, used in geometry, trigonometry, and physics."
How do plants grow towards light?,"This is due to phototropism — growth towards light, regulated by plant hormones like auxin.","I should confirm the mechanism — auxin accumulates on the darker side, causing elongation and bending toward light.","Plants grow toward light through phototropism, where hormones like auxin cause cells on the shaded side to elongate."
How do you back up a smartphone?,You can back up using cloud storage (iCloud/Google Drive) or via computer using iTunes or Android File Transfer.,"Clarify platform-specific steps — iPhones use iCloud/iTunes, Android uses Google Drive or third-party tools.","Backup methods include cloud (iCloud/Google Drive) or computer-based (iTunes, Android File Transfer)."
Why do we yawn?,"Yawning is believed to regulate brain temperature and oxygen levels, though its exact purpose is still debated.","Include that yawning might also be a social signal, not just physiological.","Yawning may regulate brain temperature, oxygen levels, and also serve as a social signal."
What is a black hole?,A black hole is a region in space where gravity is so strong not even light can escape. It forms from collapsed massive stars.,Ensure clarity about event horizon and singularity. Include general relativity context.,"A black hole is a region with extreme gravity where not even light escapes, formed from collapsed stars."
What is a hypothesis?,"A hypothesis is a testable prediction or explanation based on limited evidence, used in the scientific method.","Differentiate from a theory — hypotheses are tentative and testable, theories are well-supported.","A hypothesis is a testable, preliminary explanation or prediction used in scientific research."
What causes rainbows?,"Rainbows form from refraction, dispersion, and reflection of sunlight in water droplets.","Ensure all three processes (refraction, reflection, dispersion) are clearly stated.","Rainbows form when sunlight is refracted, dispersed, and reflected inside raindrops."
Explain the greenhouse effect.,"The greenhouse effect traps heat in Earth’s atmosphere via gases like CO2 and methane, keeping Earth warm.",Clarify natural vs enhanced greenhouse effect due to human emissions.,The greenhouse effect is heat trapping by gases like CO2; excess emissions intensify global warming.
What is the capital of Australia?,"Though Sydney and Melbourne are large cities, Canberra is the capital.",Confirm common misconception — Canberra was chosen as a compromise.,The capital of Australia is Canberra.
How does an airplane fly?,"Airplanes fly due to lift generated by wings, based on Bernoulli’s principle and air pressure differences.","Include thrust and drag as other forces, not just lift.","Planes fly through lift (Bernoulli effect), thrust, and overcoming drag and gravity."
What is the difference between mass and weight?,Mass is the amount of matter; weight is the force of gravity acting on that mass.,"Clarify mass is constant, weight varies with gravity.",Mass is constant; weight depends on gravity (Weight = Mass × Gravity).
What is an algorithm?,An algorithm is a step-by-step procedure to solve a problem or perform a task.,"Include that it must be finite, precise, and effective.","An algorithm is a precise, finite set of steps for solving problems."
Why is the sky blue?,Due to Rayleigh scattering — shorter blue wavelengths scatter more in the atmosphere.,Ensure I include sunlight’s spectrum and atmospheric scattering.,The sky appears blue due to Rayleigh scattering of sunlight by atmospheric particles.
What is a virus?,A virus is a non-living infectious agent that requires a host cell to replicate.,Clarify it’s acellular and differs from bacteria.,A virus is an acellular infectious agent that replicates only in host cells.
Explain the concept of gravity.,"Gravity is the force of attraction between masses, explained by Newton and further by Einstein’s relativity.",Include both Newtonian and Einsteinian views for depth.,Gravity is the attractive force between masses; Einstein described it as spacetime curvature.
What is the function of red blood cells?,Red blood cells transport oxygen using hemoglobin and remove CO2 from tissues.,Ensure transport role of hemoglobin is emphasized.,Red blood cells carry oxygen via hemoglobin and remove carbon dioxide from tissues.
How do magnets work?,"Magnets work via aligned electron spins, creating magnetic fields. Opposite poles attract, like poles repel.",Add atomic-level spin alignment and magnetic domains.,"Magnets create fields from aligned electron spins; opposite poles attract, like poles repel."
What is the primary function of the liver in the human body?,"The liver is a vital organ involved in metabolism, detoxification, and the production of bile to aid digestion.",I should emphasize the role of the liver in filtering blood and storing essential nutrients as well.,"The liver filters blood, metabolizes nutrients, detoxifies substances, and produces bile for digestion."
What causes tides in the ocean?,Tides are caused by the gravitational pull of the moon and the sun on Earth’s oceans. The moon’s gravity has a stronger effect due to its proximity.,I should clarify that Earth's rotation and the relative positions of the moon and sun influence tidal patterns.,"Tides are caused by the gravitational pull of the moon and sun, along with Earth’s rotation and alignment."
What is the difference between renewable and non-renewable energy sources?,"Renewable energy sources are naturally replenished, such as solar and wind, while non-renewable sources like coal and oil are finite.",I should highlight that non-renewable sources take millions of years to form and contribute more to pollution.,"Renewable energy sources are naturally replenished (e.g., solar, wind), while non-renewable sources (e.g., coal, oil) are finite and polluting."
How does photosynthesis work?,Photosynthesis is the process by which green plants use sunlight to convert carbon dioxide and water into glucose and oxygen.,I should include the role of chlorophyll and that it occurs in chloroplasts.,"Photosynthesis uses sunlight, CO₂, and water to produce glucose and oxygen, facilitated by chlorophyll in chloroplasts."
What is a democracy?,"Democracy is a system of government where power is vested in the people, either directly or through elected representatives.",I should mention the principles of majority rule and protection of individual rights.,"Democracy is a government system where people hold power directly or via elected officials, with majority rule and individual rights protection."
Why do leaves change color in autumn?,"As daylight decreases, chlorophyll breaks down, revealing other pigments like carotenoids and anthocyanins.",I should clarify that it's a result of preparation for winter dormancy in trees.,"Leaves change color in autumn as chlorophyll degrades, revealing other pigments during tree preparation for winter."
What is inflation in economics?,"Inflation refers to the general increase in prices of goods and services, reducing purchasing power over time.","Include causes like demand-pull, cost-push, and monetary inflation for completeness.","Inflation is the rise in general price levels, often caused by increased demand, rising costs, or excessive money supply."
What does DNA stand for and what is its role?,"DNA stands for Deoxyribonucleic Acid, and it carries genetic instructions for growth, development, and functioning.",I should mention that DNA is structured in a double helix and consists of nucleotides.,DNA (Deoxyribonucleic Acid) is the molecule that stores genetic instructions in a double-helix structure composed of nucleotides.
What is the difference between weather and climate?,Weather is the short-term atmospheric condition; climate is the long-term average of weather patterns over decades.,"Clarify that weather changes daily, while climate represents broader trends.","Weather is short-term atmospheric conditions, while climate is the long-term pattern of weather over decades."
How does a refrigerator keep food cold?,A refrigerator uses a coolant cycle involving compression and expansion of refrigerant to absorb heat from inside and release it outside.,Clarify the role of evaporator and condenser coils in heat transfer.,"Refrigerators use a refrigeration cycle where refrigerant absorbs internal heat and releases it via coils, keeping food cold."
What is the significance of the Magna Carta?,"The Magna Carta, signed in 1215, limited the king’s power and laid the foundation for constitutional law.",I should emphasize its role in establishing legal principles like due process.,The Magna Carta was a 1215 document that limited monarchy power and introduced key legal concepts like due process and rule of law.
What is machine learning?,Machine learning is a branch of AI where systems learn patterns from data to make predictions or decisions without being explicitly programmed.,"I should mention types like supervised, unsupervised, and reinforcement learning.","Machine learning is an AI technique where models learn from data, including supervised, unsupervised, and reinforcement learning methods."
How is a rainbow formed?,"Rainbows are caused by refraction, reflection, and dispersion of light in water droplets.","Ensure all steps — light enters the droplet, bends, reflects, and exits split into spectrum — are included.","Rainbows form when light is refracted, internally reflected, and dispersed in raindrops, forming a color spectrum."
What is a budget?,A budget is a financial plan that estimates income and expenses over a specific period.,Include its importance in personal finance and business operations.,A budget is a financial plan that tracks income and expenses to manage resources effectively.
What is the water cycle?,"The water cycle involves evaporation, condensation, precipitation, and collection of water across Earth’s systems.",Mention infiltration and transpiration for completeness.,"The water cycle includes evaporation, condensation, precipitation, collection, infiltration, and transpiration processes."
How does a car engine work?,"A car engine works on internal combustion — air-fuel mixture is ignited, pushing pistons and turning the crankshaft.","Specify four-stroke cycle: intake, compression, power, exhaust.","A car engine uses internal combustion in a four-stroke cycle (intake, compression, power, exhaust) to generate motion."
What is the scientific method?,"The scientific method is a systematic process involving observation, hypothesis, experimentation, and conclusion.",Include that repeatability and peer review are essential parts.,"The scientific method is a structured approach: observation, hypothesis, experiment, analysis, conclusion, and repetition."
What is the primary source of energy on Earth?,"The Sun provides most energy through light and heat, supporting photosynthesis and weather systems.",Include that even fossil fuels are stored solar energy.,"The Sun is Earth’s primary energy source, driving life, weather, and stored in fossil fuels."
How does a bill become law?,"A bill is introduced, debated, approved by legislative bodies, and signed by the executive.",Mention the possibility of veto and amendments.,"A bill becomes law after passing both legislative houses and being signed by the executive, with possible amendments or vetoes."
What are the three states of matter?,"The basic states are solid, liquid, and gas, each with different particle arrangements and energy levels.",Mention plasma as a fourth state in advanced contexts.,"Matter exists in solid, liquid, and gas states; plasma is a fourth high-energy state."
What is an atom?,"An atom is the smallest unit of an element, consisting of protons, neutrons, and electrons.",Clarify structure — nucleus (protons + neutrons) and orbiting electrons.,"An atom is the smallest matter unit, made of protons and neutrons in the nucleus and electrons in orbitals."
What is the difference between a virus and a bacterium?,Viruses are non-living and need hosts; bacteria are living single-celled organisms capable of reproduction.,Include structural differences and treatment (antibiotics vs antivirals).,"Viruses need hosts to reproduce; bacteria are living cells. Antibiotics treat bacteria, not viruses."
What is probability?,"Probability measures the likelihood of an event occurring, between 0 and 1.","Clarify that probabilities can be expressed as fractions, percentages, or decimals.","Probability is the numerical measure of event likelihood, expressed as 0–1, percent, or fraction."
What is an ecosystem?,An ecosystem includes all living organisms and their interactions with the environment.,Mention both biotic and abiotic components.,An ecosystem is a community of living organisms interacting with each other and their non-living environment.
What is a metaphor?,A metaphor is a figure of speech comparing two unrelated things to suggest similarity.,Differentiate from simile which uses ‘like’ or ‘as’.,A metaphor is a figure of speech comparing unlike things without using 'like' or 'as'.
Plan a week's worth of meals for a vegetarian diet that includes a variety of nutrients.,"I need to ensure a balanced diet with proteins, vitamins, minerals, and fiber while avoiding animal products. I'll consider options like beans, legumes, vegetables, and whole grains.","I should review the nutrient requirements to ensure a mix of protein, iron, calcium, and other essential nutrients.","A week's meal plan could include quinoa and chickpea salad, tofu stir-fry, lentil stew, vegetable curry with rice, and a variety of fruits and nuts for snacks."
How does a computer’s CPU perform basic arithmetic operations?,"The CPU performs arithmetic operations through the Arithmetic Logic Unit (ALU), which processes binary numbers using circuits designed for addition, subtraction, multiplication, and division.",I should mention how the ALU uses binary code to operate and how operations are broken down into smaller parts.,The CPU’s Arithmetic Logic Unit (ALU) performs arithmetic operations by processing binary numbers through logic gates and circuits.
Write an email requesting a vacation leave from your manager.,"I need to follow professional tone, state the dates, and give a brief reason for the leave. I should also offer to ensure a smooth transition during my absence.",Make sure to include gratitude and a request for confirmation or any necessary adjustments.,"Subject: Vacation Leave Request. Dear [Manager's Name], I would like to request vacation leave from [Start Date] to [End Date]. Please let me know if this works, and if you need any further information. Thank you for considering my request. Best, [Your Name]"
What is the difference between a primary key and a foreign key in databases?,"A primary key uniquely identifies a record in a table, while a foreign key creates a relationship between two tables by linking to the primary key of another table.",I should mention that a primary key cannot be null and that foreign keys maintain referential integrity.,"A primary key uniquely identifies a record within a table, while a foreign key links a table to another by referencing its primary key, ensuring referential integrity."
Design a user-friendly website layout for a bakery's online store.,"I need to ensure that the design is clean, with clear sections for products, pricing, and an easy checkout process. I will focus on visual appeal, clear calls to action, and mobile responsiveness.",I should ensure that the layout is not too cluttered and that users can easily find what they need without feeling overwhelmed.,"The layout will have a large header with the bakery’s name, product categories in the navigation bar, clear product images, an intuitive shopping cart, and easy-to-find contact information and hours."
How do you calculate the area of a triangle?,The formula for the area of a triangle is 1/2 × base × height. I need to make sure I use the correct base and height measurements.,I should check if the base and height are perpendicular to each other before applying the formula.,The area of a triangle is calculated by multiplying the base by the height and dividing by 2.
Create a recipe for a healthy smoothie using fruits and vegetables.,"The smoothie should balance vitamins, fiber, and protein. I'll choose fruits like berries for antioxidants, spinach for vitamins, and almond milk for protein.",Ensure that the recipe includes a variety of colors for a range of nutrients and a good texture.,"Blend 1 cup of spinach, 1/2 cup of mixed berries, 1 banana, 1 tablespoon of chia seeds, and 1 cup of almond milk. Optionally, add ice for a colder, thicker smoothie."
Explain the process of photosynthesis in a plant.,"Photosynthesis is the process by which plants convert light energy into chemical energy. They use sunlight, carbon dioxide, and water to produce glucose and oxygen.",I should mention that photosynthesis occurs in chloroplasts and that sunlight is captured by chlorophyll.,"Photosynthesis occurs in the chloroplasts of plant cells, where sunlight, water, and CO₂ are used to produce glucose and oxygen."
Write a short story about a robot learning to understand human emotions.,"The robot should initially be programmed to follow basic logic, but through exposure to human interactions, it learns to empathize and understand complex emotional cues.",I need to focus on how the robot’s perspective evolves from logic to emotional intelligence.,"Once a strictly logical machine, the robot began to understand human emotions when it observed tears during a sad movie. Over time, it learned to offer comfort and even laughter at the right moments, realizing that emotions are just as important as facts."
What are the main principles of democracy?,"Democracy is based on principles such as free and fair elections, majority rule, protection of minority rights, and the rule of law.",I should include the balance between individual freedom and collective decision-making in a democracy.,"Democracy is based on principles like free elections, majority rule, protection of minority rights, and ensuring the rule of law."
Create a marketing plan for a new fitness app.,"The plan should focus on targeting fitness enthusiasts, highlighting the app’s features, and using social media for promotion. It should include goals for user acquisition, engagement, and retention.","I should ensure that the marketing plan includes both online and offline strategies, like influencer partnerships and local fitness events.","The marketing plan will focus on targeted social media ads, partnerships with fitness influencers, an app launch event, referral discounts, and regular fitness challenges within the app to encourage user retention."
How do you calculate the speed of an object?,Speed is calculated by dividing the distance traveled by the time it took to travel that distance.,"I should check that the units are consistent, e.g., meters and seconds, to get speed in meters per second.",Speed is calculated by dividing distance by time: Speed = Distance ÷ Time.
What are the effects of climate change on biodiversity?,"Climate change leads to altered habitats, changing temperatures, and shifting weather patterns, all of which can disrupt ecosystems and threaten species.",I should include examples of endangered species and shifting migration patterns.,"Climate change disrupts ecosystems, threatening biodiversity by altering habitats, causing species extinction, and affecting migration patterns."
Create a budget for a month’s groceries for a family of four.,"I need to plan for breakfast, lunch, dinner, and snacks. I'll aim for a mix of fresh vegetables, protein sources, grains, and dairy, keeping in mind dietary restrictions.",I should ensure there’s variety and that the budget accounts for different price ranges for the different food groups.,"The grocery budget for the month includes $200 for fresh vegetables, $150 for proteins (chicken, beans, tofu), $100 for grains, $50 for dairy, and $50 for snacks, totaling $500."
Explain the significance of the Eiffel Tower in Paris.,The Eiffel Tower is one of the most recognizable landmarks in the world. It symbolizes France’s culture and history and was originally built as an exhibition piece for the 1889 World’s Fair.,I should include how it was initially criticized but later became an iconic symbol of Paris.,"The Eiffel Tower, built for the 1889 World’s Fair, is a symbol of French culture and engineering and has become one of the most iconic landmarks in the world."
Write a cover letter for a job application as a software developer.,"The cover letter should highlight relevant skills, past experiences, and why the applicant is a good fit for the company. It should be tailored to the specific role.","I should keep it concise, professional, and show enthusiasm for the opportunity.","Dear [Hiring Manager], I am writing to apply for the Software Developer position at [Company]. With 5 years of experience in web development and proficiency in JavaScript and Python, I am confident in my ability to contribute to your team. I look forward to the opportunity to discuss how my skills align with your needs. Sincerely, [Your Name]"
Plan a small marketing campaign for a local coffee shop opening.,"I need to focus on drawing in customers with introductory offers, local advertising, and social media promotions. I will consider the shop's target audience and the best times to launch the campaign.",I should ensure the campaign leverages local influencers and offers something unique to stand out from nearby competitors.,"The marketing campaign will include a 10% discount on the first purchase, targeted Facebook ads, collaboration with local influencers, and hosting an opening event with free samples."
What is the process of natural selection?,"Natural selection involves organisms with favorable traits surviving and reproducing, passing on those traits to the next generation. It depends on environmental pressures and genetic variation.",I should mention that natural selection works over generations and results in the adaptation of species to their environment.,"Natural selection is the process by which organisms with advantageous traits survive and reproduce, passing on those traits to future generations, leading to the adaptation of species."
Design a workout routine for someone training for a 5K race.,"The routine should include a mix of running, strength training, and flexibility exercises. I'll focus on gradually increasing the running distance while incorporating strength training to prevent injury.",I need to ensure that the program includes proper warm-ups and cool-downs to avoid injury and includes a variety of exercises to keep the runner engaged.,"The workout routine will include 3 runs per week (increasing distance weekly), 2 strength training sessions (focusing on legs and core), and 1 flexibility session. Each run will include a warm-up and cool-down."
What is the significance of the water cycle in Earth’s ecosystem?,"The water cycle helps maintain the balance of water on Earth by recycling water through evaporation, condensation, and precipitation. This supports plant life, animals, and the climate system.",I should mention how the water cycle affects ecosystems and sustains life by replenishing freshwater sources.,"The water cycle is crucial for sustaining ecosystems by recycling water through evaporation, condensation, and precipitation, ensuring the availability of freshwater for plants, animals, and humans."
Draft a business plan for a food delivery service startup.,"The business plan needs to address the target market, competitive analysis, revenue model, and marketing strategies. I'll also need to plan for logistics, including partnerships with local restaurants.","I should ensure that the plan considers customer acquisition strategies, delivery time efficiency, and potential operational challenges.","The business plan will include a target market of busy professionals and students, a commission-based revenue model, partnerships with local restaurants, and marketing strategies like discounts for first-time users and referral programs."
What is the difference between a virus and a bacteria?,"Viruses are non-living entities that require a host cell to reproduce, while bacteria are living organisms that can reproduce independently. Bacteria can be treated with antibiotics, whereas viruses need antiviral treatments.","I should clarify that viruses can cause diseases like the flu, while bacteria cause infections like strep throat.","Viruses are non-living and require a host cell to reproduce, whereas bacteria are living organisms capable of independent reproduction. Bacterial infections can be treated with antibiotics, while viral infections require antiviral treatments."
Describe how a GPS navigation system works.,GPS uses a network of satellites that transmit signals to a GPS receiver. The receiver calculates the time delay of the signals to determine the distance from multiple satellites and triangulates the position.,I should include the role of satellite synchronization and how the system accounts for errors like atmospheric interference.,A GPS system uses signals from satellites to determine the receiver's location by calculating the time delay of the signals from multiple satellites and triangulating the position. Errors such as atmospheric interference are accounted for by corrections from ground stations.
How do you calculate the volume of a cylinder?,"The formula for the volume of a cylinder is V = πr²h, where r is the radius of the base and h is the height of the cylinder.",I should mention that the radius must be squared and multiplied by both π and the height to get the correct volume.,"The volume of a cylinder is calculated by the formula V = πr²h, where r is the radius of the base and h is the height."
Write a social media post for promoting a new fitness app.,"The post should highlight the app’s features, emphasize its benefits, and include a call to action. I will also focus on creating engaging language and an attractive image to grab attention.",I should ensure the tone is motivating and reflects the app’s value to users who are interested in improving their fitness journey.,"Ready to crush your fitness goals? 💪 Try [App Name] for personalized workout plans, real-time tracking, and a supportive community. Download today and take the first step towards a healthier you! #FitnessGoals #HealthApp"
"What is machine learning, and how is it different from traditional programming?","Machine learning involves training models on data to make predictions or decisions, whereas traditional programming relies on explicit instructions from a programmer. ML models improve as they process more data.",I should mention how machine learning requires large datasets to work effectively and how traditional programming is more rule-based.,"Machine learning involves training algorithms on data to make predictions or decisions, improving as more data is processed, while traditional programming follows explicit rules and instructions written by a programmer."
Create a proposal for a sustainable urban gardening project.,"The proposal should include a focus on reducing food waste, promoting local produce, and using eco-friendly materials. It will need a plan for community involvement and access to resources.","I should ensure that the project considers sustainability, accessibility, and benefits to the local community while promoting awareness of eco-friendly practices.","The urban gardening project will use recycled materials for planters, offer free workshops for community members, and focus on growing vegetables and herbs that can be shared among local residents. The project will promote sustainability and reduce food waste."
Explain how cloud computing works.,"Cloud computing delivers computing resources like storage, databases, and software over the internet. Users access these services remotely, eliminating the need for local hardware or infrastructure.","I should mention different types of cloud computing (public, private, hybrid) and examples of how it's used in businesses.","Cloud computing provides remote access to computing resources such as storage and software over the internet. It eliminates the need for local infrastructure and can be used for personal or business needs, with public, private, and hybrid models."
"What is the Pythagorean theorem, and how is it used?","The Pythagorean theorem states that in a right triangle, the square of the hypotenuse equals the sum of the squares of the other two sides: a² + b² = c².",I should mention that this theorem only applies to right-angled triangles and is commonly used in geometry and trigonometry.,"The Pythagorean theorem states that in a right-angled triangle, the sum of the squares of the two legs equals the square of the hypotenuse: a² + b² = c²."
How do vaccines work to protect against diseases?,"Vaccines stimulate the immune system by introducing a small, harmless part of a pathogen. This prepares the immune system to recognize and fight off the pathogen if encountered later.",I should mention how vaccines lead to immunity by promoting the production of antibodies and memory cells.,"Vaccines work by introducing a small, harmless part of a pathogen to stimulate the immune system, which then produces antibodies and memory cells to protect the body from future infections."
Describe how the human digestive system processes food.,"Food is broken down in the digestive system starting from the mouth, where enzymes in saliva begin digestion. It continues in the stomach, where acids and enzymes break down food further, and then in the small intestine, where nutrients are absorbed.","I should mention the role of different organs like the liver and pancreas in digestion, and the importance of enzymes in breaking down food.","The digestive system starts with the mouth, where food is chewed and mixed with saliva. It then moves to the stomach, where gastric juices break down food. In the small intestine, nutrients are absorbed, with the liver and pancreas playing a key role in digestion."
Write a resume summary for a project manager in the tech industry.,"The summary should focus on leadership, problem-solving skills, and technical experience in managing software or hardware projects. It needs to highlight key achievements and expertise in the field.","I should ensure the summary is concise, action-oriented, and emphasizes results, such as successful project deliveries or team management.","Experienced project manager with over 7 years in the tech industry, leading cross-functional teams to deliver complex software and hardware projects on time and within budget. Skilled in Agile methodologies, risk management, and client relations."
How does a car engine work?,"An internal combustion engine works by igniting a mixture of fuel and air in the cylinders, causing explosions that move pistons. The pistons’ movement turns the crankshaft, which powers the vehicle.","I should explain the stages of the engine cycle (intake, compression, power, exhaust) to give a complete picture of the process.","A car engine works by igniting a mixture of fuel and air in cylinders, causing explosions that move pistons. This movement turns the crankshaft, which powers the car. The engine cycle includes intake, compression, power, and exhaust phases."
Write a short poem about the changing seasons.,"The poem should reflect the transitions between seasons, using descriptive language to evoke imagery of nature. It should be both evocative and concise.",I should capture the contrasts between the seasons and convey a sense of change and renewal in the poem.,"Leaves fall in the breeze, a crisp chill in the air,  
        Winter’s white blanket, soft and fair.  
        Spring blooms with colors, bright and bold,  
        Summer brings warmth, a sight to behold."
Propose a strategy for transitioning a legacy on-premise software system to a cloud-based infrastructure.,"The strategy must address data migration, application refactoring, downtime management, and security concerns. I'll need to evaluate the current infrastructure, select an appropriate cloud service, and create a detailed transition plan that minimizes disruptions while ensuring scalability and cost-efficiency.",I should also consider potential challenges like legacy system compatibility and the training required for staff to adapt to the new cloud environment.,"The strategy includes conducting a full assessment of the current system, selecting a hybrid cloud model for gradual migration, ensuring data security during transfer, and refactoring critical applications for cloud-native architecture. I’ll also implement comprehensive staff training and plan for minimal downtime during the transition."
Explain the implications of quantum computing for encryption algorithms.,"Quantum computers could theoretically break many of today’s encryption methods, particularly RSA and ECC, due to their ability to solve certain problems much faster than classical computers. I'll need to examine how quantum algorithms like Shor’s algorithm affect encryption and explore quantum-resistant algorithms.","I should mention that quantum computing could significantly alter data security, but quantum-safe cryptographic methods are already being developed.","Quantum computing has the potential to break classical encryption methods like RSA and ECC, due to algorithms such as Shor’s algorithm. This could have major implications for data security, but quantum-resistant algorithms, like lattice-based cryptography, are being developed to address these challenges."
Design a machine learning model to predict customer churn in a subscription-based business.,"The model will need to use historical customer data, including usage patterns, customer demographics, and engagement metrics. I’ll choose an appropriate algorithm like random forests or logistic regression and split the data into training and testing sets for validation. Feature engineering and data preprocessing will be critical.",I should consider the potential impact of biased data and ensure the model is interpretable and not overfitting. I’ll also need to evaluate the performance using appropriate metrics like AUC-ROC and precision-recall curves.,"I will use a random forest classifier trained on features like customer usage, engagement, and demographics. Data will be preprocessed (handling missing values and normalization) before training, and performance will be evaluated using AUC-ROC and precision-recall curves to ensure robustness and avoid overfitting."
How does Gödel’s incompleteness theorem challenge the foundation of mathematics?,"Gödel’s incompleteness theorem states that in any consistent formal system, there are true statements that cannot be proven within the system. This challenges the idea of complete formalization in mathematics and implies that no system can fully capture all truths.","I should emphasize that Gödel’s theorem highlights limitations in mathematical systems, and it fundamentally challenges the goal of finding a complete and consistent set of axioms for all mathematics.","Gödel’s incompleteness theorem demonstrates that any sufficiently complex formal system cannot be both complete and consistent. It shows that there are truths in mathematics that cannot be proven using the system’s own rules, challenging the idea of a fully complete mathematical system."
Develop a risk management plan for a financial institution dealing with cyber threats.,"The plan must assess the likelihood and impact of cyber threats, identify vulnerabilities, and propose mitigation strategies. I’ll need to consider potential threats like phishing, ransomware, and insider threats, and implement layers of defense such as encryption, network monitoring, and employee training.","I should also evaluate the impact of regulatory compliance requirements, such as GDPR or SOX, and ensure that the risk management plan is aligned with industry standards.","The risk management plan includes identifying potential cyber threats, conducting vulnerability assessments, and implementing defense mechanisms like multi-factor authentication, encryption, and regular staff training. It also ensures compliance with regulatory requirements and includes periodic audits and risk reassessments."
Create a statistical model to forecast stock prices using historical data.,"The model will need to account for trends, seasonality, and potential external factors like economic indicators. I’ll use techniques like time series analysis (ARIMA, exponential smoothing) or machine learning models (e.g., random forests or neural networks). I will also need to consider overfitting and incorporate out-of-sample validation.",I should ensure the model includes checks for stationarity in time series data and evaluate the model’s predictive power using backtesting and performance metrics like mean absolute error or root mean squared error.,"I’ll use an ARIMA model to handle seasonality and trend in the stock price data, validating the model using cross-validation. Performance will be assessed using RMSE, and I will also incorporate external features such as economic indicators for additional prediction accuracy."
Analyze the ethical implications of autonomous weapons in warfare.,"Autonomous weapons could potentially make life-and-death decisions without human intervention. I need to consider issues like accountability, the potential for unintended escalation, and the possibility of malfunctions leading to civilian casualties. I’ll also examine the moral implications of delegating lethal force to machines.","I should include perspectives from international law, such as the Geneva Conventions, and consider how existing regulations might need to evolve to govern the use of autonomous systems in warfare.","Autonomous weapons raise serious ethical concerns, including accountability for actions taken by machines, the risk of unintentional escalation, and potential civilian harm. International laws may need to be updated to address the unique challenges posed by these technologies, including ensuring that autonomous systems comply with the principles of distinction and proportionality under the Geneva Conventions."
What is the impact of blockchain technology on supply chain transparency?,"Blockchain provides a decentralized, immutable ledger that can enhance transparency and traceability in supply chains. I need to explore how blockchain ensures product authenticity, reduces fraud, and streamlines the verification of each step in the supply chain process.","I should mention that blockchain can also improve efficiency by automating certain aspects, but there are challenges, such as scalability and the need for widespread adoption in the industry.","Blockchain technology improves supply chain transparency by providing a decentralized ledger that tracks every step of the process, ensuring authenticity and reducing fraud. While it improves traceability and efficiency, challenges like scalability and industry-wide adoption remain."
How can artificial intelligence improve predictive maintenance in manufacturing?,"AI can analyze sensor data from machines to detect patterns that indicate potential failures before they occur. I'll need to explore techniques like anomaly detection, predictive analytics, and sensor fusion to create a model that alerts operators about imminent failures.",I should ensure that the model is trained on sufficient historical failure data to make accurate predictions and avoid overfitting to noise in the data.,"AI can enhance predictive maintenance by analyzing machine sensor data to detect early signs of failure. Techniques like anomaly detection and machine learning models can predict when maintenance is needed, reducing downtime and optimizing maintenance schedules."
Design a comprehensive climate change mitigation plan for a coastal city.,"The plan will need to address the unique challenges of rising sea levels, extreme weather events, and carbon emissions. I'll need to propose infrastructure changes, renewable energy investments, and community resilience programs. Additionally, the plan should prioritize equity and sustainability.","I should include both short-term and long-term strategies, accounting for the economic and social implications of implementing climate change measures.","The climate change mitigation plan includes raising coastal infrastructure, investing in renewable energy (solar, wind), enhancing flood defenses, and creating community programs focused on disaster preparedness and education. It will also ensure equitable access to resources and prioritize sustainable development."
What is the significance of the Higgs boson in particle physics?,"The Higgs boson is crucial in explaining why some particles have mass, as it interacts with the Higgs field. I need to describe its role in the Standard Model of particle physics and how its discovery at CERN in 2012 validated the theory.",I should explain the Higgs mechanism in a clear way and highlight its impact on the overall understanding of the universe’s fundamental forces.,"The Higgs boson is a fundamental particle that explains why other particles have mass through its interaction with the Higgs field. Its discovery at CERN in 2012 provided strong evidence for the Higgs mechanism, a key component of the Standard Model of particle physics."
How do natural disasters impact global supply chains?,"Natural disasters can disrupt transportation, production, and labor availability, which can affect the flow of goods worldwide. I need to assess the short-term and long-term impacts of such disruptions, and propose risk mitigation strategies like diversifying suppliers and improving infrastructure resilience.","I should mention both direct and indirect consequences, such as disruptions to local economies and the potential for global market instability.","Natural disasters disrupt global supply chains by damaging infrastructure, halting production, and causing labor shortages. Mitigation strategies include diversifying suppliers, improving infrastructure resilience, and implementing contingency plans to reduce the impact on global trade."
Create a plan to optimize an e-commerce website's conversion rate.,"I need to analyze the current user experience and identify potential friction points. Key strategies include improving the checkout process, enhancing product recommendations through algorithms, and testing various landing page designs. I also need to track analytics to measure success.","I should ensure the plan addresses both user-centric and technical aspects, such as mobile responsiveness and load speed, which may impact conversion rates.","The plan will involve simplifying the checkout process, using A/B testing to refine landing pages, improving product recommendations, optimizing for mobile, and addressing any technical issues affecting page load times. Success will be measured via analytics on conversion rates, bounce rates, and average session time."
Explain the concept of quantum entanglement and its potential applications.,"Quantum entanglement refers to a phenomenon where two particles become linked, so the state of one particle affects the state of the other, regardless of distance. This could be used in quantum computing, secure communications, and more.",I need to mention the role of quantum entanglement in quantum computing and clarify the implications for the security of information in the context of quantum cryptography.,"Quantum entanglement occurs when two particles are linked, such that the state of one affects the other instantly, no matter the distance. This phenomenon has potential applications in quantum computing, where it could enable faster processing, and quantum cryptography, offering unbreakable encryption for secure communication."
Draft a risk management plan for launching a new mobile application.,"The plan should identify potential risks such as technical failures, data breaches, or market rejection. I need to create strategies to mitigate these risks, including comprehensive testing, user feedback loops, and compliance with data protection laws.","I should ensure the plan includes both proactive measures and reactive contingency strategies to address potential problems swiftly, such as rollback mechanisms or quick software updates.","The risk management plan includes identifying potential risks (e.g., technical failures, market rejection, data breaches), testing the app extensively, gathering early user feedback, ensuring compliance with privacy regulations (GDPR, CCPA), and developing contingency plans like rollback procedures or quick patches for critical bugs."
How does blockchain technology work and why is it considered secure?,"Blockchain is a decentralized, distributed ledger that records transactions across multiple computers. Each block contains transaction data, and once data is recorded, it cannot be altered, making it immutable. Security is ensured by cryptographic hash functions and consensus protocols.","I should emphasize the role of consensus mechanisms like Proof of Work and Proof of Stake, which ensure the integrity of the system and prevent fraudulent transactions.","Blockchain works by recording transactions in blocks, which are chained together in a decentralized, distributed ledger. Once a transaction is recorded, it cannot be changed, making it immutable. Security is provided through cryptographic hashing, and consensus protocols like Proof of Work or Proof of Stake validate transactions to prevent fraud."
"Design a machine learning model to predict housing prices based on features like location, size, and age.","I need to select relevant features, preprocess the data (e.g., handling missing values, encoding categorical variables), and choose an appropriate model (e.g., linear regression or decision tree). I'll also need to split the data into training and testing sets to evaluate the model’s performance.","I should consider the model's overfitting potential and use techniques like cross-validation to assess performance. Additionally, I may need to scale features like size and location to ensure the model’s accuracy.","The machine learning model will involve preprocessing the dataset by handling missing values, encoding categorical features, and scaling numerical features. A decision tree or linear regression model will be chosen based on performance, with cross-validation used to evaluate its accuracy. The model will predict housing prices using features like location, size, and age."
Discuss the ethical implications of artificial intelligence in healthcare.,"AI in healthcare offers potential benefits such as faster diagnosis, personalized treatments, and better patient care. However, it raises concerns about data privacy, bias in algorithms, and the risk of replacing human judgment in critical decisions.","I need to consider the balance between technological advancements and maintaining human oversight, as well as ensuring transparency in algorithmic decisions to mitigate biases.","AI in healthcare could revolutionize diagnosis and treatment, but it raises ethical concerns such as patient data privacy, algorithmic bias, and potential loss of human oversight in decision-making. Addressing these concerns requires transparent algorithms, ethical frameworks, and regulations that ensure AI is used responsibly in healthcare."
Optimize a supply chain to reduce costs while maintaining product availability.,"Optimizing the supply chain involves analyzing demand patterns, identifying inefficiencies, and automating processes. Strategies include negotiating with suppliers, optimizing inventory levels, and leveraging predictive analytics to forecast demand more accurately.","I should ensure the optimization plan accounts for the balance between cost reduction and maintaining high service levels, as well as mitigating risks like disruptions in the supply chain.","The supply chain optimization will focus on negotiating better supplier contracts, improving demand forecasting through predictive analytics, automating inventory management to reduce overstock or understock, and utilizing just-in-time strategies to minimize warehousing costs, while ensuring that product availability is maintained."
How does the process of photosynthesis work in plants?,"Photosynthesis is the process by which plants convert light energy into chemical energy. It occurs in the chloroplasts of plant cells, where light energy is used to convert carbon dioxide and water into glucose and oxygen.",I should mention the importance of chlorophyll in absorbing light energy and the two stages of photosynthesis: the light-dependent reactions and the Calvin cycle.,"Photosynthesis occurs in plant cells' chloroplasts, where light energy is absorbed by chlorophyll to convert carbon dioxide and water into glucose and oxygen. This process involves two stages: the light-dependent reactions and the Calvin cycle."
Propose a strategy to reduce carbon emissions in urban transportation systems.,"Reducing carbon emissions in transportation can involve transitioning to electric vehicles (EVs), improving public transportation infrastructure, and promoting alternative transport like cycling or walking. Additionally, implementing policies to discourage car use, such as congestion pricing, may help.","I should include long-term strategies like incentivizing the adoption of EVs through subsidies and the expansion of EV charging networks, while also focusing on improving pedestrian and cycling infrastructure for short trips.","The strategy will involve transitioning to electric vehicles, expanding public transportation systems, implementing congestion pricing to reduce car usage, and promoting cycling and walking. Long-term plans include incentivizing EV adoption, investing in charging infrastructure, and improving urban planning to support sustainable transportation."
Analyze the potential impacts of 5G technology on society.,"5G technology promises faster internet speeds, lower latency, and increased connectivity, which could revolutionize sectors like healthcare, autonomous vehicles, and smart cities. However, it also raises concerns about security, privacy, and the digital divide.","I should consider both the positive and negative social, economic, and environmental impacts of widespread 5G deployment, particularly in underserved regions.","5G technology will enable faster communication and more reliable internet, potentially transforming industries like healthcare, transportation, and smart cities. However, it raises concerns about privacy, security, and widening the digital divide, particularly in rural and underserved areas."
Describe the steps involved in building a recommendation system for an online streaming platform.,"A recommendation system requires data on user behavior, such as viewing history, preferences, and ratings. I'll choose between collaborative filtering (recommending based on similar users) and content-based filtering (recommending based on content features). A hybrid model may also be considered.","I need to ensure that the recommendation system is scalable, user-specific, and adaptive to changes in user preferences over time.","The recommendation system will involve collecting user data (e.g., viewing history, preferences), applying collaborative filtering or content-based filtering techniques, and potentially integrating both approaches in a hybrid model. The system will be designed to scale as the user base grows and adapt to changing preferences."
How does a neural network learn from data?,"A neural network learns by adjusting its weights during training through backpropagation, which minimizes the error between predicted and actual outputs. This is done using gradient descent, where the model iteratively adjusts the weights to reduce the loss function.",I should clarify the role of the activation function in introducing non-linearity and the importance of proper data normalization to improve training efficiency.,"A neural network learns by adjusting weights through backpropagation to minimize the error between predicted and actual outputs. Using gradient descent, the network iteratively updates its weights. The activation function introduces non-linearity, and proper data normalization speeds up training."
"What is the theory of relativity, and how does it impact our understanding of time and space?","Einstein's theory of relativity consists of special and general relativity. Special relativity introduces the idea that time and space are relative and can vary depending on the observer’s speed. General relativity expands this to include gravity, describing it as the curvature of spacetime caused by mass.","I should mention how relativity challenges our classical understanding of time and space and leads to practical applications like GPS satellites, which account for time dilation effects.","The theory of relativity, developed by Einstein, consists of special and general relativity. Special relativity shows that time and space are relative, varying based on an observer's speed, while general relativity explains gravity as the curvature of spacetime. This has practical effects, like in GPS technology, where time dilation is accounted for."
"How does gene editing work, and what are its ethical implications?","Gene editing, particularly through CRISPR, allows precise changes to DNA sequences, offering potential for treating genetic disorders. However, this raises ethical concerns about potential misuse, such as editing embryos or creating designer babies.",I should address the potential for unintended genetic consequences and the importance of regulation in gene editing to ensure responsible use.,"Gene editing, using tools like CRISPR, allows precise modifications to DNA, offering the potential to cure genetic disorders. However, ethical concerns arise regarding the misuse of the technology, including editing embryos or creating designer babies. Strict regulation is needed to ensure its responsible use."
Develop a business plan for launching a new online grocery delivery service.,"The plan should include a market analysis, identification of the target customer base, operational strategy, and competitive analysis. I'll need to address pricing, logistics, and partnerships with suppliers. Additionally, customer retention strategies such as loyalty programs and personalized experiences should be considered.","I should also explore the technology infrastructure needed to support the service, including user-friendly apps, payment systems, and tracking solutions, to ensure smooth customer experiences.","The business plan will focus on conducting a market analysis, identifying target customers (e.g., urban professionals), setting competitive pricing, building strong partnerships with local grocery stores, and incorporating user-friendly mobile apps. It will also include strategies for customer retention like personalized offers and loyalty programs."
How can a company assess its environmental impact and reduce carbon emissions?,"The company can assess its environmental impact through carbon footprint analysis, considering energy consumption, supply chain emissions, waste production, and transportation. To reduce emissions, the company could adopt renewable energy, streamline supply chain operations, and shift to more sustainable materials.",I should ensure the company also involves its employees and customers in sustainability initiatives and considers the financial implications of these changes in the overall business model.,"The company should assess its environmental impact through carbon footprint analysis and identify areas such as energy use, supply chain emissions, and waste. To reduce emissions, adopting renewable energy, improving operational efficiency, and using sustainable materials are key strategies. Employee and customer engagement will be crucial for long-term sustainability."
Propose a marketing strategy for an eco-friendly fashion brand targeting Gen Z consumers.,"To appeal to Gen Z, the brand should emphasize sustainability, ethical sourcing, and transparency in its marketing messages. Social media platforms, influencer partnerships, and limited-edition drops could be effective tactics. The strategy should also focus on creating community-driven campaigns and leveraging user-generated content.",I should consider how to balance Gen Z's values around authenticity and transparency with the brand's overall image and ensure the marketing strategy doesn't come across as 'greenwashing.',"The marketing strategy will emphasize sustainability, ethical sourcing, and transparency, highlighting these values on platforms like Instagram and TikTok. Influencer partnerships, limited-edition drops, and community-driven campaigns will engage Gen Z. Transparency and authenticity will be key to avoiding 'greenwashing.'"
How can a company improve its employee engagement and retention rates?,"Improving employee engagement starts with understanding employees' needs and aligning them with company values. Strategies include offering competitive benefits, fostering a positive work culture, providing growth opportunities, and implementing feedback systems to address concerns and improve job satisfaction.","I need to ensure that the strategies focus on both intrinsic motivators (e.g., personal growth) and extrinsic motivators (e.g., salary and benefits). Additionally, focusing on diversity and inclusion can enhance engagement.","The company can improve engagement and retention by offering competitive salaries, fostering a supportive and inclusive culture, providing opportunities for career growth, and implementing regular feedback loops. Employee wellness programs and work-life balance initiatives should also be emphasized."
Analyze the impact of interest rate changes on consumer spending and business investment.,"When interest rates rise, consumer spending tends to decrease due to higher borrowing costs, and business investment may slow down as financing becomes more expensive. On the other hand, lower interest rates typically stimulate consumer spending and business investment.","I should also consider the time lag in the effects of interest rate changes and other factors, such as consumer confidence and inflation, that can influence the outcomes.","Interest rate changes affect both consumer spending and business investment. Higher rates tend to decrease consumer spending and slow business investments due to higher borrowing costs, while lower rates usually have the opposite effect. The full impact may take time to materialize and depends on factors like inflation and consumer confidence."
What is the role of supply and demand in determining market prices?,"Supply and demand are fundamental forces in determining market prices. When demand for a product increases, and supply remains constant, prices tend to rise. Conversely, when supply increases and demand remains steady, prices generally fall.","I should clarify that prices are also affected by external factors like government regulations, monopolies, and market expectations, which can distort the basic supply-demand relationship.","Supply and demand are key factors in setting market prices. When demand exceeds supply, prices tend to rise. Conversely, when supply increases and demand remains steady, prices usually fall. External factors such as government intervention and market monopolies can also influence price levels."
How can a company increase its market share in a highly competitive industry?,"Increasing market share involves differentiating the company's products, improving customer service, and optimizing pricing strategies. The company may also explore new customer segments, adopt innovative marketing techniques, or improve distribution channels to gain a competitive edge.","I should also consider the company’s internal strengths, such as technological capabilities or brand loyalty, which can be leveraged to build a stronger market position.","To increase market share, the company should focus on product differentiation, customer service excellence, and competitive pricing. It may also seek to expand into new customer segments, invest in innovative marketing strategies, and optimize distribution channels to gain an edge in a competitive market."
What are the benefits and drawbacks of a globalized supply chain?,"A globalized supply chain allows companies to source materials and labor at lower costs, potentially increasing profitability. However, it can expose the company to risks such as geopolitical instability, exchange rate fluctuations, and supply chain disruptions.","I should also address the environmental and social implications of global supply chains, such as labor exploitation and carbon emissions, which can affect a company’s reputation.","A globalized supply chain offers cost savings through lower labor and material costs but introduces risks like geopolitical instability, currency fluctuations, and disruptions. Additionally, there are environmental and ethical concerns related to labor practices and sustainability that companies must manage."
How can businesses leverage big data to enhance decision-making?,"Big data allows businesses to analyze customer behavior, identify trends, and forecast market conditions. By leveraging data analytics, companies can make more informed decisions, personalize marketing strategies, optimize inventory management, and improve customer satisfaction.","I should ensure that the business uses big data ethically, protecting customer privacy and complying with data protection laws like GDPR.","Businesses can leverage big data to enhance decision-making by analyzing customer behavior, identifying trends, and forecasting market conditions. Data-driven decisions can improve marketing strategies, inventory management, and customer satisfaction. Ethical considerations, such as data privacy, must also be prioritized."
Evaluate the effects of a government-imposed minimum wage on the labor market.,"A minimum wage raises the earnings of low-income workers, but it can also lead to higher unemployment if businesses reduce hiring due to increased labor costs. Additionally, some businesses might automate roles or outsource labor to lower-wage regions.","I should consider the potential long-term effects, such as improved worker productivity or increased consumer spending due to higher wages, which could offset some of the negative impacts.","A government-imposed minimum wage can improve earnings for low-wage workers but may lead to higher unemployment, reduced hiring, or increased automation. However, in the long term, it could increase worker productivity and boost consumer spending, potentially mitigating some negative effects."
What is the difference between a stock and a bond as investment vehicles?,"Stocks represent ownership in a company and offer potential for high returns through capital appreciation and dividends, but they come with higher risk. Bonds are debt instruments where investors lend money to a company or government in exchange for fixed interest payments, offering lower returns and lower risk.","I should also discuss the tax implications of stocks and bonds, as bond interest is typically taxable, while qualified dividends from stocks may have more favorable tax treatment.","Stocks represent ownership in a company and provide potential for high returns through capital appreciation and dividends, but carry higher risk. Bonds are debt instruments offering fixed interest payments and lower risk. Stocks may have favorable tax treatment for dividends, while bond interest is generally taxable."
What is the purpose of diversification in an investment portfolio?,"Diversification spreads investments across different asset classes, industries, and geographic regions to reduce risk. By holding a variety of investments, the portfolio is less exposed to the performance of a single asset, which can reduce overall volatility.","I should emphasize that while diversification reduces risk, it does not eliminate it completely, and the right balance depends on the investor’s risk tolerance and investment goals.","Diversification reduces risk by spreading investments across different asset classes and markets. It helps mitigate the impact of poor performance in any single investment, but does not eliminate risk entirely. The right diversification strategy depends on the investor’s risk tolerance and objectives."
What are the potential risks of long-term antibiotic use?,"Long-term antibiotic use can disrupt the balance of gut microbiota, potentially leading to antibiotic resistance. It may also cause side effects like liver damage, kidney dysfunction, and an increased risk of infections due to weakened immunity.","This reasoning seems accurate, but I should include examples of specific infections that are linked to antibiotic resistance, such as MRSA (Methicillin-resistant Staphylococcus aureus).","Long-term antibiotic use can disrupt gut microbiota, leading to antibiotic resistance and side effects like liver damage, kidney dysfunction, and increased infection risk. Specifically, antibiotic-resistant infections like MRSA are common concerns."
What is the difference between Type 1 and Type 2 diabetes?,"Type 1 diabetes is an autoimmune disease where the immune system attacks and destroys insulin-producing cells in the pancreas. Type 2 diabetes is a metabolic disorder where the body becomes resistant to insulin, and the pancreas can't produce enough insulin to maintain normal blood glucose levels.","I’ve provided a clear distinction between the two types, but I should also mention the typical age of onset for each type and any genetic or lifestyle factors that influence the risk of developing Type 2 diabetes.","Type 1 diabetes is an autoimmune disease where insulin-producing cells are destroyed by the immune system. It typically occurs in childhood. Type 2 diabetes is a metabolic disorder, usually developing in adulthood, where the body becomes insulin resistant. Risk factors for Type 2 include obesity and a sedentary lifestyle."
What are the benefits and drawbacks of vaccination?,"Vaccination provides immunity against diseases, helping to prevent the spread of infectious diseases and reducing the severity of symptoms if the disease is contracted. However, some people may experience mild side effects such as fever or soreness at the injection site.","This reasoning is mostly correct, but I should mention rare but serious side effects, like anaphylaxis, and discuss the concept of herd immunity, which helps protect vulnerable individuals.","Vaccination helps prevent the spread of infectious diseases, reduces disease severity, and provides immunity. Most people experience mild side effects, but rare side effects like anaphylaxis can occur. Herd immunity also protects those who cannot be vaccinated."
How does stress impact physical health?,"Chronic stress activates the body's fight-or-flight response, which increases heart rate, blood pressure, and levels of cortisol. Over time, this can contribute to conditions like heart disease, hypertension, and diabetes. Stress also weakens the immune system, making the body more susceptible to infections.","This reasoning is sound, but I should also note the impact of stress on mental health, such as its role in contributing to anxiety, depression, and sleep disorders.","Chronic stress increases heart rate, blood pressure, and cortisol levels, which can lead to heart disease, hypertension, and diabetes. Stress also weakens the immune system, making the body more susceptible to infections and contributing to mental health issues like anxiety, depression, and sleep disorders."
What are the effects of smoking on lung health?,"Smoking damages the lungs by irritating the airways, causing inflammation, and reducing lung function over time. It increases the risk of chronic obstructive pulmonary disease (COPD) and lung cancer. The chemicals in tobacco smoke also impair the body’s ability to fight infections.","This explanation is accurate, but I should also mention the long-term effects, such as emphysema, and the risks of secondhand smoke exposure to non-smokers.","Smoking damages the lungs, causing inflammation and reducing lung function, leading to conditions like COPD and lung cancer. It also weakens the immune system and increases the risk of respiratory infections. Long-term effects can include emphysema, and secondhand smoke is harmful to non-smokers."
What is the role of antioxidants in the body?,"Antioxidants neutralize free radicals, which are unstable molecules that can damage cells and contribute to aging and diseases like cancer. By reducing oxidative stress, antioxidants help protect cells and tissues from damage.","This reasoning looks solid, but I should mention some common sources of antioxidants, like fruits and vegetables, and how a balanced diet helps maintain optimal antioxidant levels.","Antioxidants neutralize free radicals, preventing oxidative stress and protecting cells from damage. Common sources include fruits, vegetables, nuts, and seeds. A balanced diet helps maintain optimal antioxidant levels, supporting overall health."
Explain the process of photosynthesis.,"Photosynthesis is the process by which plants convert light energy into chemical energy. Plants use sunlight, water, and carbon dioxide to produce glucose and oxygen. The process occurs in the chloroplasts of plant cells, where chlorophyll absorbs light energy.","The explanation is clear, but I should also mention the role of chlorophyll in capturing sunlight and how photosynthesis is crucial for the plant’s growth and energy storage.","Photosynthesis is the process by which plants convert sunlight into chemical energy. Using light, water, and carbon dioxide, plants produce glucose and oxygen. Chlorophyll in the chloroplasts captures sunlight, and the glucose produced is used for energy and growth."
What are the signs and symptoms of dehydration?,"Dehydration occurs when the body loses more water than it takes in. Early signs include dry mouth, fatigue, and dizziness. Severe dehydration can lead to confusion, rapid heartbeat, sunken eyes, and fainting.","I should emphasize the importance of preventing dehydration, especially during physical exertion or hot weather, and discuss the role of electrolytes in maintaining proper hydration.","Dehydration signs include dry mouth, fatigue, and dizziness. In severe cases, confusion, rapid heartbeat, and sunken eyes may occur. Preventing dehydration through adequate water intake, especially during physical activity or heat, is important, and electrolytes also help maintain hydration."
What are the potential side effects of antidepressant medications?,"Antidepressants can cause side effects such as nausea, weight gain, insomnia, and sexual dysfunction. Some people may also experience dizziness, dry mouth, or headaches.","This reasoning is accurate, but I should mention that not all individuals experience the same side effects, and the severity can vary. Additionally, I should note the importance of working with a doctor to find the right medication.","Antidepressant side effects can include nausea, weight gain, insomnia, and sexual dysfunction. Other common side effects are dizziness, dry mouth, and headaches. These effects vary between individuals, so working with a doctor to find the right medication is crucial."
What is the connection between diet and heart disease?,"A diet high in saturated fats, trans fats, and cholesterol can increase the risk of heart disease by raising LDL (bad) cholesterol levels. A healthy diet rich in fruits, vegetables, whole grains, and lean proteins can help reduce the risk of heart disease by maintaining healthy cholesterol levels and blood pressure.","This reasoning is correct, but I should also mention the importance of regular physical activity and the role of omega-3 fatty acids, which are known to support heart health.","A diet high in unhealthy fats and cholesterol increases the risk of heart disease by raising LDL cholesterol. A heart-healthy diet with fruits, vegetables, whole grains, and lean proteins can reduce this risk, while omega-3 fatty acids and regular exercise also support heart health."
How do vaccines work to protect against infectious diseases?,"Vaccines stimulate the immune system by introducing a harmless component of a pathogen (e.g., a protein or inactivated virus). This triggers an immune response, allowing the body to recognize and fight the actual pathogen if it is encountered later.","The reasoning is good, but I should also mention that some vaccines require boosters to maintain immunity and that vaccines can protect individuals as well as the broader community through herd immunity.","Vaccines introduce harmless components of pathogens to stimulate the immune system, enabling the body to recognize and fight the actual disease. Some vaccines require boosters, and widespread vaccination helps protect communities through herd immunity."
What is the role of insulin in regulating blood sugar levels?,"Insulin is a hormone produced by the pancreas that helps regulate blood sugar by facilitating the uptake of glucose into cells for energy. When blood sugar levels rise after eating, insulin is released to help lower the glucose level.","This reasoning seems accurate, but I should mention the consequences of insufficient insulin production, such as in Type 1 diabetes, where the body cannot properly regulate blood sugar.","Insulin regulates blood sugar by allowing glucose to enter cells for energy. After eating, insulin helps lower blood glucose levels. In Type 1 diabetes, the pancreas produces little or no insulin, leading to difficulty controlling blood sugar."
Explain the relationship between cholesterol and heart disease.,"Cholesterol, especially LDL (low-density lipoprotein), can build up in the arteries and form plaques that narrow blood vessels, increasing the risk of heart disease and stroke. High HDL (high-density lipoprotein) levels can reduce this risk by helping remove excess cholesterol from the bloodstream.","The reasoning is accurate, but I should also highlight that lifestyle factors such as diet and exercise play a significant role in managing cholesterol levels.","LDL cholesterol can build up in arteries, increasing the risk of heart disease and stroke. High levels of HDL cholesterol help remove excess cholesterol. A healthy diet, exercise, and avoiding smoking can help maintain healthy cholesterol levels and reduce heart disease risk."
What is the role of probiotics in gut health?,"Probiotics are beneficial bacteria that promote a healthy balance of gut microbiota. They help with digestion, immune function, and may even reduce the risk of some gastrointestinal disorders like irritable bowel syndrome (IBS).","The reasoning looks good, but I should mention that not all probiotics are the same, and their effectiveness can vary depending on the strain and individual health needs.","Probiotics are beneficial bacteria that support gut health by improving digestion, immune function, and potentially reducing symptoms of gastrointestinal disorders. The effectiveness of probiotics can vary by strain and individual health conditions."
What is the importance of hydration in maintaining health?,"Hydration is essential because water helps maintain body temperature, supports digestion, and keeps organs functioning. It also transports nutrients and oxygen to cells and removes waste products from the body.","This reasoning is good, but I should mention that water also plays a crucial role in regulating blood pressure and keeping joints lubricated.","Hydration is vital for maintaining body temperature, digestion, nutrient transport, and waste removal. Water also supports blood pressure regulation and joint lubrication."
What are the key differences between bacterial and viral infections?,"Bacterial infections are caused by bacteria, while viral infections are caused by viruses. Bacterial infections can be treated with antibiotics, while viral infections typically cannot, except for some antivirals. Viruses can replicate inside host cells, while bacteria can reproduce on their own.","The explanation is generally accurate, but I should include some examples of common bacterial and viral infections, like tuberculosis (bacterial) and the flu (viral).","Bacterial infections are caused by bacteria and treated with antibiotics, while viral infections are caused by viruses and usually require antivirals or supportive care. Examples include tuberculosis (bacterial) and the flu (viral)."
Why is sleep important for mental health?,"Sleep allows the brain to rest and repair, consolidating memories and emotions. Lack of sleep can impair cognitive function, increase stress, and contribute to mental health conditions like anxiety and depression.","This reasoning is accurate, but I should mention that sleep deprivation can also affect the production of neurotransmitters, such as serotonin, which influences mood and emotional regulation.","Sleep is crucial for brain function, memory consolidation, and emotional regulation. Sleep deprivation can impair cognition, increase stress, and contribute to mental health conditions like anxiety and depression. It also affects neurotransmitter production, impacting mood."
What are the primary causes of hypertension?,"Hypertension, or high blood pressure, can be caused by factors like obesity, smoking, excessive alcohol consumption, lack of physical activity, and a diet high in salt. Genetics and chronic stress can also contribute to the condition.","This reasoning is sound, but I should mention that age and a family history of hypertension are significant risk factors. Also, chronic kidney disease can lead to secondary hypertension.","Hypertension is caused by factors such as obesity, smoking, excessive alcohol consumption, poor diet, and lack of exercise. Genetics, age, stress, and chronic kidney disease also play a role in its development."
How do antibiotics work to treat infections?,"Antibiotics work by killing bacteria or inhibiting their growth. Different types of antibiotics target specific parts of bacterial cells, such as the cell wall, protein synthesis machinery, or DNA replication.","This reasoning is accurate, but I should clarify that antibiotics are ineffective against viral infections and that misuse or overuse can lead to antibiotic resistance.","Antibiotics treat bacterial infections by killing bacteria or inhibiting their growth. They target specific parts of bacterial cells, such as the cell wall or protein synthesis machinery. Antibiotics do not work against viruses, and overuse can lead to antibiotic resistance."
What are the long-term effects of smoking on the respiratory system?,"Smoking damages the lungs by irritating the airways and causing inflammation. Over time, this leads to reduced lung function, chronic obstructive pulmonary disease (COPD), emphysema, and an increased risk of lung cancer.","The reasoning is solid, but I should also mention the role of smoking in causing chronic bronchitis and its effects on the cilia in the lungs, which help clear debris.","Smoking damages the respiratory system by causing inflammation and reducing lung function. It leads to COPD, emphysema, chronic bronchitis, and an increased risk of lung cancer. Smoking also damages the cilia in the lungs, impairing the body’s ability to clear debris."
What are the risks of excessive alcohol consumption?,"Excessive alcohol consumption can damage the liver, increase blood pressure, and raise the risk of heart disease. It can also impair cognitive function and contribute to mental health disorders, including depression and anxiety.","The reasoning is generally accurate, but I should mention that heavy drinking increases the risk of certain cancers, like liver and breast cancer, and can lead to alcohol dependence.","Excessive alcohol consumption can cause liver damage, raise blood pressure, and increase the risk of heart disease, certain cancers, and cognitive decline. It can also lead to mental health disorders like depression and anxiety, and alcohol dependence."
How does the body regulate blood sugar levels?,"The body regulates blood sugar through the actions of insulin and glucagon. Insulin lowers blood sugar by promoting the uptake of glucose into cells, while glucagon raises blood sugar by stimulating the liver to release stored glucose.","This reasoning seems correct, but I should note that insulin resistance, as seen in Type 2 diabetes, interferes with this regulation, leading to higher blood sugar levels.","The body regulates blood sugar with insulin, which lowers blood sugar, and glucagon, which raises it. Insulin resistance, often seen in Type 2 diabetes, impairs this process, leading to elevated blood sugar levels."
What is the role of the immune system in defending the body from pathogens?,"The immune system protects the body from pathogens by identifying and neutralizing harmful invaders like bacteria, viruses, and fungi. White blood cells play a key role in recognizing and attacking these pathogens.","This reasoning is generally sound, but I should also mention the role of antibodies in identifying and neutralizing pathogens and how vaccines help prime the immune system.",The immune system protects the body from pathogens by identifying and neutralizing harmful invaders. White blood cells and antibodies play key roles in recognizing and attacking pathogens. Vaccines help prime the immune system to defend against specific threats.
What are the differences between a cold and the flu?,"Both the cold and flu are respiratory illnesses caused by viruses, but the flu tends to have more severe symptoms, such as fever, body aches, and fatigue. A cold usually involves a runny nose, sore throat, and mild cough.","This reasoning is generally accurate, but I should mention that the flu can lead to complications like pneumonia, which is less common with the cold.","The cold and flu are both viral respiratory illnesses. The flu typically has more severe symptoms, like fever, body aches, and fatigue, and can lead to complications like pneumonia. A cold usually involves a runny nose, sore throat, and mild cough."
What are the potential benefits of exercise for mental health?,"Exercise can help reduce stress, anxiety, and depression by releasing endorphins, which are natural mood enhancers. It also improves sleep quality, boosts self-esteem, and increases energy levels.","The reasoning is accurate, but I should mention that exercise can also improve cognitive function and protect against cognitive decline in aging individuals.","Exercise reduces stress, anxiety, and depression by releasing endorphins. It also improves sleep quality, boosts self-esteem, increases energy levels, and enhances cognitive function, helping protect against cognitive decline in older adults."
How does the digestive system process food?,"The digestive system breaks down food mechanically and chemically. It begins in the mouth with chewing and saliva, continues in the stomach with acid and enzymes, and ends in the small intestine, where nutrients are absorbed.","This reasoning looks solid, but I should mention the role of the liver in producing bile to help digest fats and the importance of the large intestine in absorbing water and electrolytes.","The digestive system breaks down food through mechanical and chemical processes. It starts with chewing and saliva in the mouth, continues with stomach acids and enzymes, and finishes in the small intestine, where nutrients are absorbed. The liver produces bile for fat digestion, and the large intestine absorbs water and electrolytes."
What is the role of calcium in the body?,"Calcium is essential for bone and teeth health. It also plays a crucial role in muscle function, nerve transmission, blood clotting, and maintaining normal heart rhythm.","The reasoning is correct, but I should also mention that calcium is involved in the release of hormones and enzymes that affect various bodily functions.","Calcium is vital for bone and teeth health, muscle function, nerve transmission, blood clotting, and maintaining normal heart rhythm. It also plays a role in hormone and enzyme secretion for various bodily functions."
What is the significance of cholesterol levels in cardiovascular health?,"Cholesterol plays a key role in cardiovascular health, with high levels of LDL cholesterol increasing the risk of plaque formation in arteries, leading to heart disease. HDL cholesterol helps remove excess cholesterol from the bloodstream.","The explanation is generally accurate, but I should include the importance of maintaining a balance between LDL and HDL cholesterol to reduce cardiovascular risk.","Cholesterol levels are crucial for cardiovascular health. High LDL cholesterol increases the risk of plaque formation in arteries, while HDL cholesterol helps remove excess cholesterol. Maintaining a balance between LDL and HDL is key to reducing heart disease risk."
What is the role of fiber in a healthy diet?,"Fiber aids digestion by promoting regular bowel movements and preventing constipation. It also helps regulate blood sugar levels, lower cholesterol, and maintain a healthy weight by making people feel full.","This reasoning is accurate, but I should also mention that fiber is found in plant-based foods like fruits, vegetables, whole grains, and legumes.","Fiber promotes healthy digestion, regulates blood sugar, lowers cholesterol, and helps with weight management. It is found in plant-based foods like fruits, vegetables, whole grains, and legumes."
What is the largest desert in the world?,"I recall that deserts are categorized by low precipitation. While many think of the Sahara, Antarctica qualifies as a desert due to its climate and area.",I need to clarify the nuance between hot deserts and cold deserts.,"Antarctica is the largest desert by area (a cold desert), while the Sahara is the largest hot desert."
Who was the leader of Germany during World War II?,The historical figure most associated with German leadership during World War II is Adolf Hitler.,It is important to note his role as both Chancellor and later Führer to capture the full extent of his power.,"Adolf Hitler was the leader of Germany during World War II, serving as both Chancellor and Führer."
What is the formula for Newton's second law of motion?,"Newton's second law states that force equals mass times acceleration, which is expressed as F = ma.",I must ensure that the typical units of measurement are mentioned for clarity.,"F = ma, where F is the force (in newtons), m is the mass (in kilograms), and a is the acceleration (in meters per second squared)."
What is the law of demand in economics?,"The law of demand states that holding other factors constant, as the price of a good increases, the quantity demanded decreases.","I need to mention that exceptions exist (e.g., Giffen goods) while emphasizing the typical rule.","The law of demand states that, all else being equal, an increase in the price of a good leads to a decrease in the quantity demanded; exceptions like Giffen goods may occur."
What is the capital of Australia?,"Many mistakenly assume Sydney or Melbourne, but Canberra was specifically chosen as the capital to resolve rivalry.",I will clarify the common misconception and focus on the historical reasoning behind Canberra's designation.,The capital of Australia is Canberra.
Calculate the area of a circle with a radius of 5.,"The area of a circle is given by A = πr²; substituting r = 5, it becomes A = π×25.",I should leave the answer in terms of π to maintain precision.,The area of the circle is 25π.
Define photosynthesis and explain its importance.,"Photosynthesis is the process through which plants convert sunlight into chemical energy, producing oxygen as a byproduct.",It is vital to mention both the process and its ecological importance.,"Photosynthesis is the process by which plants convert sunlight, water, and carbon dioxide into glucose and oxygen, forming the base of the food chain and sustaining life on Earth."
Who discovered penicillin and why was it significant?,"Alexander Fleming is credited with discovering penicillin, which revolutionized medicine by introducing antibiotics.",I must note the accidental nature of his discovery and its transformative impact on bacterial infection treatment.,"Alexander Fleming discovered penicillin, leading to the development of antibiotics that have had a transformative impact on medicine."
Explain the significance of the year 1776 in American history.,"1776 is known for the Declaration of Independence, when the thirteen American colonies declared themselves independent from Britain.",I need to ensure that the answer captures both the historical context and its long-lasting impact.,"1776 is significant because it marks the year when the American colonies declared independence, laying the foundation for the United States."
What is 7 + 5?,"This is a simple arithmetic problem, and I simply need to add the two numbers.",I must double-check the basic addition to ensure no error.,7 + 5 equals 12.
Solve for x in the equation: 2x + 3 = 11.,"To solve for x, subtract 3 from both sides then divide by 2.",I have to ensure each step is clear and correctly follows algebra principles.,x = 4.
What is DNA?,"DNA, or deoxyribonucleic acid, is the molecule that carries genetic information in living beings.","I should mention that DNA encodes the instructions used in the development, functioning, and reproduction of all known organisms.",DNA is the molecule that contains the genetic instructions for the development and function of living organisms.
Who wrote 'Romeo and Juliet'?,This famous play is attributed to William Shakespeare.,I must ensure I don't confuse this work with other similar plays.,William Shakespeare wrote 'Romeo and Juliet.'
What was World War II?,"World War II was a global conflict that lasted from 1939 to 1945, involving most of the world's nations.","I should include the fact that this war had a profound impact on global politics, technology, and human society.","World War II was a global conflict from 1939 to 1945 that reshaped the world politically, socially, and technologically."
Explain the concept of gravity.,"Gravity is the force of attraction between masses, which keeps planets in orbit and objects anchored to Earth.",I need to stress both the fundamental nature of gravity and its everyday relevance.,"Gravity is the force by which objects with mass attract one another, governing phenomena from falling objects to the orbits of planets."
What is the boiling point of water at sea level?,"At standard atmospheric pressure (1 atm), water boils at 100°C.",I must specify that this is true only when the atmospheric pressure is at sea level.,The boiling point of water at sea level is 100°C (212°F).
Who painted the Mona Lisa?,The Mona Lisa is famously painted by Leonardo da Vinci.,I should mention the artistic and historical significance of the painting.,Leonardo da Vinci painted the Mona Lisa.
What is the speed of light?,"The speed of light in a vacuum is a fundamental constant, approximately 299,792 kilometers per second.",I'll note that this is a standard value used in physics.,"The speed of light in a vacuum is approximately 299,792 km/s."
What does VR stand for and what is it?,"VR stands for Virtual Reality, a technology that simulates a three-dimensional environment.",I ensure to include its immersive characteristics and technological applications.,"VR stands for Virtual Reality, which is a technology that creates immersive, computer-generated simulations of real-life or imagined environments."
What is the capital of Japan?,"Tokyo is known as the political, economic, and cultural center of Japan.",I verify that no other major city is officially designated as the capital.,The capital of Japan is Tokyo.
Calculate the area of a triangle with a base of 8 and a height of 5.,"The area formula for a triangle is A = 1/2 × base × height. Therefore, A = 0.5 × 8 × 5.",I will perform the multiplication accurately to give the correct area.,The area of the triangle is 20.
What was the significance of the Apollo 11 moon landing?,"The Apollo 11 mission was significant as it was the first time humans landed on the moon, marking an important milestone in space exploration.","I have to capture the historical impact, technological achievement, and inspiration it provided.","Apollo 11’s moon landing in 1969 marked the first time humans set foot on the moon, symbolizing a landmark achievement in space exploration and scientific innovation."
Define renewable energy.,"Renewable energy is derived from natural processes that are continuously replenished, such as sunlight, wind, and water.",I must ensure that both the definition and examples are clearly presented.,"Renewable energy is energy generated from natural resources that are constantly replenished, including solar, wind, hydro, and geothermal power."
Who was Cleopatra?,"Cleopatra was the last active ruler of the Ptolemaic Kingdom of Egypt, known for her relationships with Roman leaders.",I need to ensure the answer highlights her political and cultural significance without oversimplification.,"Cleopatra VII was the last active ruler of the Ptolemaic Kingdom of Egypt, renowned for her political acumen and her alliances with Roman leaders."
What is the difference between a meteor and a meteorite?,"A meteor is the streak of light from debris burning in the atmosphere, while a meteorite is what remains if the object survives and reaches the ground.",I need to ensure clarity between the atmospheric phenomenon and the physical object on Earth.,"A meteor is the flash of light produced when debris burns in the Earth's atmosphere, while a meteorite is the fragment that survives the process and lands on Earth."
What causes earthquakes?,"Earthquakes are caused by the sudden release of energy in the Earth's crust, often due to tectonic movements or faults.",It’s important to mention the role of tectonic plates and the release of built-up stress.,Earthquakes are caused by the sudden release of energy due to the movement of tectonic plates or fault lines within the Earth's crust.
What is the main language spoken in Brazil?,"Brazil’s primary language is Portuguese, a legacy of its colonial history.",I must confirm that no other language holds official status at a national level.,The main language spoken in Brazil is Portuguese.
What is the chemical symbol for gold?,"In the periodic table, gold is represented by the symbol Au.",I must double-check that the symbol is not confused with any other element.,The chemical symbol for gold is Au.
What is the atomic number of Carbon?,"Carbon’s atomic number refers to the number of protons in its nucleus, which is 6.",I should verify that I’m not mixing it up with other similar elements.,The atomic number of Carbon is 6.
What is machine learning?,Machine learning is a subset of artificial intelligence where computers learn from data rather than being explicitly programmed.,I must ensure that the definition is both concise and captures the core idea.,Machine learning is a branch of artificial intelligence that enables computers to learn from data and improve their performance over time.
What is the approximate distance from the Earth to the Sun?,The average distance between the Earth and the Sun is about 93 million miles (150 million kilometers).,"I should note that this is an average value, as the orbit is elliptical.",The average distance from the Earth to the Sun is approximately 93 million miles (150 million kilometers).
At what temperature does water freeze?,"At standard atmospheric pressure, water freezes at 0°C.",I must mention that this value is under typical conditions.,Water freezes at 0°C (32°F) under standard conditions.
Who is known as the father of computers?,Charles Babbage is often referred to as the father of the computer due to his designs of early mechanical computing devices.,I need to ensure that this title appropriately reflects his pioneering contributions.,Charles Babbage is known as the father of computers.
Describe how a bill becomes a law in the United States.,"A bill must be proposed, debated, and approved by both houses of Congress before being signed into law by the President.",I need to ensure that the multi-step legislative process is captured accurately.,"In the United States, a bill is introduced in Congress, debated and amended, passed by both the House and Senate, and then sent to the President for approval or veto to become law."
What is a black hole?,"A black hole is a region in space where gravity is so strong that nothing, not even light, can escape its pull.",I must capture its defining properties and the mystery that surrounds it.,"A black hole is a region in space with gravitational forces so intense that nothing, including light, can escape its pull."
Explain the significance of Pi (π) in mathematics.,Pi (π) is an irrational number that represents the ratio of a circle's circumference to its diameter.,"I need to emphasize both its geometric significance and its infinite, non-repeating nature.",Pi (π) is significant because it is the constant ratio of a circle's circumference to its diameter and is an irrational number with infinite non-repeating decimals.
What is inflation in economics?,"Inflation refers to the general increase in prices over time, reducing the purchasing power of money.",I must clearly distinguish inflation from other economic trends like deflation.,"Inflation is the rate at which prices for goods and services increase over time, thereby decreasing the purchasing power of money."
What is the purpose of the United Nations?,"The United Nations was established to promote international peace, security, and cooperation among nations.","I should mention its role in conflict resolution, humanitarian aid, and promoting human rights.","The United Nations aims to promote peace, security, and cooperation internationally, offering forums for dialogue, conflict resolution, and humanitarian assistance."
Define biodiversity.,"Biodiversity refers to the variety of life on Earth, including the range of species, ecosystems, and genetic variations.",I need to ensure the definition covers all levels of biological diversity.,"Biodiversity is the variety of life on Earth, encompassing the different species, ecosystems, and genetic variations among organisms."
Who invented the light bulb?,Thomas Edison is most commonly credited with inventing the practical incandescent light bulb.,"While recognizing contributions from others, I'll mention Edison's role in commercialization.",Thomas Edison is credited with inventing the practical incandescent light bulb.
What is the longest river in the world?,"The Nile River is often cited as the longest river, though there is debate with the Amazon. I'll reflect the most widely accepted view.","I will include that some experts argue about these details, but the Nile is traditionally recognized.","Traditionally, the Nile River is considered the longest river in the world."
Discuss the significance of the discovery of penicillin.,"Penicillin revolutionized medicine by providing the first real antibiotic, dramatically reducing deaths from bacterial infections.",I need to ensure both its historical importance and the transformation in healthcare are mentioned.,"The discovery of penicillin is significant because it led to the development of antibiotics, which have saved countless lives by effectively treating bacterial infections."
What does DNA stand for?,"DNA stands for deoxyribonucleic acid, the molecule carrying genetic instructions.",I need to ensure the full form is provided accurately.,DNA stands for deoxyribonucleic acid.
Explain the process of photosynthesis in detail.,"Photosynthesis converts light energy into chemical energy in plants using water and carbon dioxide, and it releases oxygen as a by-product.",I must include the fundamental reactants and products while noting its central role in the food chain.,"Photosynthesis is a process in which plants convert light energy, water, and carbon dioxide into glucose and oxygen, forming the basis of the food chain and sustaining life on Earth."
What is cybersecurity?,"Cybersecurity involves protecting information systems from theft, damage, or unauthorized access.",I need to emphasize the importance of cybersecurity in today's digital age.,"Cybersecurity is the practice of protecting computers, networks, and data from digital attacks and unauthorized access."
What is the purpose of a resume?,"A resume provides a summary of an individual's qualifications, work history, and skills to potential employers.",I should note that a resume is a critical tool for job applications.,"A resume is a document that summarizes a person's education, skills, and work experience to help secure employment."
How does the internet work?,The internet is a network of networks that uses standardized protocols (such as TCP/IP) to allow communication between computers worldwide.,I must ensure I highlight both the technical infrastructure and the protocols that make connectivity possible.,"The internet works by connecting millions of networks worldwide using standardized protocols like TCP/IP, enabling data exchange and communication across various devices."
What is climate change?,"Climate change refers to long-term alterations in temperature, precipitation, and other atmospheric conditions, primarily due to human activities.",I need to include both the natural and human-induced factors in my explanation.,"Climate change is the long-term alteration of weather patterns and temperatures, largely driven by human activities such as burning fossil fuels and deforestation."
Describe the importance of vaccinations.,"Vaccinations prevent the spread of infectious diseases, protect public health, and reduce the burden on healthcare systems.","I must emphasize both individual and community benefits, including herd immunity.","Vaccinations are crucial for preventing disease outbreaks, protecting public health, and achieving herd immunity."
What is the function of the human heart?,"The heart pumps blood throughout the body, delivering oxygen and nutrients while removing waste.",I should make sure the answer captures both the mechanical and biological significance of the heart.,"The heart is a muscular organ that pumps blood, ensuring that oxygen and nutrients are distributed throughout the body."
What is the tallest mountain on Earth?,Mount Everest is recognized as the highest mountain above sea level.,I need to ensure clarity between height above sea level versus total elevation.,Mount Everest is the tallest mountain on Earth when measured by elevation above sea level.
Who was Martin Luther King Jr.?,"Martin Luther King Jr. was a key leader in the American civil rights movement, known for his nonviolent activism and speeches.",I need to ensure his important role in ending racial segregation and promoting equality is well captured.,Martin Luther King Jr. was a prominent civil rights leader who advocated for nonviolent resistance in the fight for racial equality in the United States.
What is quantum computing?,Quantum computing is an advanced field of computing utilizing the principles of quantum mechanics to process information more efficiently than classical computers.,I must highlight its potential to solve complex problems and the fundamental differences from classical computing.,"Quantum computing leverages quantum mechanics principles to perform computations at speeds unachievable by classical computers, potentially revolutionizing problem-solving in various fields."
Explain the principle of supply and demand.,Supply and demand is an economic principle where the price of a good is determined by how much of it is available (supply) and how much is desired (demand).,I need to ensure that the relationship between availability and desire is clearly linked to price formation.,"The principle of supply and demand states that prices are determined by the quantity of a good available (supply) and the desire of buyers (demand); as supply increases or demand decreases, prices tend to fall, and vice versa."
What is the meaning of life?,"This philosophical question has many interpretations, often involving personal, religious, or existential perspectives.",I must acknowledge that there is no single correct answer but offer a thoughtful response.,"The meaning of life is a complex, subjective concept that varies across cultures and individuals, often encompassing personal fulfillment, relationships, and the pursuit of happiness and knowledge."
What is renewable energy?,"Renewable energy comes from sources that naturally replenish, such as sunlight, wind, and water, as opposed to finite fossil fuels.",I should stress the sustainability aspect of renewable energy.,"Renewable energy is derived from naturally replenishing sources like solar, wind, and hydropower, offering a sustainable alternative to fossil fuels."
What is cryptocurrency?,Cryptocurrency is a type of digital or virtual currency that uses cryptography for security and operates independently of a central authority.,It is important to emphasize the decentralized nature and the role of blockchain technology in most cryptocurrencies.,Cryptocurrency is a digital form of money that uses cryptographic techniques and decentralized blockchain technology to secure transactions and control issuance.
Define the greenhouse effect.,"The greenhouse effect occurs when certain gases trap heat in the Earth's atmosphere, causing an increase in the planet's surface temperature.",I need to ensure to mention the role of specific gases and the impact on global warming.,"The greenhouse effect is the trapping of the sun's warmth in the Earth's atmosphere by gases such as carbon dioxide and methane, leading to an overall warming of the planet."
What is the primary function of the human brain?,"The brain coordinates thought, memory, emotion, and bodily functions by processing and interpreting information.",I must capture the brain's complexity and its central role in the nervous system.,"The human brain processes sensory information, coordinates bodily functions, and is responsible for thought, emotion, memory, and decision-making."
What is global warming?,"Global warming refers to the long-term trend of rising average temperatures on Earth, largely due to human activities.",I should mention the key drivers such as greenhouse gas emissions.,"Global warming is the gradual increase in the Earth's average temperature, primarily caused by the emission of greenhouse gases from human activities."
Identify three primary colors.,"The primary colors in the traditional color model are red, blue, and yellow.","I must note that in additive color models, the primary colors differ; however, I'll use the common set for art and design.","The three primary colors are red, blue, and yellow."
What are tectonic plates?,"Tectonic plates are massive slabs of Earth's lithosphere that move, interact, and cause earthquake activity and continental drift.",I need to emphasize their role in shaping Earth's surface.,"Tectonic plates are large segments of the Earth's crust that move slowly, interact at boundaries, and are responsible for earthquakes, volcanic activity, and continental shifts."
What is the process of evaporation?,"Evaporation is the process by which liquid water is transformed into water vapor, primarily due to heat.",I must ensure to note that it is a key part of the water cycle.,"Evaporation is the process in which liquid water turns into vapor, playing a critical role in the water cycle."
How does solar energy work?,"Solar energy is harnessed by capturing sunlight using photovoltaic cells, which convert light into electricity.",I should highlight the conversion process from light energy to electrical energy.,Solar energy is captured using photovoltaic cells or other technologies that convert sunlight directly into electricity.
What is a palindrome?,"A palindrome is a word, phrase, or number that reads the same forwards and backwards.",I need to ensure the definition is clear with an example in mind.,"A palindrome is a sequence of characters that reads the same forward and backward, such as 'racecar.'"
What is the value of Pi (π) to three decimal places?,Pi is an irrational number; to three decimal places it is approximately 3.142.,I need to ensure the rounding is correct.,Pi (π) is approximately 3.142 when rounded to three decimal places.
Who wrote the dystopian novel '1984'?,"George Orwell is known for writing '1984', a seminal work of dystopian fiction.",I must verify that his name is spelled correctly and note the genre.,George Orwell wrote '1984.'
Explain the economic concept of opportunity cost.,Opportunity cost is the benefit lost when one alternative is chosen over another.,I should make sure the explanation emphasizes the trade-off inherent in decision-making.,Opportunity cost is the value of the next best alternative that is foregone when a choice is made.
Define the term 'biodiversity.',"Biodiversity refers to the variety and variability of life on Earth, encompassing species, ecosystems, and genetic differences.",I must ensure that all levels of biological diversity are mentioned.,"Biodiversity is the variability among living organisms from all sources, including terrestrial, marine, and other aquatic ecosystems."
What is the primary ingredient in making bread?,"Flour is the main ingredient when making bread, accompanied by yeast, water, and salt.",I'll focus on the key ingredient that forms the basis of bread.,Flour is the primary ingredient in bread.
What is artificial intelligence?,Artificial intelligence refers to machines or software that simulate human intelligence to perform tasks and learn from experiences.,"I should ensure the explanation encompasses learning, reasoning, and problem solving.",Artificial intelligence is the field of computer science dedicated to creating systems that perform tasks that normally require human intelligence.
How many continents are there on Earth?,"Traditionally, there are seven continents: Africa, Antarctica, Asia, Europe, North America, Oceania, and South America.",I need to ensure I include all commonly recognized continents.,There are seven continents on Earth.
What is the importance of water conservation?,"Water conservation helps sustain resources, preserves ecosystems, and ensures a reliable supply for future generations.",I must note the environmental and societal aspects.,"Water conservation is important for preserving natural resources, protecting ecosystems, and ensuring sustainable access to water for all living organisms."
What is a supernova?,A supernova is a stellar explosion that occurs during the last evolutionary stages of a massive star or when a white dwarf accumulates enough mass.,I need to capture its importance in dispersing elements into space.,"A supernova is an explosive event marking the death of a star, which disperses elements into space and often leads to the formation of new stars."
Who developed the theory of relativity?,"Albert Einstein developed the theory of relativity, fundamentally changing our understanding of time, space, and gravity.",I need to ensure the answer is concise yet historically accurate.,Albert Einstein developed the theory of relativity.
What is the significance of Marie Curie's work?,Marie Curie's pioneering research in radioactivity not only advanced science but also opened the door for new medical treatments.,I should stress both her scientific innovations and her role as a trailblazer for women in science.,"Marie Curie's work on radioactivity significantly advanced scientific understanding and led to innovations in medicine, while also breaking barriers for women in science."
How does recycling help the environment?,"Recycling conserves natural resources, reduces landfill waste, and lowers energy consumption, thereby reducing environmental pollution.",I must include multiple environmental benefits in the explanation.,"Recycling helps the environment by conserving natural resources, reducing waste, saving energy, and decreasing pollution."
What is the capital of Canada?,"Ottawa is the capital city of Canada, chosen for its political neutrality and location between English and French-speaking regions.","I must ensure clarity, so that potential misconceptions with larger cities like Toronto are avoided.",The capital of Canada is Ottawa.
Define the field of robotics.,"Robotics involves the design, construction, and operation of robots to perform tasks traditionally done by humans.",I need to ensure the answer reflects both the engineering and computer science aspects of robotics.,"Robotics is the interdisciplinary field focused on designing, constructing, and operating robots to automate tasks."
What is the function of mitochondria in cells?,Mitochondria are known as the powerhouses of the cell because they generate most of the cell's supply of adenosine triphosphate (ATP).,I need to ensure I mention the energy production function clearly.,"Mitochondria are responsible for producing ATP, the energy currency of the cell, thus powering most cellular activities."
How do vaccines work?,"Vaccines work by stimulating the immune system to produce antibodies, providing protection against specific diseases.",I need to ensure that the mechanism of building immunity is clear.,"Vaccines introduce a harmless component of a pathogen to stimulate the immune system, leading to the production of antibodies and immunological memory."
Explain the concept of supply chain.,"A supply chain is a network of organizations that work together to produce and distribute a product, from raw materials to the final consumer.",I need to include both production and distribution aspects to ensure completeness.,"A supply chain comprises the processes and organizations involved in producing, handling, and distributing goods from raw materials to the end consumer."
What causes tides on Earth?,Tides are primarily caused by the gravitational pull of the moon (and to a lesser extent the sun) on Earth's oceans.,I must ensure to mention both celestial influences in a concise manner.,"Tides are caused mainly by the gravitational pull of the moon and, to a lesser extent, the sun on Earth's oceans."
What is the function of the lungs?,The lungs are responsible for gas exchange—taking in oxygen and expelling carbon dioxide during respiration.,I need to ensure the answer captures the respiratory function in simple terms.,"The lungs facilitate gas exchange, supplying oxygen to the blood and removing carbon dioxide from the body."
How do airplanes fly?,"Airplanes fly by generating lift through their wings as air flows over and under them, which is governed by Bernoulli's principle and Newton's laws.",I must combine both aerodynamic principles in a succinct explanation.,"Airplanes fly because their wings create lift by manipulating airflow, as explained by Bernoulli's principle and Newton’s laws."
Describe the process of cell division.,"Cell division, through mitosis or meiosis, is the process where a cell replicates its components and divides to form daughter cells.","I need to ensure to distinguish between the two types, even if briefly.","Cell division is the process by which a cell replicates its genetic material and divides into two (mitosis) or four (meiosis) daughter cells, ensuring growth and reproduction."
What is the role of ethics in business?,"Ethics in business ensures fair practices, responsible behavior, and builds trust among stakeholders.",I must capture how ethical behavior impacts reputation and long-term sustainability.,"Ethics in business involves applying moral principles to ensure integrity, fairness, and accountability, thereby fostering trust and sustainable success."
Who is known as the father of modern physics?,Albert Einstein is often dubbed the father of modern physics due to his revolutionary theories of relativity and contributions to quantum mechanics.,I need to ensure that his monumental contributions are highlighted without oversimplification.,Albert Einstein is widely regarded as the father of modern physics.
What is the scientific method?,"The scientific method is a systematic approach involving observation, hypothesis formulation, experimentation, and conclusion to understand phenomena.",I must ensure that all key steps are mentioned to accurately reflect the iterative process of science.,"The scientific method is a systematic process of inquiry that involves making observations, forming a hypothesis, conducting experiments, and drawing conclusions."
What is the function of the kidneys?,"The kidneys filter waste and excess fluids from the blood, helping maintain the body's chemical balance.",I need to ensure that the answer includes both waste removal and fluid balance.,"The kidneys filter blood, removing waste and excess fluids while maintaining electrolyte and fluid balance."
What are renewable resources?,"Renewable resources are naturally replenished resources such as sunlight, wind, water, and biomass, unlike finite fossil fuels.",I must highlight the sustainability aspect versus nonrenewable resources.,"Renewable resources are naturally replenished sources of energy or materials, including sunlight, wind, water, and biomass."
Explain the concept of natural selection.,"Natural selection is the process by which organisms better adapted to their environment survive and reproduce, passing on advantageous traits.",I need to ensure that the mechanism of adaptation and survival is clearly stated.,"Natural selection is the evolutionary process where individuals with favorable traits are more likely to survive and reproduce, leading to the gradual evolution of species."
What is the primary function of the military?,"The military is primarily responsible for defending a nation, ensuring security, and protecting national interests.",I must clarify that the military's duties extend from defense to various roles in national security.,The primary function of the military is to defend the nation and maintain national security.
What is a simile?,"A simile is a figure of speech that compares two different things, usually using the words 'like' or 'as'.",I should include a simple example to underline the definition.,"A simile is a figure of speech that makes a comparison using 'like' or 'as', for example, 'as brave as a lion.'"
Who was Mahatma Gandhi?,Mahatma Gandhi was a leader of the Indian independence movement known for his nonviolent civil disobedience.,I need to ensure that his philosophy and impact on global civil rights are noted.,"Mahatma Gandhi was a key leader in India's struggle for independence, celebrated for his advocacy of nonviolent civil disobedience."
What is the process of osmosis?,Osmosis is the movement of water molecules through a semi-permeable membrane from a region of lower solute concentration to one of higher concentration.,I must ensure the explanation covers the direction of water movement and the concept of a semi-permeable membrane.,Osmosis is the process by which water molecules move across a semi-permeable membrane from a region of lower solute concentration to one of higher concentration.
Define climate change.,"Climate change refers to significant, long-term changes in global weather patterns, primarily due to human activities like burning fossil fuels.",I need to ensure both the natural and human-induced aspects are addressed.,"Climate change involves significant and lasting alterations in temperature and weather patterns, often driven by human activities such as pollution and deforestation."
What is a comet?,"A comet is a small icy body in space that, when near the sun, develops a visible atmosphere (coma) and tail due to sublimation of its ice.",I must capture both its composition and the explanation of how the tail forms.,"A comet is an icy celestial object that, as it approaches the sun, develops a glowing coma and tail from sublimating ice."
How does a camera capture an image?,"A camera captures light through a lens, which focuses the light onto a sensor or film, recording an image.",I need to include the basic optical process and the role of sensors.,"A camera uses a lens to focus light onto a sensor or film, capturing an image through an optical and electronic process."
What is the importance of the ozone layer?,"The ozone layer absorbs harmful ultraviolet radiation from the sun, protecting living organisms on Earth.",I must note its role in shielding life and the consequences of ozone depletion.,"The ozone layer is crucial because it absorbs harmful UV radiation, thereby protecting ecosystems and human health."
What is the function of a smartphone?,"A smartphone combines a mobile phone with a wide range of computing functions, including internet access, apps, and multimedia.",I need to succinctly capture its multifunctional role.,"A smartphone is a mobile device that integrates communication, internet access, multimedia, and computing capabilities in one portable unit."
How do plants grow?,"Plants grow through a combination of photosynthesis, nutrient absorption, and cell division, driven by factors like sunlight, water, and soil quality.",I must ensure the biological processes involved are appropriately mentioned.,"Plants grow by converting sunlight into energy through photosynthesis, absorbing water and nutrients from the soil, and multiplying through cell division."
What is the significance of the Renaissance?,"The Renaissance was a period of cultural, artistic, and scientific revival in Europe that marked a transition from the Middle Ages.","I need to stress its widespread influence on art, philosophy, and science.","The Renaissance was a transformative era that revitalized art, science, and culture in Europe, laying the groundwork for modern Western thought and aesthetics."
Who wrote 'To Kill a Mockingbird'?,"Harper Lee is the author of the classic novel 'To Kill a Mockingbird,' which addresses themes of racial injustice.",I need to ensure the correct attribution and a brief indication of its significance.,Harper Lee wrote 'To Kill a Mockingbird.'
Define the term 'sustainability.',Sustainability involves using resources in a way that meets present needs without compromising the ability of future generations to meet theirs.,I must make sure both the present and future aspects are captured.,"Sustainability is the practice of meeting current needs without compromising the ability of future generations to meet their own needs, often applied to environmental, economic, and social practices."
What is the function of a cell phone?,"A cell phone's primary functions include telecommunication, internet connectivity, and running various applications.",I should emphasize its multifunctional nature in daily life.,"A cell phone is used for voice communication, accessing the internet, and running a wide range of apps for personal and business use."
What is the role of government?,"Governments create and enforce laws, provide public services, and protect the rights and welfare of their citizens.",I must include both the regulatory and service-oriented roles of the government.,"The role of government is to establish laws, provide services, maintain order, and safeguard the rights and welfare of its citizens."
What causes thunderstorms?,"Thunderstorms form when warm, moist air rises rapidly, leading to cloud formation, lightning, and thunder.",I should ensure the description outlines the basic meteorological process.,"Thunderstorms are caused by upward-moving warm, moist air that leads to rapid condensation, resulting in lightning, thunder, and heavy rain."
How does a magnet work?,"A magnet produces a magnetic field that attracts ferromagnetic materials and repels others, based on the alignment of atomic magnetic domains.",I need to ensure a simple yet accurate explanation of magnetic forces is provided.,"A magnet generates a magnetic field due to the alignment of its atomic magnetic domains, allowing it to attract or repel certain materials."
What are the main principles of democracy?,"Democracy is based on principles such as free and fair elections, majority rule, minority rights, and the rule of law.",I should be succinct while covering the essential democratic ideals.,"The main principles of democracy include free and fair elections, the protection of individual and minority rights, majority rule, and adherence to the rule of law."
Define renewable energy sources.,"Renewable energy sources are derived from natural processes that are constantly replenished, such as wind, solar, and hydro.",I need to reiterate the sustainability and natural replenishment concepts.,"Renewable energy sources are types of energy from naturally replenished resources, including solar power, wind energy, and hydropower."
What is the role of an ecosystem?,"An ecosystem is a community of living organisms interacting with their physical environment, maintaining the balance of life processes.",I must include that ecosystems support biodiversity and provide essential services.,"An ecosystem is a complex network of organisms and their physical surroundings that interact to sustain life, recycle nutrients, and maintain balance in nature."
What is the difference between weather and climate?,"Weather refers to short-term atmospheric conditions, while climate describes long-term patterns and averages of weather over decades.",I must clearly distinguish the timeframe and scale of these terms.,"Weather is the short-term state of the atmosphere, whereas climate is the long-term average of weather patterns in a region."
Explain how electricity is generated.,"Electricity can be generated through various methods such as combustion, nuclear reactions, or renewable sources like wind and solar, which drive turbines to produce electrical energy.",I should ensure that the explanation covers both traditional and renewable methods briefly.,"Electricity is generated by converting energy from sources such as fossil fuels, nuclear reactions, wind, or solar power into electrical energy, often by turning turbines that drive generators."
What is an ecosystem?,An ecosystem comprises all living organisms in a specific area along with their environment and the interactions among them.,I need to ensure the answer encapsulates the synergy between biotic and abiotic elements.,An ecosystem is a community of living organisms interacting with each other and their physical environment in a specific area.
Who was Winston Churchill?,"Winston Churchill was the Prime Minister of the United Kingdom during World War II, known for his leadership and inspiring speeches.",I must verify his historical role and influence are clearly stated.,"Winston Churchill was the Prime Minister of the United Kingdom during World War II, celebrated for his determination and oratory skills."
What is the importance of internet safety?,"Internet safety involves protecting personal information and devices from cyber threats, ensuring a secure experience online.",I need to mention both the prevention of data breaches and the safeguarding of privacy.,"Internet safety is important for protecting personal data, securing devices against malware, and ensuring privacy in an increasingly connected world."
Define cultural diversity.,"Cultural diversity refers to the variety of cultural or ethnic groups within a society, each with unique traditions and perspectives.",I need to ensure that the answer conveys the value of different cultural backgrounds to society.,"Cultural diversity is the presence of multiple cultural or ethnic groups within a society, contributing various traditions, languages, and viewpoints."
How does a rocket launch work?,"A rocket launch works by using powerful engines to expel gas downwards, generating thrust that lifts the rocket upward in accordance with Newton's third law.",I must clearly connect the physical principle behind the rocket's movement.,"A rocket launch involves engines expelling gases at high speed in the opposite direction of travel, generating the thrust needed to overcome gravity and lift off, as described by Newton's third law."
What is the function of a resistor in an electrical circuit?,"A resistor limits the flow of electric current in a circuit, helping to manage and control voltage levels.",I need to ensure the explanation is clear and technically accurate.,"A resistor restricts the flow of electrical current, protecting circuit components and helping to regulate voltage and current levels."
What is the role of law in society?,"Law establishes rules that govern behavior, ensures order, protects rights, and provides a framework for resolving disputes.",I must highlight the societal benefits and justice aspects of the law.,"Law provides a structured framework for maintaining social order, protecting individual rights, and resolving conflicts in society."
Explain the process of photosynthesis in plants.,"Photosynthesis in plants converts sunlight, carbon dioxide, and water into sugars and oxygen, fueling growth.","I need to ensure both the reactants and products are mentioned, emphasizing its role in the food chain.","Photosynthesis is the process by which plants use sunlight to convert carbon dioxide and water into glucose and oxygen, thereby sustaining their growth and providing energy for other organisms."
What is the meaning of democracy?,"Democracy is a form of government in which power is vested in the people, either directly or through elected representatives.",I must capture the essential idea of popular sovereignty and participation in governance.,Democracy is a system of government where the people exert power directly or elect representatives to make decisions on their behalf.
How does a refrigerator work?,"A refrigerator works by using a coolant and a compressor to remove heat from the inside, preserving food at low temperatures.",I need to mention the basic refrigeration cycle components.,"A refrigerator removes heat from its interior using a refrigerant, compressor, and condenser, maintaining low temperatures to preserve food."
What is the importance of space exploration?,"Space exploration drives scientific discovery, technological innovations, and a better understanding of the universe.","I need to capture the benefits to science, technology, and human curiosity alike.","Space exploration is important for advancing scientific knowledge, driving innovation, and broadening our understanding of the universe and our place within it."
What is cybersecurity?,"Cybersecurity involves protecting computers, networks, and data from unauthorized access, attacks, and damage.",This requires mentioning both protective measures and the importance of data integrity.,"Cybersecurity is the practice of safeguarding digital systems, networks, and data against unauthorized access, cyber threats, and damage."
Define nanotechnology.,"Nanotechnology is the manipulation and engineering of materials on an atomic or molecular scale, typically below 100 nanometers.",I need to ensure that the scale and scope of the technology are clearly mentioned.,"Nanotechnology is the science and engineering involved in manipulating materials at the nanoscale, typically below 100 nanometers, to create novel properties and applications."
How does a battery store energy?,"A battery stores energy chemically through reactions between its electrodes and electrolyte, which is later converted to electrical energy when required.",I must include the chemical reaction and conversion process clearly.,"A battery stores energy chemically through redox reactions, allowing it to release that stored energy as electrical power when connected to a circuit."
What is the difference between a virus and bacteria?,"Viruses are non-living particles that require a host to replicate, while bacteria are living microorganisms that can reproduce on their own.",I need to ensure the explanation clearly distinguishes between living organisms and non-living infectious agents.,"Viruses are non-living infectious particles that require a host cell to reproduce, whereas bacteria are living microorganisms that can multiply independently under suitable conditions."
What is the function of DNA?,DNA carries the genetic instructions for the development and functioning of living organisms.,"I need to ensure that the roles in heredity, cell function, and protein synthesis are implicitly included.","DNA stores genetic information and directs cell activities, including growth, reproduction, and protein synthesis."
Describe how a solar eclipse occurs.,"A solar eclipse happens when the Moon passes between the Sun and Earth, casting a shadow on Earth.",I must include both the alignment and the blocking of sunlight.,"A solar eclipse occurs when the Moon positions itself between the Sun and the Earth, partially or completely blocking the Sun’s light."
What is economic globalization?,"Economic globalization refers to the increasing interdependence of world economies through trade, investment, and the spread of technology.","I need to include multiple facets such as trade, capital flows, and information exchange.","Economic globalization is the process whereby national economies become interconnected through increased trade, investment, and the exchange of technology and information."
What is the importance of early childhood education?,"Early childhood education lays a foundation for future learning, cognitive development, and social skills.",I must emphasize its long-term impact on personal and societal progress.,Early childhood education is crucial as it builds the foundational skills and knowledge necessary for lifelong learning and development.
How do plants convert sunlight into energy?,Plants use chlorophyll in the process of photosynthesis to convert sunlight into chemical energy stored as glucose.,"I need to clearly connect sunlight, chlorophyll, and the production of energy.","Plants convert sunlight into energy by using chlorophyll to capture light energy, which is then used to convert carbon dioxide and water into glucose through photosynthesis."
What is 5G technology?,"5G is the fifth generation of mobile network technology, offering faster speeds and more reliable connections compared to previous generations.",I need to ensure the answer captures both the performance improvements and technological advancements of 5G.,"5G is the fifth generation of mobile networks, providing significantly faster data speeds, lower latency, and improved connectivity compared to earlier generations."
Define the term 'blockchain.',"Blockchain is a decentralized digital ledger that records transactions across many computers, ensuring security and transparency.",I must note both the decentralized and secure nature of the technology.,"Blockchain is a distributed, decentralized ledger technology that records transactions securely and transparently across multiple nodes."
What is the function of the circulatory system?,"The circulatory system transports blood, nutrients, oxygen, and wastes throughout the body.",I need to ensure that both distribution of nutrients and removal of wastes are mentioned.,"The circulatory system is responsible for transporting blood, oxygen, nutrients, and waste products throughout the body."
What are renewable natural resources?,"Renewable natural resources are those that can quickly replenish naturally, such as solar energy, wind, and water.",I must highlight their sustainable nature compared to nonrenewable resources.,"Renewable natural resources are naturally replenishing resources like sunlight, wind, and water, which can be used sustainably."
Explain the process of metamorphosis.,"Metamorphosis is a biological process in which an organism undergoes significant physical changes during its lifecycle, as seen in insects like butterflies.",I must ensure to mention the transformative stages clearly.,"Metamorphosis is the process through which an organism, such as a caterpillar, undergoes dramatic changes in form during its lifecycle to become a butterfly."
What is the role of cortisol in the body?,"Cortisol is a hormone released in response to stress and helps regulate metabolism, immune responses, and blood sugar levels.",I need to ensure its functions in stress management and homeostasis are captured.,"Cortisol is a stress hormone that helps regulate metabolism, immune function, and blood sugar levels."
What factors contribute to economic growth?,"Economic growth is influenced by factors such as technological innovation, capital investment, a skilled workforce, and stable institutions.","I must include a range of economic, social, and political factors without oversimplifying.","Economic growth is driven by technological advancements, increased capital investment, a productive workforce, and a stable, supportive institutional framework."
Define the term 'virtual reality.',"Virtual reality (VR) is a simulated experience created by computer technology, often engaging multiple senses to immerse the user in a virtual world.",I must capture both the technological and experiential aspects of VR.,"Virtual reality (VR) is a computer-generated, immersive simulation that replicates a real or imagined environment, engaging multiple senses."
What is the purpose of a psychiatric evaluation?,"A psychiatric evaluation assesses a person's mental health, emotional status, and cognitive functioning to diagnose conditions and plan treatment.",I need to ensure that both the diagnostic and treatment planning roles are clearly mentioned.,"A psychiatric evaluation is conducted to assess mental health, diagnose psychological conditions, and develop a treatment plan."
What does HTTP stand for?,"HTTP stands for HyperText Transfer Protocol, which is the foundation of data communication on the World Wide Web.",I need to ensure the full form and its purpose are clearly provided.,HTTP stands for HyperText Transfer Protocol.
How does a diesel engine work?,"A diesel engine compresses air to a high temperature and then injects fuel, which ignites spontaneously due to the high temperature, producing power.",I need to capture the compression ignition process accurately.,"A diesel engine works by compressing air to a high temperature and then injecting fuel, which ignites under pressure, driving the engine's power cycle."
Describe the process of human evolution.,Human evolution is the gradual process by which modern humans developed from ancestral primate species through natural selection and genetic mutations over millions of years.,I must ensure the explanation covers both natural selection and genetic variation over time.,Human evolution is the process through which modern Homo sapiens developed from earlier hominid species through gradual genetic changes and natural selection over millions of years.
What is the role of DNA in heredity?,"DNA carries genetic information from parents to offspring, determining traits and biological functions.",I need to ensure that the transmission of genetic traits is clearly emphasized.,"DNA stores and transmits genetic information, ensuring that traits and biological functions are passed from one generation to the next."
What is the significance of the Industrial Revolution?,"The Industrial Revolution marked a major turning point in human history with the shift from agrarian economies to industrialized societies, resulting in technological, economic, and social transformations.",I must capture the broad impact on society and the economy.,"The Industrial Revolution was significant for its transformative impact on technology, economics, and society, shifting the global landscape from agrarian to industrial economies."
Who invented the printing press?,"Johannes Gutenberg is credited with inventing the printing press in the mid-15th century, revolutionizing information dissemination.",I must note both the historical name and the transformative impact on society.,"Johannes Gutenberg invented the printing press, which revolutionized the way information was disseminated."
What is the process of condensation?,Condensation is the process by which water vapor in the air cools and changes back into liquid water.,I need to ensure that the explanation highlights the phase change from gas to liquid.,"Condensation is the process of water vapor cooling and changing into liquid water, forming droplets."
How does wind energy work?,Wind energy is harnessed by converting kinetic energy from wind into electrical energy using wind turbines.,I must ensure to capture the conversion process from wind motion to electricity.,Wind energy works by using wind turbines to capture the kinetic energy of moving air and convert it into electrical energy.
What is the definition of ethics?,Ethics refers to the moral principles that govern a person's behavior or the conducting of an activity.,"I need to ensure that the definition is broad enough to cover different fields such as personal, professional, and academic ethics.","Ethics is the branch of philosophy that deals with questions about what is morally right or wrong, establishing principles for behavior."
How does a combustion engine operate?,"A combustion engine burns fuel within a controlled environment to produce heat and pressure, which then is converted into mechanical work.","I need to mention the key stages of fuel ignition, expansion, and exhaust.","A combustion engine operates by burning fuel in a controlled environment, generating heat and pressure that drives the mechanical movements of the engine."
What is the function of the pancreas?,"The pancreas produces enzymes that aid in digestion and hormones, such as insulin, that regulate blood sugar levels.",I must ensure to capture both its digestive and endocrine functions.,"The pancreas has a dual role, producing digestive enzymes to help break down food and hormones like insulin to regulate blood sugar."
Explain the importance of maintaining biodiversity.,"Biodiversity ensures ecosystem resilience, supports ecosystem services, and provides genetic resources for agriculture and medicine.",I need to emphasize both ecological stability and the practical benefits to human society.,"Maintaining biodiversity is crucial as it underpins ecosystem resilience, supports life-sustaining processes, and provides a rich reservoir of genetic and medicinal resources."
How does the process of fermentation work?,"Fermentation is a metabolic process where microorganisms convert sugars into acids, gases, or alcohol in the absence of oxygen.",I must highlight its biochemical nature and its applications in food production.,"Fermentation is a metabolic process in which microorganisms break down sugars anaerobically, producing substances like alcohol, acids, or gases, and is used in the making of bread, yogurt, and alcoholic beverages."
What is the capital of Italy?,Rome is historically and politically recognized as the capital of Italy.,I must ensure the answer is both direct and unambiguous.,The capital of Italy is Rome.
Who is known as the 'Father of Modern Medicine'?,Hippocrates is often regarded as the 'Father of Modern Medicine' due to his early contributions to the systematic study of medicine.,I need to ensure that his pioneering role in establishing medical ethics and practices is mentioned.,Hippocrates is known as the 'Father of Modern Medicine' for his contributions to medical practice and ethics.
What is the primary source of energy for Earth?,"The Sun is the primary and most abundant source of energy for Earth, driving weather, climate, and life.",I must mention the role of solar radiation in sustaining life.,The primary source of energy for Earth is the Sun.
What is the process of supplying water to urban areas called?,"This process is known as water distribution, which involves the collection, treatment, and delivery of water to consumers.",I need to ensure the explanation encapsulates both the treatment and distribution phases.,"The process of supplying water to urban areas involves water collection, treatment, and distribution to households and businesses."
How do satellites orbit Earth?,"Satellites orbit Earth by maintaining a balance between gravitational pull and their tangential velocity, resulting in a stable orbit.",I need to mention both gravitational forces and orbital mechanics.,"Satellites orbit Earth by balancing gravity with their forward momentum, following a curved, stable trajectory."
What is the significance of the Magna Carta?,"The Magna Carta, signed in 1215, is significant as it limited the power of the monarchy and laid the foundation for modern laws and rights.",I must ensure the historical impact on legal systems and individual rights is clear.,The Magna Carta is significant as a historic document limiting monarchical power and laying the groundwork for modern legal and constitutional principles.
Define the term 'artificial intelligence.',Artificial intelligence is the capability of a machine to imitate human cognitive functions such as learning and problem solving.,I must capture both the imitation of cognitive functions and decision-making processes.,"Artificial intelligence is the field of study focused on creating systems that can perform tasks normally requiring human intelligence, such as learning, reasoning, and problem solving."
What is the role of photosynthesis in the carbon cycle?,"Photosynthesis plays a key role in the carbon cycle by absorbing carbon dioxide and converting it into organic compounds, while releasing oxygen.",I need to indicate its significance in reducing atmospheric CO2.,"Photosynthesis helps regulate the carbon cycle by absorbing carbon dioxide and converting it into organic matter, thereby reducing CO2 levels in the atmosphere."
How does a microwave oven heat food?,"A microwave oven uses electromagnetic waves to agitate water molecules in food, generating heat through molecular friction.",I must ensure the physical mechanism of dielectric heating is mentioned clearly.,"A microwave oven heats food by emitting microwaves that cause water molecules in the food to vibrate rapidly, generating heat through friction."
What is the importance of mental health awareness?,"Mental health awareness is crucial for early detection, reducing stigma, and encouraging treatment for mental health conditions.",I need to ensure that both personal wellbeing and broader societal impacts are noted.,"Mental health awareness is important because it aids in reducing stigma, promoting early intervention, and improving overall wellbeing."
What is the function of the spinal cord?,"The spinal cord transmits nerve signals between the brain and the rest of the body, playing a key role in reflexes and movement.",I must confirm that both the relay and reflex functions are mentioned.,The spinal cord acts as the major conduit for information between the brain and the peripheral nervous system and is essential for reflex actions.
Who was Nelson Mandela?,"Nelson Mandela was an anti-apartheid revolutionary and the first black president of South Africa, known for his leadership and reconciliation efforts.","I need to encapsulate his legacy in justice, equality, and perseverance.","Nelson Mandela was a prominent anti-apartheid leader and the first black president of South Africa, celebrated for his role in dismantling racial segregation and fostering national reconciliation."
What is the primary pollutant affecting urban air quality?,"Urban air quality is often degraded by pollutants such as particulate matter (PM2.5/PM10), nitrogen dioxide, and carbon monoxide.",I must choose one that is frequently cited and clearly state its impact.,"Particulate matter, especially PM2.5, is a primary pollutant significantly affecting urban air quality."
How does the circulatory system function?,"The circulatory system pumps blood to deliver oxygen and nutrients to tissues and remove waste products, maintaining homeostasis.",I should capture both the delivery and removal functions in simple terms.,"The circulatory system transports blood, delivering oxygen and nutrients to cells while carrying away waste products, thereby maintaining the body's homeostasis."
What is the purpose of economic sanctions?,Economic sanctions are imposed by one country or group of countries to pressure another nation to change its policies or behaviors.,I must ensure to mention both the political and economic motives behind sanctions.,Economic sanctions are measures used to restrict trade or economic relations to influence a nation's policies or actions.
Explain the role of enzymes in the human body.,"Enzymes are biological catalysts that speed up chemical reactions in the body, essential for digestion, metabolism, and other cellular processes.",I need to convey their importance in sustaining life and efficient bodily functions.,"Enzymes accelerate biochemical reactions in the body, making essential processes like digestion and metabolism possible."
What is the significance of the Olympic Games?,"The Olympic Games bring together athletes from around the world, promoting peace, unity, and the spirit of competition.",I must ensure to capture both the sporting and social/cultural aspects of the event.,"The Olympic Games are significant for promoting global unity, celebrating athletic excellence, and encouraging cross-cultural understanding."
What is the function of a hypervisor in computing?,A hypervisor is software that creates and runs virtual machines by abstracting hardware resources from the operating systems.,I must ensure to mention virtualization and its role in modern computing.,"A hypervisor manages and runs multiple virtual machines by separating the host hardware from the guest operating systems, facilitating efficient resource utilization."
How does genetic engineering work?,"Genetic engineering involves modifying the genetic material of an organism by adding, removing, or altering DNA sequences.",I need to ensure that both the technical process and its applications are mentioned.,"Genetic engineering is the process of directly manipulating an organism's genome using biotechnology to add, remove, or alter DNA sequences for desired traits."
What is the role of mitochondria in energy production?,"Mitochondria produce ATP through cellular respiration, converting nutrients into usable energy for the cell.",I must provide a brief but complete explanation of the energy conversion process.,"Mitochondria generate ATP by breaking down nutrients through cellular respiration, thereby serving as the primary energy producers in cells."
Describe the principles of a free market economy.,"A free market economy is characterized by voluntary exchange, minimal government intervention, and prices determined by supply and demand.","I need to highlight the underlying principles that drive production, distribution, and consumption.","A free market economy operates on the principles of voluntary trade, limited government control, and price determination by supply and demand forces."
What is the process of nuclear fission?,"Nuclear fission is the splitting of a heavy atomic nucleus into lighter nuclei, releasing a large amount of energy in the process.",I must include both the process of splitting and the energy release component.,"Nuclear fission is the process by which a heavy nucleus splits into smaller nuclei, releasing substantial amounts of energy and neutrons."
Define the economic term 'recession.',"A recession is a significant decline in economic activity spread across the economy, lasting more than a few months.",I must ensure to capture both the decline in economic indicators and its duration.,"A recession is a period of economic decline characterized by falling GDP, reduced industrial activity, and rising unemployment, lasting for several months or more."
How does a virus replicate within a host cell?,"A virus replicates by entering a host cell, commandeering its machinery to produce viral components, and assembling new viral particles.",I need to capture the sequential process from cell entry to new virus production.,"A virus replicates by infecting a host cell, using the cell’s machinery to transcribe and translate its genetic material, and subsequently assembling new viruses that are released to infect other cells."
What is the importance of the water cycle?,"The water cycle is vital for replenishing freshwater resources, supporting weather patterns, and maintaining ecosystems.",I must highlight its role in both the environment and human resources.,"The water cycle is essential as it continuously recycles water, ensuring the availability of freshwater, regulating climate, and sustaining all forms of life."
Explain the concept of human rights.,"Human rights are fundamental rights and freedoms inherent to every person, regardless of nationality, ethnicity, or religion.",I need to ensure a comprehensive yet concise description of the universality and importance of these rights.,"Human rights are inalienable rights that every person holds simply by being human and include freedoms such as the right to life, liberty, and security."
Who invented the telephone?,Alexander Graham Bell is commonly credited with inventing the telephone.,I must ensure this widely recognized attribution is clearly stated.,Alexander Graham Bell is credited with inventing the telephone.
What is the mechanism behind earthquakes?,Earthquakes are caused by the sudden release of energy along fault lines due to tectonic stress.,I need to include the tectonic cause and the abrupt release of energy.,"Earthquakes occur when stress along tectonic fault lines is abruptly released, causing a rapid shaking of the ground."
What is a prime number?,A prime number is a natural number greater than 1 that has no positive divisors other than 1 and itself.,I must ensure the definition is mathematically precise.,A prime number is a natural number greater than 1 that can only be divided evenly by 1 and itself.
Define the term 'sustainability' in an environmental context.,"In environmental terms, sustainability means using resources in a manner that does not compromise the ability of future generations to meet their needs.",I need to include the intergenerational aspect of resource use.,Environmental sustainability is the practice of using natural resources in a way that maintains their availability for future generations while minimizing environmental impact.
How does machine learning differ from traditional programming?,"Machine learning involves algorithms that improve through data experience, whereas traditional programming relies on explicit instructions provided by a programmer.",I must highlight the key contrast between learning from data versus hard-coded rules.,"Machine learning allows systems to learn and adapt from data, while traditional programming requires explicit, predetermined instructions to execute tasks."
What is the significance of the periodic table?,"The periodic table organizes chemical elements by their atomic number and properties, serving as a fundamental tool for understanding chemical behavior.",I need to capture its role in both education and scientific research.,"The periodic table is significant as it systematically organizes elements according to their properties, aiding in the study and application of chemistry."
What is the fastest land animal?,The cheetah is widely recognized as the fastest land animal due to its ability to accelerate rapidly and reach high speeds in short bursts.,I must ensure the answer correctly reflects the cheetah's speed and the context of land animals.,"The cheetah is the fastest land animal, capable of reaching speeds up to 60-70 mph in short sprints."
How does a submarine navigate underwater?,"A submarine navigates underwater using ballast tanks, sonar systems, and propulsion mechanisms to maintain its depth and course.",I must include the key methods of underwater navigation and control.,"A submarine navigates underwater by adjusting its ballast tanks for buoyancy, using sonar to detect obstacles and terrain, and employing propulsion systems to steer and move."
What is the function of chlorophyll in plants?,"Chlorophyll is the pigment responsible for absorbing light energy during photosynthesis, which fuels the production of food for the plant.",I need to emphasize its crucial role in capturing light energy.,"Chlorophyll absorbs sunlight, which is then used in photosynthesis to convert carbon dioxide and water into energy, sustaining the plant’s growth."
Define the key principles of stoichiometry in chemistry.,"Stoichiometry involves the quantitative relationships between reactants and products in a chemical reaction, based on the conservation of mass.",I need to ensure the explanation captures both the calculation and conservation aspects.,"Stoichiometry is the branch of chemistry that deals with the quantitative relationships between substances in chemical reactions, ensuring that mass is conserved."
Explain the process of natural selection.,"Natural selection is the process by which organisms better adapted to their environment tend to survive and produce more offspring, leading to evolutionary change.",I must ensure clarity by emphasizing adaptation and reproductive success.,"Natural selection is the evolutionary process where individuals with beneficial traits are more likely to survive and reproduce, gradually shaping the genetic composition of a population."
How does a blockchain ensure data integrity without a central authority?,"A blockchain ensures data integrity through decentralization and cryptographic hashing. Each block contains a cryptographic hash of the previous block, forming a tamper-evident chain. Any change in a block alters its hash, breaking the chain and signaling data corruption. Consensus mechanisms like Proof of Work or Proof of Stake validate transactions across multiple nodes, removing the need for a central authority.","The explanation is solid, but I should also emphasize how decentralization distributes trust and how immutability and transparency increase accountability across the network.","Blockchain maintains data integrity via cryptographic hashing and decentralized consensus mechanisms. Each block is linked through hashes, and any tampering breaks the chain. Trust is distributed, and transparency ensures accountability without a central authority."
What is the principle of ‘innocent until proven guilty’ in legal systems?,"The principle means that a person accused of a crime is presumed innocent unless proven guilty in a court of law. The burden of proof lies with the prosecution, and the accused is not required to prove innocence. This protects individual rights and prevents wrongful punishment without evidence.","This is accurate, but I should mention how this principle is foundational to fair trial systems and ensures due process under constitutional frameworks.",‘Innocent until proven guilty’ places the burden of proof on the prosecution and ensures the accused is not unjustly penalized without evidence. It underpins fair trial systems and guarantees due process in legal frameworks.
Explain how compound interest differs from simple interest.,"Simple interest is calculated on the original principal only, while compound interest is calculated on both the principal and the accumulated interest. This results in exponential growth over time with compound interest, while simple interest grows linearly.","The core idea is sound. To improve reasoning, I should highlight the mathematical formula difference and the significance in long-term investments.","Simple interest is calculated on the principal only, while compound interest includes interest on interest, leading to exponential growth. Compound interest is more powerful for long-term investments due to compounding effects."
Is it ethically acceptable to use AI in hiring processes?,"AI can improve efficiency and reduce bias in hiring by standardizing decisions. However, it can also reinforce existing biases if trained on biased data. Ethical acceptability depends on transparency, accountability, and fairness in design and implementation.","The reasoning is strong, but I should emphasize the importance of auditability and human oversight to prevent systemic discrimination.","Using AI in hiring is ethically acceptable if it ensures fairness, transparency, and accountability. Bias mitigation and human oversight are essential to prevent discrimination and ensure equitable outcomes."
What makes an argument logically valid?,"An argument is logically valid if its conclusion necessarily follows from its premises. If the premises are true, the conclusion must also be true. Validity pertains to structure, not truth of premises.","Reasoning is sound. I could enhance clarity by contrasting validity with soundness, which requires both true premises and valid logic.","An argument is valid if the conclusion logically follows from the premises. Validity is about logical structure, whereas soundness also requires premises to be factually true."
Design a learning strategy for someone struggling with math concepts.,"The strategy should involve visual aids, concept-based learning, practice with real-world problems, spaced repetition, and immediate feedback. Breaking down abstract concepts into tangible elements helps comprehension.","This is good. To elevate reasoning, I should incorporate metacognitive strategies and adaptive learning tools to personalize the experience.","A strong math learning strategy includes visual aids, real-world application, spaced repetition, adaptive tools, immediate feedback, and metacognitive reflection to build conceptual understanding."
How does emotional intelligence contribute to leadership success?,"Emotional intelligence enables leaders to understand and manage their emotions and those of others. This leads to better communication, conflict resolution, empathy, and team motivation.","This is strong reasoning. I should also note that EI correlates with resilience, self-awareness, and the ability to handle uncertainty—key leadership traits.","Emotional intelligence fosters leadership success by enabling empathy, communication, conflict resolution, and resilience. Self-awareness and emotional regulation enhance decision-making and inspire teams."
Compare deductive and inductive reasoning.,Deductive reasoning starts from general principles and derives specific conclusions. Inductive reasoning observes patterns to form generalizations. Deductive conclusions are logically certain; inductive ones are probabilistic.,"Solid reasoning. I could clarify with an example: All humans are mortal (deductive), versus observing swans to infer all swans are white (inductive).","Deductive reasoning moves from general principles to certain conclusions, while inductive reasoning builds generalizations from observations. Deductive is logically certain; inductive is probabilistic."
What are the risks of automation in labor markets?,"Automation increases productivity but displaces low-skill jobs, leading to unemployment and inequality. It may also polarize the labor market, favoring high-skill jobs while eroding middle-skill ones.",Good reasoning. I should include the idea that reskilling and universal basic income are proposed mitigations to offset these risks.,"Automation can displace low-skill workers and polarize labor markets, increasing inequality. Mitigation strategies include reskilling programs and policy interventions like universal basic income."
Why is critical thinking important in a digital age?,"In a digital age, people face vast information sources, including misinformation. Critical thinking helps evaluate credibility, question assumptions, and avoid manipulation by biased or false content.",Reasoning is accurate. I should also highlight the role of digital literacy and epistemic humility in processing information responsibly.,"Critical thinking is vital in a digital age for assessing credibility, questioning assumptions, and resisting misinformation. It complements digital literacy and fosters informed decision-making."
How does the placebo effect illustrate mind-body interaction?,"The placebo effect shows that belief and expectation can influence physiological responses. Patients improve even with inert treatments, illustrating how perception affects biology.",This is correct. I could add that neurobiological mechanisms like endorphin release and dopamine activation underpin this phenomenon.,"The placebo effect illustrates mind-body interaction through psychological belief causing physiological responses, driven by neurochemical mechanisms like endorphin and dopamine pathways."
Explain the principle of opportunity cost in economics.,Opportunity cost is the value of the next best alternative foregone when making a choice. It helps assess trade-offs and resource allocation decisions.,"Good reasoning. I could enhance clarity by providing an example, such as choosing to study instead of working a part-time job.","Opportunity cost is the value of the next best alternative not chosen. For instance, studying for an exam instead of working a job involves the opportunity cost of foregone earnings."
How does cognitive bias affect decision-making?,"Cognitive biases distort perception and reasoning, leading to suboptimal decisions. Examples include confirmation bias, anchoring, and availability bias, which skew judgment.","This is strong, but I should highlight that awareness of these biases is the first step toward mitigating their impact.",Cognitive biases like confirmation bias and anchoring distort decisions by skewing judgment. Awareness and structured thinking help counteract their influence.
Why is intellectual humility critical in scientific inquiry?,Scientific progress depends on openness to revision and acknowledgment of uncertainty. Intellectual humility allows researchers to challenge assumptions and accept better explanations.,Excellent reasoning. I should also mention that humility fosters collaboration and reduces dogmatism in science.,"Intellectual humility is vital in science because it enables openness to new evidence, reduces dogmatism, and fosters collaborative discovery."
Explain how renewable energy can help combat climate change,"To address this, I need to consider different types of renewable energy sources, their environmental impact, and how they reduce carbon emissions. I'll break down the key renewable energy types and their specific contributions to mitigating climate change.","I should ensure I cover multiple renewable energy sources, not just solar and wind. I also need to explain the mechanism of carbon reduction and provide concrete examples of how these energy sources replace fossil fuels.","Renewable energy combats climate change by: 1) Reducing greenhouse gas emissions through clean energy sources like solar, wind, hydroelectric, and geothermal power. 2) Decreasing reliance on fossil fuels that release carbon dioxide. 3) Providing sustainable energy alternatives that can be continuously generated without depleting natural resources. For example, solar panels convert sunlight directly into electricity without producing carbon emissions, while wind turbines generate power through turbine rotation driven by wind, offering a zero-emission energy solution."
Design a strategy to improve critical thinking skills in high school students,"To develop an effective strategy, I need to consider cognitive development, educational psychology, and practical implementation methods that can engage teenagers in critical thinking.","I should include specific, actionable techniques rather than just theoretical approaches. The strategy must be age-appropriate, interactive, and measurable in its outcomes.","A comprehensive strategy to improve critical thinking in high school students would include: 1) Implementing Socratic questioning techniques in classroom discussions, encouraging students to analyze assumptions and explore multiple perspectives. 2) Developing interdisciplinary project-based learning that requires complex problem-solving across different subjects. 3) Creating debate and argument analysis workshops where students learn to evaluate evidence, recognize logical fallacies, and construct well-reasoned arguments. 4) Introducing reflective journaling practices that prompt students to examine their own thought processes and biases."
Analyze the potential long-term societal impacts of artificial intelligence,"To comprehensively analyze AI's societal impacts, I need to consider economic, ethical, social, and technological dimensions, avoiding both extreme pessimism and uncritical optimism.","I should balance potential benefits and risks, include perspectives from multiple disciplines, and acknowledge the complexity and uncertainty of technological transformation.","The long-term societal impacts of artificial intelligence are multifaceted: 1) Economic Transformation: Potential job displacement in routine tasks, but also creation of new job categories and increased productivity. 2) Ethical Challenges: Emerging questions about AI decision-making, algorithmic bias, privacy, and the need for robust governance frameworks. 3) Social Interaction: Potential changes in communication, education, and interpersonal relationships through AI-mediated experiences. 4) Technological Evolution: Accelerated scientific research, personalized healthcare, and complex problem-solving capabilities. The key will be proactive, collaborative management of AI development to maximize benefits while mitigating potential risks."
What is the significance of the Magna Carta?,"The Magna Carta, signed in 1215, was a charter that limited the power of the English king and established certain legal rights for citizens. It is considered a foundational document for modern democracy and the rule of law.","The explanation is accurate, but I should note that its significance lies in being a precursor to constitutional governance, even though its immediate effect was limited.","The Magna Carta, signed in 1215, is significant as it limited the power of the monarchy and laid the groundwork for modern concepts of democracy and the rule of law."
What is the difference between weather and climate?,"Weather refers to the short-term atmospheric conditions in a specific area, such as temperature, humidity, and precipitation. Climate, on the other hand, describes the long-term average of weather patterns over a region.","The distinction is correct, but I should emphasize that weather is highly variable, while climate is more stable and is measured over decades.","Weather is the short-term atmospheric conditions in a specific area, while climate refers to the long-term patterns and averages of weather in a region over time."
What are the three states of matter?,"The three classical states of matter are solid, liquid, and gas. Solids have a fixed shape and volume, liquids take the shape of their container but have a fixed volume, and gases have neither a fixed shape nor a fixed volume.","The description is accurate, but I should note that there are additional states of matter, such as plasma and Bose-Einstein condensates, under specific conditions.","The three classical states of matter are solid, liquid, and gas. Solids have a fixed shape and volume, liquids have a fixed volume but take the shape of their container, and gases have neither a fixed shape nor volume."
What is the function of the mitochondria in a cell?,"The mitochondria are known as the powerhouse of the cell. They generate energy in the form of ATP (adenosine triphosphate) through cellular respiration, using oxygen and nutrients.","The explanation is correct, but I should clarify that mitochondria also play a role in regulating cellular metabolism and apoptosis (programmed cell death).",The mitochondria generate energy for the cell in the form of ATP through cellular respiration and also regulate cellular metabolism and apoptosis.
What causes the seasons on Earth?,The seasons are caused by the tilt of Earth's axis (approximately 23.5 degrees) and its orbit around the Sun. This tilt causes different parts of Earth to receive varying amounts of sunlight throughout the year.,"The explanation is accurate, but I should also mention that the Earth's elliptical orbit has a minor influence on seasonal variations.","Seasons are caused by the tilt of Earth's axis (23.5 degrees) and its orbit around the Sun, resulting in varying sunlight distribution throughout the year."
What is the main role of the United Nations?,"The United Nations (UN) is an international organization established in 1945. Its primary role is to promote peace and security, foster international cooperation, and address global issues like human rights, development, and climate change.","The explanation is comprehensive, but I should emphasize that the UN operates through various specialized agencies, such as the WHO and UNICEF, to achieve its goals.","The main role of the United Nations is to promote peace and security, foster international cooperation, and address global challenges like human rights, development, and climate change through its various agencies."
What is the difference between renewable and non-renewable energy sources?,"Renewable energy sources, such as solar, wind, and hydro, are replenished naturally and are sustainable over time. Non-renewable energy sources, like coal, oil, and natural gas, are finite and deplete with use.","The distinction is accurate, but I should note that renewable energy sources can still have environmental impacts, such as habitat disruption from hydroelectric dams.","Renewable energy sources, like solar and wind, are replenished naturally, while non-renewable sources, like coal and oil, are finite and deplete over time."
What is the difference between an asteroid and a comet?,"An asteroid is a rocky body that orbits the Sun, primarily found in the asteroid belt. A comet is composed of ice, dust, and rocky material, and develops a glowing tail when it approaches the Sun due to sublimation.","The distinction is correct, but I should clarify that both asteroids and comets are remnants from the early solar system, and their orbits can vary significantly.","An asteroid is a rocky body that orbits the Sun, often found in the asteroid belt, while a comet is composed of ice and dust and develops a glowing tail when near the Sun."
What is the significance of the Treaty of Versailles?,"The Treaty of Versailles, signed in 1919, officially ended World War I. It imposed strict reparations and territorial losses on Germany, which contributed to economic hardship and political instability in the country.","The explanation is correct, but I should mention that the treaty also established the League of Nations, an early attempt at international peacekeeping.","The Treaty of Versailles, signed in 1919, ended World War I, imposed reparations and territorial losses on Germany, and established the League of Nations."
What is the basic principle of supply and demand in economics?,"The principle of supply and demand explains how the price of goods is determined. When demand increases and supply remains constant, prices rise. Conversely, if supply increases and demand remains constant, prices fall.","The explanation is accurate, but I should clarify that equilibrium occurs when supply and demand balance, setting a stable market price.","The principle of supply and demand states that prices rise when demand increases and supply remains constant, and prices fall when supply increases and demand remains constant. Market equilibrium occurs when supply equals demand."
What is the capital of France?,The capital of France is Paris. I need to ensure this is not confused with other major cities in France.,Paris is indeed the capital and largest city of France. There is no confusion with other cities like Marseille or Lyon.,The capital of France is Paris.
Who wrote 'To Kill a Mockingbird'?,'To Kill a Mockingbird' was written by Harper Lee. I need to verify this to ensure no confusion with similar authors.,Harper Lee is the correct author. There is no confusion with other authors like Mark Twain or Jane Austen.,Harper Lee wrote 'To Kill a Mockingbird'.
What is the boiling point of water in Celsius?,The boiling point of water is 100 degrees Celsius at standard atmospheric pressure. I need to confirm this is not confused with Fahrenheit.,"100 degrees Celsius is correct for the boiling point of water at standard atmospheric pressure. In Fahrenheit, it is 212 degrees.",The boiling point of water is 100 degrees Celsius.
What is the largest planet in our Solar System?,The largest planet in our Solar System is Jupiter. I need to ensure this is not confused with other gas giants like Saturn.,"Jupiter is indeed the largest planet, significantly larger than Saturn, Uranus, and Neptune.",The largest planet in our Solar System is Jupiter.
Who was the first President of the United States?,The first President of the United States was George Washington. I need to verify this to ensure no confusion with other founding fathers.,George Washington is correct. There is no confusion with other figures like Thomas Jefferson or John Adams.,The first President of the United States was George Washington.
What is the chemical symbol for gold?,The chemical symbol for gold is Au. I need to ensure this is not confused with other elements.,Au is correct for gold. There is no confusion with other elements like Ag for silver or Fe for iron.,The chemical symbol for gold is Au.
What is the main language spoken in Brazil?,The main language spoken in Brazil is Portuguese. I need to verify this to ensure no confusion with Spanish-speaking countries.,"Portuguese is correct for Brazil. It is important to distinguish from Spanish, which is spoken in many other South American countries.",The main language spoken in Brazil is Portuguese.
What is the square root of 144?,The square root of 144 is 12. I need to ensure this is calculated correctly.,12 is correct as 12 * 12 equals 144. There is no mistake in this calculation.,The square root of 144 is 12.
Who developed the theory of relativity?,The theory of relativity was developed by Albert Einstein. I need to verify this to ensure no confusion with other scientists.,Albert Einstein is correct. There is no confusion with other scientists like Isaac Newton or Niels Bohr.,Albert Einstein developed the theory of relativity.
What is the currency of Japan?,The currency of Japan is the Yen. I need to verify this to ensure no confusion with other Asian currencies.,Yen is correct for Japan. It is important to distinguish from other currencies like the Chinese Yuan or South Korean Won.,The currency of Japan is the Yen.
Who painted the Mona Lisa?,The Mona Lisa was painted by Leonardo da Vinci. I need to verify this to ensure no confusion with other Renaissance artists.,Leonardo da Vinci is correct. There is no confusion with other artists like Michelangelo or Raphael.,The Mona Lisa was painted by Leonardo da Vinci.
What is the hardest natural substance on Earth?,The hardest natural substance on Earth is diamond. I need to verify this to ensure no confusion with other hard materials.,Diamond is correct as the hardest natural substance. There is no confusion with other materials like quartz or corundum.,The hardest natural substance on Earth is diamond.
What is the speed of light in a vacuum?,"The speed of light in a vacuum is approximately 299,792 kilometers per second. I need to verify this to ensure no confusion with other speeds.","299,792 kilometers per second is correct for the speed of light in a vacuum. There is no confusion with other speeds.","The speed of light in a vacuum is approximately 299,792 kilometers per second."
What is the largest organ in the human body?,The largest organ in the human body is the skin. I need to verify this to ensure no confusion with other large organs.,Skin is correct as the largest organ. There is no confusion with other organs like the liver or brain.,The largest organ in the human body is the skin.
Who discovered penicillin?,Penicillin was discovered by Alexander Fleming. I need to verify this to ensure no confusion with other scientists.,Alexander Fleming is correct. There is no confusion with other scientists like Louis Pasteur or Marie Curie.,Penicillin was discovered by Alexander Fleming.
What is the smallest country in the world?,The smallest country in the world is Vatican City. I need to verify this to ensure no confusion with other small countries.,Vatican City is correct as the smallest country. There is no confusion with other small countries like Monaco or Nauru.,The smallest country in the world is Vatican City.
What is the capital of Canada?,The capital of Canada is Ottawa. I need to ensure this is not confused with other major cities like Toronto or Vancouver.,Ottawa is indeed the capital of Canada. There is no confusion with other cities.,The capital of Canada is Ottawa.
Who was the first man to walk on the moon?,The first man to walk on the moon was Neil Armstrong. I need to verify this to ensure no confusion with other astronauts.,Neil Armstrong is correct. There is no confusion with other astronauts like Buzz Aldrin or Michael Collins.,The first man to walk on the moon was Neil Armstrong.
What is the chemical formula for water?,The chemical formula for water is H2O. I need to ensure this is not confused with other compounds.,H2O is correct for water. There is no confusion with other compounds like CO2 for carbon dioxide or H2O2 for hydrogen peroxide.,The chemical formula for water is H2O.
What is the largest ocean on Earth?,The largest ocean on Earth is the Pacific Ocean. I need to verify this to ensure no confusion with other oceans.,The Pacific Ocean is correct as the largest ocean. There is no confusion with other oceans like the Atlantic or Indian Ocean.,The largest ocean on Earth is the Pacific Ocean.
Who wrote '1984'?,'1984' was written by George Orwell. I need to verify this to ensure no confusion with other authors.,George Orwell is correct. There is no confusion with other authors like Aldous Huxley or Ray Bradbury.,George Orwell wrote '1984'.
What is the capital of Australia?,The capital of Australia is Canberra. I need to ensure this is not confused with other major cities like Sydney or Melbourne.,Canberra is indeed the capital of Australia. There is no confusion with other cities.,The capital of Australia is Canberra.
What is the longest river in the world?,The longest river in the world is the Nile. I need to verify this to ensure no confusion with other long rivers.,The Nile is correct as the longest river. There is no confusion with other rivers like the Amazon or Yangtze.,The longest river in the world is the Nile.
Who developed the theory of evolution by natural selection?,The theory of evolution by natural selection was developed by Charles Darwin. I need to verify this to ensure no confusion with other scientists.,Charles Darwin is correct. There is no confusion with other scientists like Alfred Russel Wallace or Gregor Mendel.,Charles Darwin developed the theory of evolution by natural selection.
What is the capital of China?,The capital of China is Beijing. I need to ensure this is not confused with other major cities like Shanghai or Hong Kong.,Beijing is indeed the capital of China. There is no confusion with other cities.,The capital of China is Beijing.
What is the smallest planet in our Solar System?,The smallest planet in our Solar System is Mercury. I need to verify this to ensure no confusion with other planets.,Mercury is correct as the smallest planet. There is no confusion with other planets like Mars or Pluto (which is now a dwarf planet).,The smallest planet in our Solar System is Mercury.
Who wrote 'Pride and Prejudice'?,'Pride and Prejudice' was written by Jane Austen. I need to verify this to ensure no confusion with other authors.,Jane Austen is correct. There is no confusion with other authors like Charlotte Brontë or Emily Brontë.,Jane Austen wrote 'Pride and Prejudice'.
What is the chemical symbol for silver?,The chemical symbol for silver is Ag. I need to ensure this is not confused with other elements.,Ag is correct for silver. There is no confusion with other elements like Au for gold or Fe for iron.,The chemical symbol for silver is Ag.
What is the capital of Russia?,The capital of Russia is Moscow. I need to ensure this is not confused with other major cities like Saint Petersburg.,Moscow is indeed the capital of Russia. There is no confusion with other cities.,The capital of Russia is Moscow.
What is the speed of sound in air at sea level?,The speed of sound in air at sea level is approximately 343 meters per second. I need to verify this to ensure no confusion with other speeds.,343 meters per second is correct for the speed of sound in air at sea level. There is no confusion with other speeds.,The speed of sound in air at sea level is approximately 343 meters per second.
Who was the first woman to win a Nobel Prize?,The first woman to win a Nobel Prize was Marie Curie. I need to verify this to ensure no confusion with other female laureates.,"Marie Curie is correct. There is no confusion with other female laureates like Marie Curie's daughter, Irène Joliot-Curie, or Bertha von Suttner.",The first woman to win a Nobel Prize was Marie Curie.
What is the main religion in India?,The main religion in India is Hinduism. I need to verify this to ensure no confusion with other religions practiced in India.,Hinduism is correct as the main religion in India. There is no confusion with other religions like Islam or Sikhism.,The main religion in India is Hinduism.
What is the capital of South Africa?,"South Africa has three capital cities: Pretoria (executive), Bloemfontein (judicial), and Cape Town (legislative). I need to verify this to ensure no confusion with other cities.",South Africa indeed has three capital cities. There is no confusion with other cities like Johannesburg or Durban.,"South Africa has three capital cities: Pretoria (executive), Bloemfontein (judicial), and Cape Town (legislative)."
What is the tallest mountain in the world?,The tallest mountain in the world is Mount Everest. I need to verify this to ensure no confusion with other tall mountains.,Mount Everest is correct as the tallest mountain. There is no confusion with other mountains like K2 or Kangchenjunga.,The tallest mountain in the world is Mount Everest.
Who wrote 'The Great Gatsby'?,'The Great Gatsby' was written by F. Scott Fitzgerald. I need to verify this to ensure no confusion with other authors.,F. Scott Fitzgerald is correct. There is no confusion with other authors like Ernest Hemingway or William Faulkner.,F. Scott Fitzgerald wrote 'The Great Gatsby'.
What is the capital of Argentina?,The capital of Argentina is Buenos Aires. I need to ensure this is not confused with other major cities in Argentina.,Buenos Aires is indeed the capital of Argentina. There is no confusion with other cities.,The capital of Argentina is Buenos Aires.
What is the chemical symbol for iron?,The chemical symbol for iron is Fe. I need to ensure this is not confused with other elements.,Fe is correct for iron. There is no confusion with other elements like Au for gold or Ag for silver.,The chemical symbol for iron is Fe.
Who discovered gravity?,Gravity was discovered by Sir Isaac Newton. I need to verify this to ensure no confusion with other scientists.,Sir Isaac Newton is correct. There is no confusion with other scientists like Albert Einstein or Galileo Galilei.,Gravity was discovered by Sir Isaac Newton.
What is the capital of Egypt?,The capital of Egypt is Cairo. I need to ensure this is not confused with other major cities in Egypt.,Cairo is indeed the capital of Egypt. There is no confusion with other cities like Alexandria.,The capital of Egypt is Cairo.
What is the largest mammal on Earth?,The largest mammal on Earth is the blue whale. I need to verify this to ensure no confusion with other large mammals.,The blue whale is correct as the largest mammal. There is no confusion with other mammals like the African elephant or the sperm whale.,The largest mammal on Earth is the blue whale.
Who wrote 'War and Peace'?,'War and Peace' was written by Leo Tolstoy. I need to verify this to ensure no confusion with other authors.,Leo Tolstoy is correct. There is no confusion with other authors like Fyodor Dostoevsky or Anton Chekhov.,Leo Tolstoy wrote 'War and Peace'.
What is the capital of Italy?,The capital of Italy is Rome. I need to ensure this is not confused with other major cities in Italy.,Rome is indeed the capital of Italy. There is no confusion with other cities like Milan or Florence.,The capital of Italy is Rome.
What is the chemical symbol for sodium?,The chemical symbol for sodium is Na. I need to ensure this is not confused with other elements.,Na is correct for sodium. There is no confusion with other elements like K for potassium or Li for lithium.,The chemical symbol for sodium is Na.
Who developed the first successful polio vaccine?,The first successful polio vaccine was developed by Jonas Salk. I need to verify this to ensure no confusion with other scientists.,"Jonas Salk is correct. There is no confusion with other scientists like Albert Sabin, who developed the oral polio vaccine.",The first successful polio vaccine was developed by Jonas Salk.
What is the capital of Spain?,The capital of Spain is Madrid. I need to ensure this is not confused with other major cities in Spain.,Madrid is indeed the capital of Spain. There is no confusion with other cities like Barcelona or Valencia.,The capital of Spain is Madrid.
What is the main language spoken in Russia?,The main language spoken in Russia is Russian. I need to verify this to ensure no confusion with other languages.,Russian is correct as the main language. There is no confusion with other languages like Ukrainian or Tatar.,The main language spoken in Russia is Russian.
Who was the first female Prime Minister of the United Kingdom?,The first female Prime Minister of the United Kingdom was Margaret Thatcher. I need to verify this to ensure no confusion with other female leaders.,Margaret Thatcher is correct. There is no confusion with other female leaders like Theresa May or Golda Meir.,The first female Prime Minister of the United Kingdom was Margaret Thatcher.
What is the capital of Germany?,The capital of Germany is Berlin. I need to ensure this is not confused with other major cities in Germany.,Berlin is indeed the capital of Germany. There is no confusion with other cities like Munich or Hamburg.,The capital of Germany is Berlin.
What is the theory of relativity and who proposed it?,"The theory of relativity is related to space, time, gravity, and motion. I recall Albert Einstein is associated with it. There are actually two theories: special relativity and general relativity. Special relativity deals with the relationship between space and time for objects moving at constant speeds. General relativity explains gravity as the curvature of spacetime caused by mass and energy.","My reasoning is generally correct, but I should be more precise about what each theory covers and the core concepts within them. I should also mention the implications of these theories, like time dilation and length contraction in special relativity, and gravitational lensing and black holes in general relativity.","The theory of relativity, proposed by Albert Einstein, comprises two interconnected theories: special relativity and general relativity. Special relativity, introduced in 1905, deals with the relationship between space and time for observers in relative uniform motion, introducing concepts like time dilation and length contraction and the famous equation E=mc². General relativity, formulated in 1915, expands upon this to include gravity, describing it not as a force, but as a curvature of spacetime caused by mass and energy. This explains phenomena like gravitational lensing and the existence of black holes."
Explain the concept of cognitive dissonance in psychology.,"Cognitive dissonance is when someone feels uncomfortable because they have conflicting beliefs, values, or attitudes.  It's like holding two opposing ideas at the same time which creates mental stress. People try to reduce this dissonance.","My initial reasoning is basic. I should deepen it by explaining how people try to reduce dissonance.  Common methods include changing one of the dissonant cognitions, adding consonant cognitions, reducing the importance of the conflict, or changing behavior to align with beliefs.  Also, examples would be useful.","Cognitive dissonance, in psychology, refers to the mental discomfort experienced by a person who holds two or more contradictory beliefs, ideas, or values. This discomfort is triggered by a perceived inconsistency between cognitions. To reduce this dissonance, individuals may employ various strategies such as changing one or more of the attitudes, beliefs, or behaviors to make them consistent, adding new beliefs to justify the attitude or behavior, reducing the importance of the dissonant beliefs, or altering their perception of the behavior itself. For example, a smoker might experience dissonance knowing smoking is harmful (belief) but continuing to smoke (behavior). They might reduce dissonance by rationalizing that they don't smoke that much, or focusing on the social aspects of smoking."
Describe the water cycle.,"The water cycle is how water moves around the Earth. It involves evaporation from oceans and land, then condensation to form clouds, then precipitation as rain or snow, and finally collection in rivers and oceans, which then evaporates again.","My description is too simplistic. I need to include more details and processes.  I should mention transpiration from plants, infiltration of water into the ground, runoff, and the different forms of precipitation (rain, snow, hail, sleet). Also need to emphasize that it's a continuous cycle and the importance of each stage.","The water cycle, also known as the hydrologic cycle, is the continuous movement of water on, above, and below the surface of the Earth. It's a vital process driven by solar energy and gravity. The cycle begins with evaporation, where water turns into vapor and rises from bodies of water like oceans, lakes, and rivers, as well as from land surfaces and transpiration from plants. This water vapor then cools and condenses in the atmosphere to form clouds. Precipitation occurs when the water droplets in clouds become heavy enough to fall back to Earth in various forms such as rain, snow, hail, or sleet.  The precipitated water may then infiltrate into the ground to become groundwater, run off over the land surface into rivers, lakes, and eventually oceans, or be stored as ice and snow.  This collected water then evaporates and the cycle continues.  It's a closed loop system with no beginning or end, constantly redistributing water across the planet."
What are the main causes of World War I?,"World War I was caused by tensions in Europe.  I remember militarism, alliances, imperialism, and nationalism were key factors - often remembered as MAIN.  The assassination of Archduke Franz Ferdinand was the spark that ignited it.","While MAIN is a good acronym, I need to explain each factor more thoroughly and show how they interrelate.  Militarism wasn't just having armies, but a culture of glorifying military power. Alliances meant a localized conflict could escalate quickly. Imperialism created competition for colonies. Nationalism led to desires for independence and unification that destabilized empires. I also need to elaborate on the assassination and the ultimatum system.","World War I, a global conflict from 1914 to 1918, was triggered by a complex web of interconnected factors, often remembered by the acronym MAIN: Militarism, Alliances, Imperialism, and Nationalism.  Militarism was characterized by a widespread belief in the power of military force and a build-up of arms among European powers, creating an atmosphere of suspicion and readiness for war.  Alliances, such as the Triple Alliance and Triple Entente, were designed for mutual defense but meant that if one nation went to war, others were obligated to follow, escalating regional conflicts. Imperialism led to intense competition among European nations for colonies and resources, generating friction and rivalry. Nationalism, both in the form of desires for national unification (like in Germany and Italy) and independence movements within empires (like in Austria-Hungary), fueled tensions and instability. The immediate trigger was the assassination of Archduke Franz Ferdinand, heir to the Austro-Hungarian throne, by a Serbian nationalist. Austria-Hungary's ultimatum to Serbia, and the subsequent alliance system, rapidly drew major European powers into war."
Explain the concept of supply and demand in economics.,"Supply and demand are basic economic concepts. Demand is how much consumers want a product, and supply is how much producers are willing to sell.  Price is determined by the intersection of supply and demand curves.","My reasoning is too basic. I need to elaborate on the laws of supply and demand, factors that shift these curves (determinants of supply and demand), and the concept of equilibrium price and quantity. I should also touch upon elasticity of supply and demand.","Supply and demand are fundamental concepts in economics that describe how prices are determined in a market economy. The law of demand states that, all else being equal, as the price of a good or service increases, the quantity demanded decreases, and vice versa. Conversely, the law of supply states that, all else being equal, as the price of a good or service increases, the quantity supplied increases, and vice versa.  Demand is influenced by factors such as consumer income, tastes, expectations, and prices of related goods, while supply is affected by factors like input costs, technology, producer expectations, and government policies.  The interaction of supply and demand determines the equilibrium price and quantity, where the quantity demanded equals the quantity supplied. This point of intersection on a supply and demand graph is where the market clears.  Furthermore, the elasticity of supply and demand describes how responsive quantity demanded or supplied is to a change in price, impacting the magnitude of price and quantity changes in response to shifts in either curve."
What is climate change and what are its primary causes?,"Climate change is about the Earth getting warmer.  It's mainly caused by humans burning fossil fuels, which releases greenhouse gases like carbon dioxide.","While broadly correct, I need to be more scientifically accurate and comprehensive.  Climate change isn't just warming; it's broader changes in climate patterns.  I should list other greenhouse gases besides CO2 (methane, nitrous oxide, etc.), explain the greenhouse effect, and discuss other human activities contributing to climate change besides burning fossil fuels, such as deforestation and industrial processes.","Climate change refers to long-term shifts in temperatures and weather patterns. While Earth's climate has naturally varied over millennia, the current rapid changes are primarily attributed to human activities. The primary cause is the enhanced greenhouse effect, resulting from increased concentrations of greenhouse gases in the atmosphere. These gases trap heat from the sun, warming the planet. The most significant greenhouse gas is carbon dioxide (CO2), largely released from burning fossil fuels (coal, oil, and natural gas) for energy production, transportation, and industry. Other important greenhouse gases include methane (CH4), released from agriculture, natural gas leaks, and landfills; nitrous oxide (N2O) from agricultural and industrial activities; and fluorinated gases used in refrigerants and industrial processes. Deforestation also contributes by reducing the planet's capacity to absorb CO2.  These human-induced emissions have led to a significant increase in global average temperatures and are causing wide-ranging impacts on weather patterns, sea levels, and ecosystems."
Explain the concept of inertia in physics.,"Inertia is like laziness of objects.  Objects tend to stay doing what they're already doing. If they're still, they want to stay still. If they're moving, they want to keep moving at the same speed and direction.","My analogy is okay for a simple explanation, but I need to be more precise and scientific. Inertia is related to mass. It's actually Newton's First Law of Motion. I should state the law formally and clarify that it's about resistance to changes in motion, not just 'laziness'.","Inertia, in physics, is the tendency of an object to resist changes in its state of motion. It's a fundamental property of matter described by Newton's First Law of Motion, often called the Law of Inertia. This law states that an object at rest will stay at rest, and an object in motion will stay in motion with the same speed and in the same direction unless acted upon by an unbalanced force. Inertia is directly proportional to an object's mass; the more massive an object, the greater its inertia and the more force required to change its state of motion.  It's not about 'laziness', but rather a fundamental principle governing how objects respond to forces and changes in their motion.  For example, a heavy truck has more inertia than a bicycle, meaning it's harder to start moving and harder to stop once moving."
What are the basic principles of democracy?,Democracy is about people having power.  It involves voting and having elections.  Freedom of speech and rights are also important.,"My description is too high-level. I need to outline specific core principles of democracy more systematically.  These should include popular sovereignty, political equality, majority rule with minority rights, rule of law, and protection of individual rights and freedoms. I also need to mention accountability and transparency of government.","Democracy is a system of government based on several fundamental principles ensuring citizen participation and rights. Core principles include: 1. Popular Sovereignty: The ultimate political power resides in the people, who exercise it directly or indirectly through elected representatives. 2. Political Equality: Each individual citizen has equal rights and opportunities to participate in the political process, often expressed as 'one person, one vote'. 3. Majority Rule with Minority Rights: Decisions are typically made by majority vote, but the rights of minorities must be protected to prevent tyranny of the majority. 4. Rule of Law: Everyone, including government officials, is subject to and accountable under the law, ensuring fairness and preventing arbitrary rule. 5. Protection of Individual Rights and Freedoms: Fundamental rights such as freedom of speech, assembly, religion, and the press are guaranteed and protected from government intrusion. 6. Accountability and Transparency: Government actions are open to scrutiny, and officials are accountable to the people, often through regular elections and mechanisms for oversight. These principles work together to ensure a government 'of the people, by the people, for the people'."
Explain the process of photosynthesis in plants.,"Plants use sunlight to make food. They take in carbon dioxide and water and release oxygen. Chlorophyll is involved, it's what makes them green.","My explanation is too simplistic.  I need to be more scientifically detailed about the stages and components of photosynthesis. It's not just 'making food'; it's converting light energy into chemical energy. I need to mention chloroplasts, chlorophyll, light-dependent and light-independent reactions (Calvin cycle), ATP and NADPH production, and glucose synthesis.  I should also clarify that oxygen is a byproduct.","Photosynthesis is the process by which green plants and some other organisms convert light energy into chemical energy in the form of glucose (a sugar). It occurs within chloroplasts, organelles in plant cells that contain chlorophyll, the green pigment that captures light energy. Photosynthesis consists of two main stages: 1. Light-dependent reactions: These reactions occur in the thylakoid membranes of chloroplasts and use light energy to split water molecules into oxygen, protons, and electrons. This process generates ATP (adenosine triphosphate) and NADPH, energy-carrying molecules. Oxygen is released as a byproduct. 2. Light-independent reactions (Calvin cycle): These reactions take place in the stroma of chloroplasts and use the ATP and NADPH generated in the light-dependent reactions, along with carbon dioxide from the atmosphere, to produce glucose. This glucose serves as the plant's source of energy and building material. In summary, plants use sunlight, water, and carbon dioxide to produce glucose and release oxygen through a complex two-stage process involving chlorophyll and chloroplasts."
What is the significance of the Magna Carta?,Magna Carta is an old document from England.  It limited the power of the king and gave some rights to nobles. It's important for the development of democracy and rights.,"My summary is too vague.  I should be more specific about what the Magna Carta actually did and why it's considered so significant historically.  It wasn't just for nobles; it established principles applicable more broadly over time.  Key aspects include limiting royal power, establishing due process, and laying groundwork for constitutional law and parliament.","The Magna Carta, signed in 1215 in England, is a foundational document in the history of constitutional law and the development of rights. While initially intended to resolve a dispute between King John and a group of barons, its significance extends far beyond its immediate context. Key aspects of the Magna Carta include: 1. Limiting Royal Power: It placed the king under the law for the first time, asserting that even the monarch was not above the law, a crucial step against absolute monarchy. 2. Establishing Due Process: Clause 39, a precursor to due process, stipulated that no free man should be seized or imprisoned, or stripped of his rights or possessions, except by the lawful judgment of his equals or by the law of the land. This laid groundwork for fair trial and legal protections. 3. Foundation for Parliament: By requiring the king to consult with a council of barons before levying new taxes, it contributed to the evolution of Parliament. Although primarily benefiting nobles initially, the principles enshrined in the Magna Carta – rule of law, due process, and limited government – have been reinterpreted and expanded over centuries to become cornerstones of democratic systems and the protection of individual liberties worldwide."
Explain the concept of compound interest.,"Compound interest is interest on interest.  You earn interest on your initial money, and then you earn interest on that interest too. It makes your money grow faster over time.","My explanation is basically correct, but lacks precision. I should explain it with more detail and perhaps a simple example or formula. It's about reinvesting interest earned so it also earns interest, leading to exponential growth. I should also contrast it with simple interest.","Compound interest is interest calculated on the initial principal, which also includes all of the accumulated interest from previous periods on a deposit or loan. In simpler terms, it's 'interest on interest'.  Unlike simple interest, which is calculated only on the principal amount, compound interest allows your earnings to generate further earnings over time. The formula for compound interest is typically A = P (1 + r/n)^(nt), where A is the amount after time t, P is the principal amount, r is the annual interest rate, n is the number of times that interest is compounded per year, and t is the time in years.  For example, if you invest $1000 at a 5% annual interest rate compounded annually, after the first year you'd earn $50 in interest. In the second year, you'd earn 5% interest not just on the initial $1000, but on $1050, resulting in slightly more than $50 in interest. This snowball effect, where interest earns interest, is what makes compound interest a powerful tool for wealth accumulation over the long term. It's a key concept in investing and understanding long-term financial growth."
What are the layers of the Earth?,"Earth is like an onion, it has layers. I remember crust, mantle, and core. Crust is the outer layer, mantle is in the middle, and core is at the center.","My basic layers are correct, but I need to be more detailed and accurate.  I should specify the types of crust (continental and oceanic), and that the mantle and core are further subdivided.  Mantle into upper and lower, and core into outer and inner.  I should also mention their composition and physical state (solid, liquid, etc.).","The Earth is composed of distinct layers, both chemically and physically. From the surface inward, these primary layers are: 1. Crust: The outermost solid layer, relatively thin compared to other layers. It is divided into two types: oceanic crust (denser, basaltic) and continental crust (less dense, granitic). 2. Mantle: The thickest layer, making up about 84% of Earth's volume. It's a silicate rocky shell, mostly solid but behaves plastically over long geological timescales. It's often subdivided into the upper mantle and lower mantle based on mineral phase changes and seismic discontinuities. 3. Core: The Earth's innermost layer, primarily composed of iron and nickel. It is further divided into: a) Outer Core: A liquid layer due to the high temperatures, responsible for Earth's magnetic field through convective flow of molten iron. b) Inner Core: A solid sphere, despite being even hotter than the outer core, due to immense pressure that keeps it in a solid state. These layers are differentiated by their chemical composition, physical state (solid, liquid, plastic), and density, playing crucial roles in Earth's geological processes."
Explain the concept of natural selection in biology.,"Natural selection is 'survival of the fittest'.  Animals that are better adapted to their environment are more likely to survive and reproduce, passing on their good traits to their offspring.","While 'survival of the fittest' is a common simplification, it's not entirely accurate. Natural selection is more nuanced. I need to elaborate on the key components: variation, inheritance, and differential survival and reproduction. Fitness isn't just survival; it's reproductive success.  I should also mention that selection acts on phenotypes, and genetic mutations are the source of variation.","Natural selection is a fundamental mechanism of evolution, describing how populations of living organisms adapt and change over time. It is based on several key principles: 1. Variation: Individuals within a population exhibit variation in their traits. These variations can be physical, physiological, or behavioral. 2. Inheritance: Some of these variations are heritable, meaning they can be passed on from parents to offspring through genes. 3. Differential Survival and Reproduction: In a given environment, individuals with certain heritable traits that are better suited to the environment (adaptations) are more likely to survive and reproduce successfully compared to individuals with less advantageous traits. This is often referred to as 'differential reproductive success', which is a more accurate term than 'survival of the fittest', as fitness in evolutionary terms refers to reproductive output, not just survival. 4. Adaptation: Over generations, this process leads to an increase in the frequency of advantageous traits in the population and a decrease in less advantageous traits, resulting in adaptation of the population to its environment. Genetic mutations are the ultimate source of new variation, providing the raw material for natural selection to act upon. Natural selection operates on phenotypes (observable characteristics) of organisms, but it ultimately changes the allele frequencies in a population's gene pool over time."
What are the major components of the human respiratory system?,"The respiratory system is for breathing. It includes lungs, nose, and throat.  Air goes in through the nose or mouth, down the throat and into the lungs.","My description is too basic and misses many crucial parts.  I need to list the components in a proper sequence of airflow and include more specific anatomical names and functions. Starting from nasal cavity/oral cavity, then pharynx, larynx, trachea, bronchi, bronchioles, alveoli, and diaphragm.  Also need to explain the function of each part briefly.","The human respiratory system is responsible for the exchange of gases, primarily taking in oxygen and expelling carbon dioxide. Its major components, in the path of airflow, are: 1. Nasal Cavity/Oral Cavity: Air enters the respiratory system through the nose (nasal cavity), which filters, warms, and humidifies the air, or the mouth (oral cavity). 2. Pharynx (Throat): A passageway for both air and food, connecting the nasal and oral cavities to the larynx and esophagus. 3. Larynx (Voice Box): Contains the vocal cords and is crucial for voice production. It also prevents food from entering the trachea during swallowing. 4. Trachea (Windpipe): A tube reinforced with cartilage rings to keep it open, transporting air to and from the lungs. 5. Bronchi: The trachea branches into two main bronchi, one for each lung (left and right). These further divide into smaller and smaller bronchi. 6. Bronchioles: Even smaller branches of the bronchi, leading to the alveoli. 7. Alveoli: Tiny air sacs in the lungs, surrounded by capillaries. This is where gas exchange occurs: oxygen from inhaled air diffuses into the blood, and carbon dioxide from the blood diffuses into the alveoli to be exhaled. 8. Diaphragm: A large muscle located beneath the lungs, playing a crucial role in breathing. Contraction of the diaphragm increases the volume of the chest cavity, allowing air to be drawn into the lungs, and relaxation decreases the volume, forcing air out. These components work together to facilitate efficient respiration."
Explain the concept of GDP (Gross Domestic Product).,GDP is about how much money a country makes. It's the total value of goods and services produced in a country.,"My definition is close but needs refinement. I need to be more precise about 'goods and services' – it's about 'final' goods and services to avoid double counting.  Also, 'produced in a country' should specify within a country's borders. I should also mention different approaches to calculating GDP (expenditure, income, production) and its use as an economic indicator.","Gross Domestic Product (GDP) is a fundamental economic indicator that represents the total monetary or market value of all the final goods and services produced within a country's borders during a specific period (usually a year or a quarter). Key aspects of this definition are: 1. 'Final Goods and Services': GDP only counts the value of final goods and services sold to the end user to avoid double-counting intermediate goods used in production. For example, GDP includes the value of a car sold, but not the value of the steel used to make the car as that's already incorporated in the car's final price. 2. 'Produced within a Country's Borders': GDP measures production geographically, regardless of the nationality of the companies or workers involved.  3. 'During a Specific Period': GDP is a flow variable, measured over a period of time. There are three main approaches to calculating GDP: a) Expenditure Approach: Summing up all spending in the economy: Consumption + Investment + Government Spending + (Exports - Imports). b) Income Approach: Summing up all incomes earned in the economy: Wages + Profits + Rents + Interest. c) Production Approach: Summing up the value added at each stage of production across all sectors. GDP is widely used to gauge the size and health of a country's economy, track economic growth, and compare economic performance across different countries."
What are the planets in our solar system in order from the Sun?,"Planets from the Sun... I remember a mnemonic: My Very Educated Mother Just Served Us Noodles.  Mercury, Venus, Earth, Mars, Jupiter, Saturn, Uranus, Neptune.","The mnemonic is correct and helps recall the order. I should verify the spelling of each planet and confirm that this is indeed the correct order from the Sun outwards.  Also, briefly mention the classification of planets into inner/terrestrial and outer/gas giants.","The planets in our solar system, in order from the Sun outwards, are: 1. Mercury, 2. Venus, 3. Earth, 4. Mars, 5. Jupiter, 6. Saturn, 7. Uranus, 8. Neptune. A common mnemonic to remember this order is 'My Very Educated Mother Just Served Us Noodles'. These planets can be broadly categorized into two groups: a) Inner, Terrestrial Planets: Mercury, Venus, Earth, and Mars are rocky planets relatively close to the Sun. b) Outer, Gas Giant Planets: Jupiter, Saturn, Uranus, and Neptune are much larger and primarily composed of gas and liquid, located farther from the Sun.  Pluto was formerly considered the ninth planet but is now classified as a dwarf planet."
Explain the concept of plate tectonics.,Plate tectonics is about Earth's surface being made of plates. These plates move around.  This movement causes earthquakes and volcanoes.,"My explanation is too basic.  I need to elaborate on what these plates are (lithosphere), what drives their movement (convection in the mantle), and the different types of plate boundaries and their associated geological phenomena. Divergent, convergent, and transform boundaries.  And link them to earthquakes, volcanoes, mountain building, etc.","Plate tectonics is the scientific theory explaining the large-scale motion of Earth's lithosphere, which is divided into several plates that 'float' on the semi-fluid asthenosphere (upper mantle). Key concepts include: 1. Lithospheric Plates: The Earth's crust and the uppermost part of the mantle are broken into rigid segments called tectonic plates. These plates are not fixed but constantly moving, albeit very slowly, relative to each other. 2. Mantle Convection: The driving force behind plate movement is thought to be convection currents in the Earth's mantle, driven by heat from the Earth's interior. Hotter, less dense material rises, and cooler, denser material sinks, causing plates to move. 3. Plate Boundaries: Interactions between plates at their boundaries result in significant geological activity: a) Divergent Boundaries: Plates move apart, creating rifts or mid-ocean ridges where new crust is formed (e.g., Mid-Atlantic Ridge). b) Convergent Boundaries: Plates move towards each other. If one plate is denser (e.g., oceanic), it may subduct beneath the less dense plate (e.g., continental), leading to trenches, volcanic arcs, and earthquakes (e.g., Andes Mountains). Collision of two continental plates can lead to mountain building (e.g., Himalayas). c) Transform Boundaries: Plates slide past each other horizontally, often causing earthquakes (e.g., San Andreas Fault). Plate tectonics explains many geological phenomena, including the distribution of continents, earthquakes, volcanoes, mountain ranges, and the formation of ocean basins."
What is the role of the pancreas in the human body?,Pancreas is an organ.  It's involved in digestion and blood sugar control.  It produces insulin.,"My reasoning is partially correct, but I need to specify its dual role - endocrine and exocrine functions.  For exocrine, I should list digestive enzymes it secretes. For endocrine, explain insulin and glucagon and their role in glucose regulation in more detail.","The pancreas is a gland located behind the stomach in the human body, playing crucial roles in both digestion and blood sugar regulation. It has both exocrine and endocrine functions: 1. Exocrine Function: The pancreas produces pancreatic juice, which is released into the small intestine through pancreatic ducts. This juice contains several digestive enzymes essential for breaking down food: a) Amylase: Digests carbohydrates into sugars. b) Lipase: Digests fats into fatty acids and glycerol. c) Proteases (e.g., trypsin, chymotrypsin): Digest proteins into amino acids. d) Nucleases: Digest nucleic acids into nucleotides. 2. Endocrine Function: The pancreas contains islets of Langerhans, clusters of cells that produce hormones directly into the bloodstream. The key endocrine hormones are: a) Insulin: Produced by beta cells, it lowers blood glucose levels by promoting glucose uptake by cells and storage as glycogen in the liver and muscles. b) Glucagon: Produced by alpha cells, it raises blood glucose levels by stimulating the breakdown of glycogen into glucose in the liver and the release of glucose into the bloodstream. These dual functions of the pancreas are vital for digestion and maintaining glucose homeostasis in the body."
Explain the concept of opportunity cost in economics.,"Opportunity cost is what you give up when you make a choice. If you choose one thing, you can't choose another. The opportunity cost is the value of the next best alternative you forgo.","My definition is good in essence. I need to emphasize that it's about the 'value' of the next best alternative, not just any alternative. It's about what you *could* have gained.  It's a crucial concept in decision-making because resources are scarce.  I should give a simple example to illustrate.","Opportunity cost in economics refers to the value of the next best alternative forgone as a result of making a decision. In essence, it's 'what you give up' when you choose one option over another. Because resources are scarce, every choice involves trade-offs.  The opportunity cost is not simply the monetary cost, but the potential benefits you could have received by choosing the next most valuable alternative. For example, if you decide to spend two hours studying for an exam, the opportunity cost is the value of what you could have done instead in those two hours. This could be working a part-time job and earning money, spending time with friends, or pursuing a hobby.  The opportunity cost is the benefit you would have derived from the best of these alternatives. Understanding opportunity cost is crucial for rational decision-making, as it helps to assess the true cost of any choice, encompassing not just direct costs but also the potential benefits sacrificed."
What are the different states of matter?,"States of matter... I remember solid, liquid, and gas.  Solid is like ice, liquid is like water, and gas is like steam.","My basic states are correct, but I need to include plasma, the fourth state, and also consider more exotic states like Bose-Einstein condensate and neutron star matter, although maybe those are too advanced for a general knowledge question. Sticking to solid, liquid, gas, and plasma is probably sufficient.  For each state, I should describe their properties in terms of shape, volume, and particle arrangement/motion.","The common states of matter, which describe the distinct physical forms that matter can take, are generally categorized into four main states: 1. Solid: Solids have a definite shape and volume. Particles in a solid are tightly packed in a fixed arrangement and vibrate in place. Examples include ice, rock, and wood. 2. Liquid: Liquids have a definite volume but take the shape of their container. Particles in a liquid are close together but can move around and slide past each other. Examples include water, oil, and juice. 3. Gas: Gases have neither a definite shape nor a definite volume; they expand to fill the volume and shape of their container. Particles in a gas are far apart and move randomly and rapidly. Examples include air, oxygen, and steam. 4. Plasma: Plasma is often considered the fourth state of matter. It's a superheated gas where electrons have been stripped away from atoms, forming an ionized gas. Plasma is electrically conductive and is the most common state of matter in the universe, found in stars, lightning, and neon signs.  In terms of particle arrangement and energy, solids have the lowest energy and most ordered arrangement, followed by liquids, then gases, and plasma with the highest energy and most chaotic particle arrangement."
Explain the concept of inflation in economics.,Inflation is when prices go up.  It means things cost more money.  It reduces the value of money.,"My definition is simplistic.  I need to be more precise and explain inflation as a 'sustained increase in the general price level'. It's not just individual prices going up. I should mention how it's measured (CPI, PPI) and the different types of inflation (demand-pull, cost-push, built-in).  Also, the effects of inflation on purchasing power, economy, etc.","Inflation in economics is defined as a sustained increase in the general price level of goods and services in an economy over a period of time. It is not simply a rise in the price of a single item, but a broad increase across many prices, meaning that for each unit of currency, less can be purchased.  Inflation is typically measured using price indexes such as the Consumer Price Index (CPI), which tracks changes in the prices of a basket of goods and services commonly consumed by households, and the Producer Price Index (PPI), which measures changes in the prices received by domestic producers.  There are different types and causes of inflation: a) Demand-Pull Inflation: Occurs when there's too much money chasing too few goods, leading to increased demand that pulls prices up. b) Cost-Push Inflation: Arises when the costs of production (e.g., wages, raw materials) increase, forcing businesses to raise prices to maintain profitability. c) Built-In Inflation: Occurs when wages and prices become adapted to rising inflation rates, often due to expectations and wage-price spirals. The effects of inflation can be significant: it erodes purchasing power of money, reduces the real value of savings, can create economic uncertainty, and impact international competitiveness."
What is the function of the kidneys in the human body?,Kidneys are organs in your back. They filter blood and make urine. They remove waste from your body.,"My description is basic, I need to be more detailed about kidney functions. It's not just filtering and urine production.  They also regulate blood pressure, electrolyte balance, and produce hormones like erythropoietin. I should list these functions more comprehensively and explain the process of filtration and urine formation a bit more.","The kidneys are vital organs in the human body, located in the lower back, and perform several essential functions to maintain homeostasis: 1. Filtration of Blood and Waste Removal: The primary function is to filter blood, removing waste products like urea, creatinine, and excess salts and toxins. This process occurs in nephrons, the functional units of the kidney, involving glomerular filtration, tubular reabsorption, and tubular secretion. 2. Urine Production: Filtered waste and excess water are processed into urine, which is then excreted from the body, thus eliminating metabolic waste and maintaining fluid balance. 3. Blood Pressure Regulation: Kidneys play a key role in regulating blood pressure by: a) Controlling blood volume by adjusting water excretion. b) Producing renin, an enzyme that initiates the renin-angiotensin-aldosterone system (RAAS), which influences blood vessel constriction and sodium and water retention. 4. Electrolyte Balance: Kidneys maintain the balance of electrolytes (e.g., sodium, potassium, calcium, phosphate) in the body by adjusting their excretion in urine. 5. Acid-Base Balance (pH Regulation): Kidneys help regulate blood pH by excreting acids and bases, maintaining a stable internal environment. 6. Hormone Production: Kidneys produce several hormones: a) Erythropoietin (EPO): Stimulates red blood cell production in bone marrow. b) Calcitriol (active form of Vitamin D): Important for calcium absorption and bone health. c) Renin: As mentioned, involved in blood pressure regulation.  These multifaceted functions of the kidneys are critical for maintaining overall health and bodily functions."
Explain the concept of supply chain management.,"Supply chain is about getting products from raw materials to customers. It involves factories, transportation, and stores.","My description is too simple. Supply chain management is much broader and more strategic. I need to define it more formally and elaborate on its key aspects: planning, sourcing, making, delivering, and returning.  Also, emphasize the goal of efficiency, cost reduction, and customer satisfaction. Mention the different entities involved like suppliers, manufacturers, distributors, retailers, and customers.","Supply Chain Management (SCM) is the management of the flow of goods and services and includes all processes that transform raw materials into final products delivered to the end customer. It encompasses the planning, execution, and control of all activities involved in sourcing and procurement, conversion, and all logistics management activities. Essentially, it's about managing the entire network of interconnected businesses involved in the ultimate provision of product and service packages required by end customers. Key aspects of SCM include: 1. Planning: Forecasting demand and planning for all resources necessary to meet customer demand for products. 2. Sourcing: Selecting suppliers that will deliver the materials and services needed to produce the product. This involves supplier relationship management. 3. Making (Manufacturing): Activities concerned with transforming raw materials into finished products, including production scheduling, operations, quality management, and process improvement. 4. Delivering (Logistics): Encompasses all activities related to getting finished products to customers, including order fulfillment, warehousing, transportation, and distribution network management. 5. Returning: Processes for handling product returns, including reverse logistics, repairs, and recycling.  The primary goals of SCM are to improve efficiency, reduce costs, enhance responsiveness to customer needs, and ultimately achieve customer satisfaction by delivering the right product, at the right time, in the right place, and in the right condition. Effective SCM requires coordination and collaboration across all entities in the supply chain, including suppliers, manufacturers, distributors, retailers, and customers."
What is the role of the mitochondria in a cell?,Mitochondria are parts of cells. They are the powerhouses of the cell. They make energy for the cell.,"My 'powerhouse' analogy is common but needs more detail. I should explain the process of cellular respiration that happens in mitochondria, converting glucose into ATP, the cell's energy currency. Mention their structure (double membrane, cristae) and their origin (endosymbiotic theory). Also that cells can have many mitochondria depending on their energy needs.","Mitochondria are membrane-bound organelles found in the cytoplasm of eukaryotic cells, often referred to as the 'powerhouses of the cell' due to their primary role in generating cellular energy. Their main function is to perform cellular respiration, a process that converts nutrients, primarily glucose, into adenosine triphosphate (ATP), which is the main energy currency of the cell.  Key aspects of mitochondria include: 1. Cellular Respiration: Mitochondria are the sites of the Krebs cycle and the electron transport chain, the major stages of cellular respiration. These processes oxidize glucose and other organic molecules, using oxygen to produce ATP, carbon dioxide, and water. 2. Structure: Mitochondria have a distinctive double membrane structure. The outer membrane is smooth, while the inner membrane is folded into cristae, increasing the surface area for ATP production. The space between the membranes is the intermembrane space, and the space enclosed by the inner membrane is the mitochondrial matrix. 3. ATP Production: Through cellular respiration, mitochondria efficiently produce large amounts of ATP, which is then used to power various cellular activities, such as muscle contraction, active transport, and biosynthesis. 4. Number in Cells: The number of mitochondria in a cell varies depending on the cell's energy requirements. Cells with high energy demands, like muscle cells, typically have many mitochondria. 5. Endosymbiotic Theory: Mitochondria are believed to have originated from free-living bacteria that were engulfed by ancestral eukaryotic cells, forming a symbiotic relationship. This theory is supported by mitochondria having their own DNA, ribosomes, and double membranes, and their ability to replicate independently within the cell.  Mitochondria are thus crucial for energy production and overall cellular function."
Explain the difference between mitosis and meiosis.,Mitosis and meiosis are types of cell division. Mitosis is for regular cell growth and repair. Meiosis is for making sex cells (sperm and egg).,"My basic functions are correct, but I need to highlight the key differences in terms of the number of divisions, chromosome number, and purpose. Mitosis produces two diploid daughter cells genetically identical to the parent cell. Meiosis produces four haploid daughter cells genetically different from the parent and each other.  I should also briefly mention the stages in each process and the role of meiosis in genetic variation.","Mitosis and meiosis are two fundamental types of cell division in eukaryotic organisms, each serving distinct purposes and resulting in different outcomes: 1. Mitosis: a) Purpose: Primarily for growth, repair, and asexual reproduction. It produces new cells for body tissues and replaces damaged or old cells. b) Number of Divisions: One nuclear division. c) Daughter Cells: Produces two daughter cells that are genetically identical to the parent cell and to each other (clones). d) Chromosome Number: Daughter cells are diploid (2n), meaning they have the same number of chromosomes as the parent cell. e) Genetic Variation: Does not introduce significant genetic variation. 2. Meiosis: a) Purpose: Exclusively for sexual reproduction. It produces gametes (sperm and egg cells in animals, pollen and egg cells in plants) which are necessary for fertilization. b) Number of Divisions: Two successive nuclear divisions (Meiosis I and Meiosis II). c) Daughter Cells: Produces four daughter cells that are genetically distinct from the parent cell and from each other. d) Chromosome Number: Daughter cells are haploid (n), meaning they have half the number of chromosomes as the parent cell. This is crucial for maintaining the chromosome number across generations when gametes fuse during fertilization. e) Genetic Variation: Introduces significant genetic variation through: i) Crossing over: Exchange of genetic material between homologous chromosomes during Meiosis I. ii) Independent assortment: Random segregation of homologous chromosomes to daughter cells during Meiosis I and sister chromatids during Meiosis II. In summary, mitosis is for cell replication and growth, producing identical diploid cells, while meiosis is for sexual reproduction, producing genetically diverse haploid gametes, essential for genetic diversity in sexually reproducing species."
What are the main greenhouse gases and their sources?,"Greenhouse gases trap heat in the atmosphere.  Carbon dioxide is one.  Methane and water vapor too, I think.","My list is partially correct but incomplete. I need to list the major greenhouse gases more comprehensively and specify their primary sources, both natural and anthropogenic (human-caused). Besides CO2, methane, and water vapor, I should include nitrous oxide, ozone, and fluorinated gases. For each, mention main sources like fossil fuel combustion, agriculture, industrial processes, deforestation, etc.","Greenhouse gases are atmospheric gases that trap heat, contributing to the greenhouse effect and global warming. The main greenhouse gases and their primary sources are: 1. Carbon Dioxide (CO2): a) Sources: i) Burning of fossil fuels (coal, oil, natural gas) for energy production, transportation, and industry (anthropogenic). ii) Deforestation and land-use changes (anthropogenic). iii) Respiration from living organisms and volcanic eruptions (natural). 2. Methane (CH4): a) Sources: i) Agriculture, particularly livestock digestion and rice cultivation (anthropogenic). ii) Natural gas and petroleum systems (anthropogenic). iii) Decomposition of organic waste in landfills (anthropogenic). iv) Wetlands and termites (natural). 3. Nitrous Oxide (N2O): a) Sources: i) Agricultural activities, especially fertilizer use (anthropogenic). ii) Industrial processes (anthropogenic). iii) Combustion of fossil fuels and biomass (anthropogenic). iv) Natural processes in soils and oceans (natural). 4. Water Vapor (H2O): a) Sources: i) Evaporation from bodies of water and transpiration from plants (natural). ii) Increased evaporation due to warming climate (indirectly anthropogenic as warming is largely human-caused). Water vapor concentration is heavily influenced by temperature and acts as a feedback in the climate system. 5. Ozone (O3): a) Sources: i) Formed in the troposphere through reactions involving pollutants like nitrogen oxides and volatile organic compounds (anthropogenic). ii) Naturally present in the stratosphere, forming the ozone layer (natural). 6. Fluorinated Gases (F-gases): (HFCs, PFCs, SF6, NF3): a) Sources: i) Industrial processes, refrigeration, air conditioning, aerosols, and foam blowing (anthropogenic). These are synthetic gases, often very potent greenhouse gases with long atmospheric lifetimes, though in smaller concentrations compared to CO2.  It's important to note that while some greenhouse gases have natural sources, the significant increase in their atmospheric concentrations since the Industrial Revolution is primarily due to human activities, leading to enhanced greenhouse effect and climate change."
Explain Newton's three laws of motion.,"Newton's laws are about how things move.  First law is inertia, second is F=ma, and third is action-reaction.","My basic identification of the laws is correct, but I need to state each law formally and explain what it means in detail.  For each law, I should provide a clear statement and elaborate on its implications and give simple examples.","Newton's three laws of motion are fundamental principles in classical mechanics that describe the relationship between an object's motion and the forces acting upon it: 1. Newton's First Law of Motion (Law of Inertia): Statement: An object at rest stays at rest, and an object in motion stays in motion with the same speed and in the same direction unless acted upon by an unbalanced force. Explanation: This law defines inertia – the tendency of an object to resist changes in its state of motion. An object will maintain its current velocity (which can be zero) unless a net external force causes it to accelerate. Example: A book resting on a table will remain at rest until someone picks it up (applies an external force). A hockey puck sliding on frictionless ice will continue to slide at a constant velocity until acted upon by a force. 2. Newton's Second Law of Motion (Law of Acceleration): Statement: The acceleration of an object is directly proportional to the net force acting on it, is in the direction of the net force, and is inversely proportional to its mass. Formula: F = ma (where F is net force, m is mass, a is acceleration). Explanation: This law quantifies the relationship between force, mass, and acceleration. It states that a larger force will produce a greater acceleration, and a larger mass will result in a smaller acceleration for the same force. The direction of acceleration is always in the same direction as the net force. Example: Pushing a shopping cart with a greater force will cause it to accelerate faster. It's harder to accelerate a full shopping cart (larger mass) than an empty one with the same force. 3. Newton's Third Law of Motion (Law of Action-Reaction): Statement: For every action, there is an equal and opposite reaction. Explanation: This law describes forces as interactions between objects. When one object exerts a force (action) on a second object, the second object simultaneously exerts an equal and opposite force (reaction) back on the first object. These forces act on different objects, not on the same object, and therefore do not cancel each other out. Example: When you jump, you exert a downward force on the Earth (action), and the Earth exerts an equal and upward force on you (reaction), propelling you into the air.  These three laws provide the foundation for understanding and predicting the motion of macroscopic objects under the influence of forces."
Explain the concept of supply-side economics.,Supply-side economics is about focusing on increasing supply to boost the economy.  Lowering taxes for businesses and rich people is a key part of it.,"My initial summary is somewhat politically charged and incomplete.  I should present it more neutrally and comprehensively. Supply-side economics focuses on stimulating production by reducing barriers to production and investment. Tax cuts are a part, but it's broader than just that.  Also deregulation, reduced government spending (in some interpretations), and incentives for investment and innovation are important aspects. The idea is that increased supply will 'trickle down' to benefit everyone.","Supply-side economics is a macroeconomic theory arguing that economic growth can be most effectively fostered by lowering barriers for people to produce (supply) goods and services, such as by cutting income tax and capital gains tax rates, and by deregulation. Key tenets of supply-side economics include: 1. Tax Cuts: Reducing marginal tax rates, particularly for corporations and high-income earners, to incentivize investment, savings, and business expansion. The idea is that lower taxes will increase after-tax income, leading to increased investment and labor supply, thereby boosting production. 2. Deregulation: Reducing government regulations on businesses to lower compliance costs and encourage entrepreneurship and investment. 3. Reduced Government Spending (in some interpretations): While not always a core element, some supply-siders advocate for reduced government spending to minimize government borrowing and keep interest rates low, further encouraging private investment. 4. Incentives for Investment and Innovation: Creating a favorable business environment that encourages innovation, capital formation, and technological progress, ultimately increasing the economy's productive capacity. The underlying principle is that stimulating supply will lead to increased output, employment, and overall economic growth.  Proponents argue that increased supply will 'trickle down' through the economy, creating jobs and wealth for all. Critics, however, argue that supply-side policies primarily benefit the wealthy, may lead to increased income inequality, and can be less effective in boosting overall demand and addressing issues like unemployment during economic downturns."
What are the major types of chemical bonds?,Chemical bonds hold atoms together.  Ionic and covalent bonds are the main types. I think hydrogen bonds are also important.,"My basic types are correct, but I should list them more systematically and explain the characteristics of each type in terms of electron transfer or sharing and relative strength.  Ionic, covalent (polar and nonpolar), and metallic are primary. Hydrogen bonds are weaker intermolecular forces but crucial in biology.  Also, briefly mention Van der Waals forces.","Chemical bonds are the attractive forces that hold atoms together to form molecules and compounds. The major types of chemical bonds are: 1. Ionic Bonds: Formed by the electrostatic attraction between oppositely charged ions (cations and anions). This typically occurs when electrons are transferred from one atom to another. Ionic bonds usually form between metals and nonmetals. They are relatively strong and result in compounds that are typically hard, brittle, and have high melting and boiling points. Example: Sodium chloride (NaCl). 2. Covalent Bonds: Formed by the sharing of electron pairs between atoms. Covalent bonds typically form between nonmetals. They can be: a) Nonpolar Covalent Bonds: Electrons are shared equally between atoms, resulting in no partial charges. Typically occurs between atoms of the same element or atoms with very similar electronegativities. Example: Hydrogen gas (H2). b) Polar Covalent Bonds: Electrons are shared unequally, resulting in partial positive and partial negative charges on the atoms. Occurs between atoms with different electronegativities. Example: Water (H2O). Covalent bonds are generally strong but vary in strength depending on the degree of polarity. 3. Metallic Bonds: Found in metals. Characterized by a 'sea of electrons' where valence electrons are delocalized and shared among a lattice of metal atoms. This allows metals to be good conductors of electricity and heat, and to be malleable and ductile. 4. Intermolecular Forces (Weaker forces between molecules, not bonds within molecules, but important for properties): a) Hydrogen Bonds: A relatively strong type of intermolecular force that occurs when a hydrogen atom is covalently bonded to a highly electronegative atom (like oxygen, nitrogen, or fluorine) and is attracted to another electronegative atom in a different molecule. Crucial in water and biological molecules like DNA and proteins. b) Van der Waals Forces (London Dispersion Forces and Dipole-Dipole interactions): Weak, short-range attractive forces between all atoms and molecules, arising from temporary fluctuations in electron distribution. Important for the physical properties of substances, especially in nonpolar molecules.  Ionic, covalent, and metallic bonds are considered strong chemical bonds that hold atoms together to form molecules and compounds, while hydrogen bonds and Van der Waals forces are weaker intermolecular forces that influence physical properties like boiling point and state of matter."
What is the boiling point of water at sea level?,The boiling point of water at sea level is 100°C or 212°F. I need to confirm if this is under standard atmospheric pressure.,I should specify that this is under standard atmospheric pressure (1 atm) and that the boiling point can vary with altitude.,The boiling point of water at sea level under standard atmospheric pressure (1 atm) is 100°C or 212°F.
Who wrote 'Pride and Prejudice'?,The novel 'Pride and Prejudice' was written by Jane Austen. I need to ensure I spell the title correctly and confirm the author's name.,I should double-check the spelling of 'Pride and Prejudice' and confirm that Jane Austen is indeed the author.,The novel 'Pride and Prejudice' was written by Jane Austen.
What is the largest planet in the solar system?,The largest planet in the solar system is Jupiter. I need to confirm if it's also the most massive and if it has the most moons.,"I should verify that Jupiter is indeed the largest by both size and mass and that it has the most moons, with over 80 confirmed.","The largest planet in the solar system is Jupiter, which is also the most massive and has over 80 confirmed moons."
What is the speed of light in a vacuum?,"The speed of light in a vacuum is approximately 299,792 kilometers per second or 186,282 miles per second. I need to ensure I include the units.",I should confirm that this is the exact value and that it is a fundamental constant in physics.,"The speed of light in a vacuum is approximately 299,792 kilometers per second or 186,282 miles per second."
What is the primary function of the mitochondria?,The primary function of the mitochondria is to produce energy in the form of ATP through cellular respiration. I need to ensure I include the term 'powerhouse of the cell.',I should clarify that mitochondria are often referred to as the 'powerhouse of the cell' and that they play a key role in energy production.,"The primary function of the mitochondria is to produce energy in the form of ATP through cellular respiration, earning them the nickname 'powerhouse of the cell.'"
What is the largest ocean on Earth?,The largest ocean on Earth is the Pacific Ocean. I need to confirm its size relative to other oceans.,"I should verify that the Pacific Ocean covers more area than the Atlantic, Indian, Southern, and Arctic Oceans combined.","The largest ocean on Earth is the Pacific Ocean, which covers more area than all other oceans combined."
What is the difference between weather and climate?,"Weather refers to short-term atmospheric conditions, while climate refers to long-term patterns. I need to ensure I include examples.","I should clarify that weather can change daily, while climate is measured over decades or longer.","Weather refers to short-term atmospheric conditions, such as temperature and precipitation on a given day, while climate refers to long-term patterns observed over decades or longer."
What is the formula for calculating the area of a circle?,"The formula for the area of a circle is A = πr², where r is the radius. I need to ensure I include the definition of π.",I should specify that π (pi) is a mathematical constant approximately equal to 3.14159.,"The formula for the area of a circle is A = πr², where r is the radius and π is approximately 3.14159."
What is the main function of the kidneys?,The main function of the kidneys is to filter waste products from the blood and produce urine. I need to ensure I include their role in maintaining homeostasis.,"I should clarify that kidneys also regulate electrolyte balance, blood pressure, and red blood cell production.","The main function of the kidneys is to filter waste products from the blood, produce urine, and regulate electrolyte balance, blood pressure, and red blood cell production."
What is the difference between renewable and non-renewable energy?,"Renewable energy comes from sources that are naturally replenished, like solar and wind, while non-renewable energy comes from finite sources, like coal and oil. I need to ensure I include examples.","I should clarify that renewable energy is sustainable, while non-renewable energy contributes to environmental degradation.","Renewable energy comes from naturally replenished sources like solar and wind, while non-renewable energy comes from finite sources like coal and oil, which contribute to environmental degradation."
What is the significance of the Rosetta Stone?,The Rosetta Stone is significant because it provided the key to deciphering Egyptian hieroglyphs. I need to ensure I include its historical context.,"I should clarify that the stone contains the same text in three scripts: Greek, Demotic, and hieroglyphs, which allowed scholars to decode hieroglyphs.","The Rosetta Stone is significant because it contains the same text in Greek, Demotic, and hieroglyphs, providing the key to deciphering Egyptian hieroglyphs."
What is the difference between a virus and a bacterium?,"Viruses are non-living particles that require a host to replicate, while bacteria are living single-celled organisms. I need to ensure I include their structures.","I should clarify that viruses consist of genetic material enclosed in a protein coat, while bacteria have cell walls and can reproduce independently.","Viruses are non-living particles that require a host to replicate and consist of genetic material in a protein coat, while bacteria are living single-celled organisms with cell walls that can reproduce independently."
What is the difference between a comet and an asteroid?,"Comets are icy bodies that develop tails when they approach the sun, while asteroids are rocky or metallic bodies that orbit the sun. I need to ensure I include their composition and orbits.","I should clarify that comets originate from the outer solar system, while asteroids are primarily found in the asteroid belt between Mars and Jupiter.","Comets are icy bodies that develop tails when they approach the sun and originate from the outer solar system, while asteroids are rocky or metallic bodies found primarily in the asteroid belt between Mars and Jupiter."
What is the difference between a hypothesis and a theory?,"A hypothesis is a testable prediction, while a theory is a well-substantiated explanation based on evidence. I need to ensure I include examples.","I should clarify that a hypothesis is often the starting point of scientific inquiry, while a theory is supported by extensive experimentation and observation.","A hypothesis is a testable prediction, such as 'plants grow faster with more sunlight,' while a theory is a well-substantiated explanation, like the theory of evolution, supported by extensive evidence."
What is the difference between a primary and secondary source?,"A primary source is a firsthand account or original material, while a secondary source interprets or analyzes primary sources. I need to ensure I include examples.","I should clarify that primary sources include diaries, letters, and original research, while secondary sources include textbooks and review articles.","A primary source is a firsthand account or original material, such as a diary or research paper, while a secondary source interprets or analyzes primary sources, like a textbook or review article."
What is the difference between a covalent bond and an ionic bond?,"A covalent bond involves the sharing of electrons between atoms, while an ionic bond involves the transfer of electrons. I need to ensure I include examples.","I should clarify that covalent bonds form molecules like H2O, while ionic bonds form compounds like NaCl.","A covalent bond involves the sharing of electrons between atoms, forming molecules like H2O, while an ionic bond involves the transfer of electrons, forming compounds like NaCl."
What is the difference between a mammal and a reptile?,"Mammals are warm-blooded, have hair or fur, and produce milk for their young, while reptiles are cold-blooded, have scales, and lay eggs. I need to ensure I include exceptions.","I should clarify that some mammals, like the platypus, lay eggs, and some reptiles, like certain snakes, give birth to live young.","Mammals are warm-blooded, have hair or fur, and produce milk for their young, though some, like the platypus, lay eggs. Reptiles are cold-blooded, have scales, and typically lay eggs, though some, like certain snakes, give birth to live young."
What is the difference between a democracy and a dictatorship?,"A democracy is a system where power is held by the people through voting, while a dictatorship is a system where power is concentrated in a single ruler. I need to ensure I include examples.","I should clarify that democracies can be direct or representative, while dictatorships often suppress opposition and control media.","A democracy is a system where power is held by the people through voting, either directly or through representatives, while a dictatorship is a system where power is concentrated in a single ruler, often suppressing opposition and controlling media."
What is the difference between a metaphor and a simile?,"A metaphor directly compares two things by stating one is the other, while a simile uses 'like' or 'as' to make a comparison. I need to ensure I include examples.","I should clarify that metaphors are more direct and often poetic, while similes are more explicit in their comparison.","A metaphor directly compares two things by stating one is the other, such as 'time is a thief,' while a simile uses 'like' or 'as,' such as 'time flies like an arrow.'"
What is the difference between a herbivore and a carnivore?,"A herbivore eats plants, while a carnivore eats meat. I need to ensure I include examples and clarify omnivores.","I should clarify that omnivores eat both plants and meat, and provide examples like cows (herbivores), lions (carnivores), and humans (omnivores).","A herbivore eats plants, like cows, while a carnivore eats meat, like lions. Omnivores, like humans, eat both plants and meat."
What is the difference between a prokaryotic and eukaryotic cell?,"Prokaryotic cells lack a nucleus and membrane-bound organelles, while eukaryotic cells have both. I need to ensure I include examples.","I should clarify that prokaryotic cells include bacteria, while eukaryotic cells include plants, animals, and fungi.","Prokaryotic cells, like bacteria, lack a nucleus and membrane-bound organelles, while eukaryotic cells, found in plants, animals, and fungi, have both."
What is the difference between a physical change and a chemical change?,"A physical change alters the form or appearance of a substance without changing its composition, while a chemical change results in a new substance. I need to ensure I include examples.","I should clarify that physical changes include melting ice, while chemical changes include burning wood.","A physical change, like melting ice, alters the form or appearance of a substance without changing its composition, while a chemical change, like burning wood, results in a new substance."
What is the difference between a renewable and non-renewable resource?,"A renewable resource can be replenished naturally, like solar energy, while a non-renewable resource is finite, like coal. I need to ensure I include examples.","I should clarify that renewable resources are sustainable, while non-renewable resources contribute to environmental degradation.","A renewable resource, like solar energy, can be replenished naturally, while a non-renewable resource, like coal, is finite and contributes to environmental degradation."
What is the difference between a genotype and a phenotype?,"A genotype is the genetic makeup of an organism, while a phenotype is the physical expression of those genes. I need to ensure I include examples.","I should clarify that genotype determines traits like eye color, while phenotype is the observable trait, such as blue eyes.","A genotype is the genetic makeup of an organism, determining traits like eye color, while a phenotype is the physical expression of those genes, such as blue eyes."
What is the difference between a conductor and an insulator?,"A conductor allows the flow of electricity or heat, while an insulator resists it. I need to ensure I include examples.","I should clarify that metals like copper are good conductors, while materials like rubber are good insulators.","A conductor, like copper, allows the flow of electricity or heat, while an insulator, like rubber, resists it."
What is the difference between a solute and a solvent?,"A solute is the substance dissolved in a solution, while a solvent is the substance doing the dissolving. I need to ensure I include examples.","I should clarify that in saltwater, salt is the solute and water is the solvent.","A solute, like salt, is the substance dissolved in a solution, while a solvent, like water, is the substance doing the dissolving."
What is the difference between a vertebrate and an invertebrate?,"A vertebrate has a backbone, while an invertebrate does not. I need to ensure I include examples.","I should clarify that vertebrates include mammals, birds, and fish, while invertebrates include insects, worms, and jellyfish.","A vertebrate, like mammals, birds, and fish, has a backbone, while an invertebrate, like insects, worms, and jellyfish, does not."
Write a short essay on the importance of recycling.,"I'll start by explaining the environmental benefits of recycling, such as reducing landfill waste and conserving natural resources. Then, I'll discuss the economic benefits, including job creation and energy savings.",I should ensure my essay is well-structured and includes specific examples to support my arguments. I'll also verify the accuracy of my facts and statistics.,"Recycling is crucial for both environmental and economic reasons. By recycling, we reduce the need for landfills, conserve natural resources, and decrease greenhouse gas emissions. Moreover, recycling creates jobs and saves energy, ultimately benefiting local communities and the economy as a whole."
Summarize the main points of the Treaty of Versailles.,"I'll identify the key parties involved, including the Allied Powers and Germany. Then, I'll outline the main provisions, such as reparations, territorial losses, and the creation of the League of Nations.",I should ensure I accurately represent the treaty's terms and avoid oversimplifying its complexities. I'll also consider the treaty's historical context and its impact on World War II.,"The Treaty of Versailles, signed in 1919, imposed harsh penalties on Germany, including significant reparations and territorial losses. The treaty also established the League of Nations, an international organization aimed at promoting peace and preventing future wars."
Explain the concept of supply and demand in economics.,"I'll define supply and demand, explaining how they interact to determine market prices. Then, I'll provide examples of how changes in supply and demand affect market equilibrium.","I should ensure my explanation is clear and concise, avoiding overly technical jargon. I'll also consider potential exceptions and limitations to the law of supply and demand.","The law of supply and demand states that the price of a good or service is determined by the intersection of the supply and demand curves. When demand increases or supply decreases, prices rise. Conversely, when demand decreases or supply increases, prices fall."
Describe the characteristics of a healthy diet.,"I'll identify the essential nutrients, including fruits, vegetables, whole grains, lean proteins, and healthy fats. Then, I'll explain the importance of portion control and moderation.","I should ensure my description is evidence-based and takes into account individual nutritional needs and cultural variations. I'll also consider the potential limitations of my response, such as the complexity of nutritional science.","A healthy diet is characterized by a balanced intake of essential nutrients, including a variety of fruits, vegetables, whole grains, lean proteins, and healthy fats. It's also important to practice portion control and moderation, while considering individual nutritional needs and cultural variations."
Write a letter to a local politician expressing concerns about climate change.,"I'll start by introducing myself and explaining my concerns about climate change. Then, I'll outline specific policy changes I'd like to see implemented, such as increased investment in renewable energy.","I should ensure my letter is respectful and well-structured, avoiding emotional appeals and focusing on evidence-based arguments. I'll also verify the accuracy of my facts and statistics.","Dear [Politician], I'm writing to express my deep concern about climate change and its devastating impacts on our environment and economy. I urge you to consider policy changes that promote sustainable development, such as investing in renewable energy and reducing carbon emissions."
Create a step-by-step guide to assembling a piece of furniture.,"I'll identify the necessary tools and materials, then break down the assembly process into clear, numbered steps. I'll also include safety precautions and troubleshooting tips.","I should ensure my guide is clear, concise, and easy to follow, with accurate diagrams and illustrations. I'll also consider potential sources of confusion and provide additional support where necessary.",Assembly Guide: [Furniture Piece] Step 1: Gather necessary tools and materials. Step 2: Prepare the workspace and lay out the components. Step 3: Assemble the base and attach the legs. ... Step 10: Finalize the assembly and ensure all parts are securely attached.
What is the difference between a monocot and a dicot?,"A monocot has one seed leaf, parallel leaf veins, and flower parts in multiples of three, while a dicot has two seed leaves, branched leaf veins, and flower parts in multiples of four or five. I need to ensure I include examples.","I should clarify that monocots include grasses and lilies, while dicots include roses and beans.","A monocot, like grasses and lilies, has one seed leaf, parallel leaf veins, and flower parts in multiples of three, while a dicot, like roses and beans, has two seed leaves, branched leaf veins, and flower parts in multiples of four or five."
What is the difference between a homogeneous and heterogeneous mixture?,"A homogeneous mixture has a uniform composition throughout, while a heterogeneous mixture has distinct phases or regions. I need to ensure I include examples.","I should clarify that homogeneous mixtures include solutions like saltwater, while heterogeneous mixtures include mixtures like salad or sand and water.","A homogeneous mixture, like saltwater, has a uniform composition throughout, while a heterogeneous mixture, like salad or sand and water, has distinct phases or regions."
What is the difference between a renewable and non-renewable energy source?,"Renewable energy sources, like solar and wind, can be replenished naturally, while non-renewable energy sources, like coal and oil, are finite. I need to ensure I include examples.","I should clarify that renewable energy is sustainable and environmentally friendly, while non-renewable energy contributes to pollution and resource depletion.","Renewable energy sources, like solar and wind, can be replenished naturally and are sustainable, while non-renewable energy sources, like coal and oil, are finite and contribute to pollution and resource depletion."
What is the difference between a physical and chemical property?,"A physical property can be observed or measured without changing the substance's identity, while a chemical property describes how a substance reacts with others. I need to ensure I include examples.","I should clarify that physical properties include color and density, while chemical properties include flammability and reactivity.","A physical property, like color or density, can be observed or measured without changing the substance's identity, while a chemical property, like flammability or reactivity, describes how a substance reacts with others."
What is the difference between a saturated and unsaturated fat?,"Saturated fats have no double bonds between carbon atoms and are solid at room temperature, while unsaturated fats have one or more double bonds and are liquid at room temperature. I need to ensure I include examples.","I should clarify that saturated fats are found in animal products like butter, while unsaturated fats are found in plant oils like olive oil.","Saturated fats, found in animal products like butter, have no double bonds between carbon atoms and are solid at room temperature, while unsaturated fats, found in plant oils like olive oil, have one or more double bonds and are liquid at room temperature."
What is the difference between a primary and secondary consumer in a food chain?,"A primary consumer is an herbivore that eats producers (plants), while a secondary consumer is a carnivore that eats primary consumers. I need to ensure I include examples.","I should clarify that primary consumers include animals like rabbits, while secondary consumers include animals like foxes.","A primary consumer, like a rabbit, is an herbivore that eats producers (plants), while a secondary consumer, like a fox, is a carnivore that eats primary consumers."
What is the difference between a reflex action and a voluntary action?,"A reflex action is an automatic, involuntary response to a stimulus, while a voluntary action is under conscious control. I need to ensure I include examples.","I should clarify that reflex actions include pulling your hand away from a hot surface, while voluntary actions include walking or talking.","A reflex action, like pulling your hand away from a hot surface, is an automatic, involuntary response to a stimulus, while a voluntary action, like walking or talking, is under conscious control."
What is the difference between a concave and convex lens?,"A concave lens is thinner in the middle and diverges light, while a convex lens is thicker in the middle and converges light. I need to ensure I include examples.","I should clarify that concave lenses are used in glasses for nearsightedness, while convex lenses are used in magnifying glasses.","A concave lens, used in glasses for nearsightedness, is thinner in the middle and diverges light, while a convex lens, used in magnifying glasses, is thicker in the middle and converges light."
What is the difference between a renewable and non-renewable resource?,"A renewable resource can be replenished naturally, like solar energy, while a non-renewable resource is finite, like coal. I need to ensure I include examples.","I should clarify that renewable resources are sustainable, while non-renewable resources contribute to environmental degradation.","A renewable resource, like solar energy, can be replenished naturally and is sustainable, while a non-renewable resource, like coal, is finite and contributes to environmental degradation."
What is the difference between a physical and chemical change?,"A physical change alters the form or appearance of a substance without changing its composition, while a chemical change results in a new substance. I need to ensure I include examples.","I should clarify that physical changes include melting ice, while chemical changes include burning wood.","A physical change, like melting ice, alters the form or appearance of a substance without changing its composition, while a chemical change, like burning wood, results in a new substance."
What is the difference between a renewable and non-renewable energy source?,"Renewable energy sources, like solar and wind, can be replenished naturally, while non-renewable energy sources, like coal and oil, are finite. I need to ensure I include examples.","I should clarify that renewable energy is sustainable and environmentally friendly, while non-renewable energy contributes to pollution and resource depletion.","Renewable energy sources, like solar and wind, can be replenished naturally and are sustainable, while non-renewable energy sources, like coal and oil, are finite and contribute to pollution and resource depletion."
What is the difference between a physical and chemical property?,"A physical property can be observed or measured without changing the substance's identity, while a chemical property describes how a substance reacts with others. I need to ensure I include examples.","I should clarify that physical properties include color and density, while chemical properties include flammability and reactivity.","A physical property, like color or density, can be observed or measured without changing the substance's identity, while a chemical property, like flammability or reactivity, describes how a substance reacts with others."
What is the difference between a saturated and unsaturated fat?,"Saturated fats have no double bonds between carbon atoms and are solid at room temperature, while unsaturated fats have one or more double bonds and are liquid at room temperature. I need to ensure I include examples.","I should clarify that saturated fats are found in animal products like butter, while unsaturated fats are found in plant oils like olive oil.","Saturated fats, found in animal products like butter, have no double bonds between carbon atoms and are solid at room temperature, while unsaturated fats, found in plant oils like olive oil, have one or more double bonds and are liquid at room temperature."
What is the difference between a primary and secondary consumer in a food chain?,"A primary consumer is an herbivore that eats producers (plants), while a secondary consumer is a carnivore that eats primary consumers. I need to ensure I include examples.","I should clarify that primary consumers include animals like rabbits, while secondary consumers include animals like foxes.","A primary consumer, like a rabbit, is an herbivore that eats producers (plants), while a secondary consumer, like a fox, is a carnivore that eats primary consumers."
What is the difference between a reflex action and a voluntary action?,"A reflex action is an automatic, involuntary response to a stimulus, while a voluntary action is under conscious control. I need to ensure I include examples.","I should clarify that reflex actions include pulling your hand away from a hot surface, while voluntary actions include walking or talking.","A reflex action, like pulling your hand away from a hot surface, is an automatic, involuntary response to a stimulus, while a voluntary action, like walking or talking, is under conscious control."
What is the difference between a concave and convex lens?,"A concave lens is thinner in the middle and diverges light, while a convex lens is thicker in the middle and converges light. I need to ensure I include examples.","I should clarify that concave lenses are used in glasses for nearsightedness, while convex lenses are used in magnifying glasses and cameras.","A concave lens, used in glasses for nearsightedness, is thinner in the middle and diverges light, while a convex lens, used in magnifying glasses and cameras, is thicker in the middle and converges light."
What is the difference between a renewable and non-renewable resource?,"A renewable resource can be replenished naturally, like solar energy, while a non-renewable resource is finite, like coal. I need to ensure I include examples.","I should clarify that renewable resources are sustainable and environmentally friendly, while non-renewable resources contribute to pollution and resource depletion.","A renewable resource, like solar energy, can be replenished naturally and is sustainable, while a non-renewable resource, like coal, is finite and contributes to pollution and resource depletion."
What is the difference between a physical and chemical change?,"A physical change alters the form or appearance of a substance without changing its composition, while a chemical change results in a new substance. I need to ensure I include examples.","I should clarify that physical changes include melting ice, while chemical changes include burning wood.","A physical change, like melting ice, alters the form or appearance of a substance without changing its composition, while a chemical change, like burning wood, results in a new substance."
What is the difference between a renewable and non-renewable energy source?,"Renewable energy sources, like solar and wind, can be replenished naturally, while non-renewable energy sources, like coal and oil, are finite. I need to ensure I include examples.","I should clarify that renewable energy is sustainable and environmentally friendly, while non-renewable energy contributes to pollution and resource depletion.","Renewable energy sources, like solar and wind, can be replenished naturally and are sustainable, while non-renewable energy sources, like coal and oil, are finite and contribute to pollution and resource depletion."
What is the difference between a physical and chemical property?,"A physical property can be observed or measured without changing the substance's identity, while a chemical property describes how a substance reacts with others. I need to ensure I include examples.","I should clarify that physical properties include color and density, while chemical properties include flammability and reactivity.","A physical property, like color or density, can be observed or measured without changing the substance's identity, while a chemical property, like flammability or reactivity, describes how a substance reacts with others."
What is the difference between a saturated and unsaturated fat?,"Saturated fats have no double bonds between carbon atoms and are solid at room temperature, while unsaturated fats have one or more double bonds and are liquid at room temperature. I need to ensure I include examples.","I should clarify that saturated fats are found in animal products like butter, while unsaturated fats are found in plant oils like olive oil.","Saturated fats, found in animal products like butter, have no double bonds between carbon atoms and are solid at room temperature, while unsaturated fats, found in plant oils like olive oil, have one or more double bonds and are liquid at room temperature."
What is the difference between a primary and secondary consumer in a food chain?,"A primary consumer is an herbivore that eats producers (plants), while a secondary consumer is a carnivore that eats primary consumers. I need to ensure I include examples.","I should clarify that primary consumers include animals like rabbits, while secondary consumers include animals like foxes.","A primary consumer, like a rabbit, is an herbivore that eats producers (plants), while a secondary consumer, like a fox, is a carnivore that eats primary consumers."
What is the difference between a reflex action and a voluntary action?,"A reflex action is an automatic, involuntary response to a stimulus, while a voluntary action is under conscious control. I need to ensure I include examples.","I should clarify that reflex actions include pulling your hand away from a hot surface, while voluntary actions include walking or talking.","A reflex action, like pulling your hand away from a hot surface, is an automatic, involuntary response to a stimulus, while a voluntary action, like walking or talking, is under conscious control."
What is the difference between a concave and convex lens?,"A concave lens is thinner in the middle and diverges light, while a convex lens is thicker in the middle and converges light. I need to ensure I include examples.","I should clarify that concave lenses are used in glasses for nearsightedness, while convex lenses are used in magnifying glasses and cameras.","A concave lens, used in glasses for nearsightedness, is thinner in the middle and diverges light, while a convex lens, used in magnifying glasses and cameras, is thicker in the middle and converges light."
What is the difference between a renewable and non-renewable resource?,"A renewable resource can be replenished naturally, like solar energy, while a non-renewable resource is finite, like coal. I need to ensure I include examples.","I should clarify that renewable resources are sustainable and environmentally friendly, while non-renewable resources contribute to pollution and resource depletion.","A renewable resource, like solar energy, can be replenished naturally and is sustainable, while a non-renewable resource, like coal, is finite and contributes to pollution and resource depletion."
What is the difference between a physical and chemical change?,"A physical change alters the form or appearance of a substance without changing its composition, while a chemical change results in a new substance. I need to ensure I include examples.","I should clarify that physical changes include melting ice, while chemical changes include burning wood.","A physical change, like melting ice, alters the form or appearance of a substance without changing its composition, while a chemical change, like burning wood, results in a new substance."
What is the difference between a renewable and non-renewable energy source?,"Renewable energy sources, like solar and wind, can be replenished naturally, while non-renewable energy sources, like coal and oil, are finite. I need to ensure I include examples.","I should clarify that renewable energy is sustainable and environmentally friendly, while non-renewable energy contributes to pollution and resource depletion.","Renewable energy sources, like solar and wind, can be replenished naturally and are sustainable, while non-renewable energy sources, like coal and oil, are finite and contribute to pollution and resource depletion."
What is the difference between a physical and chemical property?,"A physical property can be observed or measured without changing the substance's identity, while a chemical property describes how a substance reacts with others. I need to ensure I include examples.","I should clarify that physical properties include color and density, while chemical properties include flammability and reactivity.","A physical property, like color or density, can be observed or measured without changing the substance's identity, while a chemical property, like flammability or reactivity, describes how a substance reacts with others."
What is the difference between a saturated and unsaturated fat?,"Saturated fats have no double bonds between carbon atoms and are solid at room temperature, while unsaturated fats have one or more double bonds and are liquid at room temperature. I need to ensure I include examples.","I should clarify that saturated fats are found in animal products like butter, while unsaturated fats are found in plant oils like olive oil.","Saturated fats, found in animal products like butter, have no double bonds between carbon atoms and are solid at room temperature, while unsaturated fats, found in plant oils like olive oil, have one or more double bonds and are liquid at room temperature."
What is the difference between a primary and secondary consumer in a food chain?,"A primary consumer is an herbivore that eats producers (plants), while a secondary consumer is a carnivore that eats primary consumers. I need to ensure I include examples.","I should clarify that primary consumers include animals like rabbits, while secondary consumers include animals like foxes.","A primary consumer, like a rabbit, is an herbivore that eats producers (plants), while a secondary consumer, like a fox, is a carnivore that eats primary consumers."
